扎兰屯职业学校（卫校）,教学综合楼A梯,沈阳三洋电梯,乘客电梯,30001507000748,,沈阳三洋电梯有限公司,2011-7-16,11-PA-E-2794,VF210,曳引驱动,8,8,8,1000,1,2018-3-25,扎兰屯职业学院（雅鲁校区）,,,
扎兰屯职业学校（卫校）,教学综合楼,沈阳三洋电梯,乘客电梯,30001507000749,,沈阳三洋电梯有限公司,2011-7-16,11-PA-E-2795,VF210,曳引驱动,8,8,8,1000,1,2018-3-25,扎兰屯,,,
扎兰屯瑞琪口腔门诊,1#,沈阳三洋电梯,乘客电梯,31101507832018040002,,沈阳三洋电梯有限公司,2016-9-9,TS160042016090166,K430,曳引驱动,2,2,2,800,1,2018-1-13,扎兰屯市,,,
阿荣旗水岸名居B区,4#楼2单元,沈阳三洋电梯,乘客电梯,31101507212018050005,,沈阳三洋电梯有限公司,2016-9-14,2016-20088A04,K420,曳引驱动,7,7,7,800,1,2017-11-23,阿荣旗,,,
阿荣旗水岸名居B区,4#楼1单元,沈阳三洋电梯,乘客电梯,31101507212018050004,,沈阳三洋电梯有限公司,2016-9-14,2016-20088A01,K420,曳引驱动,7,7,7,800,1,2017-11-23,阿荣旗,,,
阿荣旗水岸名居B区,3#楼2单元,沈阳三洋电梯,乘客电梯,31101507212018050003,,沈阳三洋电梯有限公司,2016-9-14,2016-20088A02,K420,曳引驱动,7,7,7,800,1,2017-11-23,阿荣旗,,,
阿荣旗水岸名居B区,3#楼1单元,沈阳三洋电梯,乘客电梯,31101507212018050002,,,2016-9-14,2016-20088A03,K420,曳引驱动,7,7,7,800,1,2017-11-23,阿荣旗水岸名居,,,
牙克石皇骐房地产开发有限公司（林海家园）,16#楼2单元,怡达快速电梯有限公司,乘客电梯,31101507822018050008,,,2015-10-9,E060036.2,EKJ30,曳引驱动,11,11,11,800,1,2017-9-15,牙克石林海家园,,,
牙克石皇骐房地产开发有限公司（林海家园）,16#楼1单元,怡达快速电梯有限公司,乘客电梯,31101507822018050007,,沈阳三洋电梯有限公司,2015-10-9,E060036.1,EKJ30,曳引驱动,11,11,11,800,1,2017-9-15,牙克石林海家园,,,
根河客运站住宅楼,蓝莓小镇酒店1#,沈阳三洋电梯,乘客电梯,31101507852018040001,,沈阳三洋电梯有限公司,2017-4-7,2016-20110A01,VF330,曳引驱动,7,7,7,1000,1,2017-9-12,根河市,,,
根河客运站住宅楼,1单元,沈阳三洋电梯,乘客电梯,31101507852018040002,,沈阳三洋电梯有限公司,2017-6-23,2016-20111A06,K430,曳引驱动,7,7,7,630,1,2018-2-28,根河市,,,
根河客运站住宅楼,2单元,沈阳三洋电梯,乘客电梯,31101507852018040003,,沈阳三洋电梯有限公司,2017-6-23,2016-20111A05,K430,曳引驱动,7,7,7,630,1,2018-2-28,根河市,,,
根河客运站住宅楼,3单元,沈阳三洋电梯,乘客电梯,31101507852018040004,,沈阳三洋电梯有限公司,2017-6-23,2016-20111A04,K430,曳引驱动,7,7,7,630,1,2018-2-28,根河市,,,
根河客运站住宅楼,4单元,沈阳三洋电梯,乘客电梯,31101507852018040005,,沈阳三洋电梯有限公司,2017-4-7,2016-20111A01,K430,曳引驱动,7,7,7,630,1,2018-2-28,根河市,,,
根河客运站住宅楼,5单元,沈阳三洋电梯,乘客电梯,31101507852018040006,,沈阳三洋电梯有限公司,2017-4-7,2016-20111A02,K430,曳引驱动,7,7,7,630,1,2018-2-28,根河市,,,
根河客运站住宅楼,6单元,沈阳三洋电梯,乘客电梯,31101507852018040007,,沈阳三洋电梯有限公司,2017-4-7,2016-20111A03,K430,曳引驱动,7,7,7,630,1,2018-2-28,根河市,,,
根河客运站住宅楼,7单元,沈阳三洋电梯,乘客电梯,31101507852018040008,,沈阳三洋电梯有限公司,2017-6-23,2016-20112A01,K430,曳引驱动,6,6,6,630,1,2018-2-28,根河市蓝莓小区,,,
扎兰屯七星水悦洗浴歌厅,1#,快客,乘客电梯,31101507832018040001,,,2017-5-27,K17002917,KTW-1000-1.0,曳引驱动,4,4,4,1000,1,2017-7-18,盛和水荟洗浴宾馆,,,
扎兰屯滨河水岸三期,B5#楼3单元,沈阳三洋电梯,乘客电梯,2017200049A07,,沈阳三洋电梯有限公司,,2017200049A07,VF320,曳引驱动,7,7,7,630,1,2018-1-21,扎兰屯市,,,
扎兰屯滨河水岸三期,A4#楼4单元,沈阳三洋电梯,乘客电梯,2017200049A01,,沈阳三洋电梯有限公司,,2017200049A01,VF320,曳引驱动,7,7,7,630,1,2018-1-21,扎兰屯市,,,
扎兰屯滨河水岸三期,A4#楼2单元,沈阳三洋电梯,乘客电梯,2017200049A03,,沈阳三洋电梯有限公司,2017-9-4,2017200049A03,VF320,曳引驱动,7,7,7,630,1,2018-1-21,扎兰屯市,,,
扎兰屯滨河水岸三期,B10#楼3单元,沈阳三洋电梯,乘客电梯,2017200049A11,,沈阳三洋电梯有限公司,2017-9-4,2017200049A11,VF320,曳引驱动,7,7,7,630,1,2018-1-21,扎兰屯市,,,
扎兰屯滨河水岸三期,B10#楼5单元,沈阳三洋电梯,乘客电梯,2017200049A13,,沈阳三洋电梯有限公司,2017-9-4,2017200049A13,VF320,曳引驱动,7,7,7,630,1,2018-1-21,扎兰屯市,,,
扎兰屯滨河水岸三期,B10#楼4单元,沈阳三洋电梯,乘客电梯,2017200049A12,,沈阳三洋电梯有限公司,2017-9-4,2017200049A12,VF320,曳引驱动,7,7,7,630,1,2018-1-21,扎兰屯市,,,
扎兰屯滨河水岸三期,B10#楼2单元,沈阳三洋电梯,乘客电梯,2017200049A10,,沈阳三洋电梯有限公司,2017-9-4,2017200049A10,VF320,曳引驱动,7,7,7,630,1,2018-1-21,扎兰屯市,,,
扎兰屯滨河水岸三期,B5#楼5单元,沈阳三洋电梯,乘客电梯,2017200049A09,,沈阳三洋电梯有限公司,2017-9-4,2017200049A09,VF320,曳引驱动,7,7,7,,1,2018-1-21,扎兰屯市,,,
扎兰屯滨河水岸三期,B5#楼4单元,沈阳三洋电梯,乘客电梯,2017200049A08,,沈阳三洋电梯有限公司,2017-9-4,2017200049A08,VF320,曳引驱动,7,7,7,,1,2018-1-21,扎兰屯市,,,
扎兰屯滨河水岸三期,B5#楼2单元,沈阳三洋电梯,乘客电梯,2017200049A06,,沈阳三洋电梯有限公司,2017-9-4,2017200049A06,VF320,曳引驱动,7,7,7,,1,2018-1-21,扎兰屯市,,,
扎兰屯滨河水岸三期,A4#楼3单元,沈阳三洋电梯,乘客电梯,2017200049A02,,沈阳三洋电梯有限公司,2017-9-4,2017200049A02,VF320,曳引驱动,,,,,1,2018-1-21,扎兰屯市,,,
扎兰屯滨河水岸三期,B5#楼1单元,沈阳三洋电梯,乘客电梯,2017200049A05,,沈阳三洋电梯有限公司,2017-9-4,2017200049A05,VF320,曳引驱动,7,7,7,,1,2018-1-21,扎兰屯市,,,
扎兰屯滨河水岸三期,A4#楼1单元,沈阳三洋电梯,乘客电梯,2017200049A04,,沈阳三洋电梯有限公司,2017-9-4,,VF320,曳引驱动,7,7,7,,1,2018-1-21,扎兰屯市,,,
扎兰屯首创房地产（滨河水岸）,B10#1单元,沈阳三洋电梯,乘客电梯,13-PA-E-2009,,沈阳三洋电梯有限公司,2013-4-23,,VF320,曳引驱动,,,,,1,2017-2-23,扎兰屯,,,
陈旗维丽斯大酒店,1#,沈阳三洋电梯,乘客电梯,31101507252510120001,,沈阳三洋电梯有限公司,2015-7-20,201520012,VF330,曳引驱动,,,,,1,2018-1-20,陈旗,,,
额尔古纳云海小区,1,怡达快速电梯有限公司,乘客电梯,E120007,,,2015-12-25,E120007,EKJ30,曳引驱动,6,6,6,,1,2016-6-20,额尔古纳,,,
新巴尔虎左旗交警大队住宅楼二期工程,4单元,沈阳三洋电梯,乘客电梯,31101507262018020004,,沈阳三洋电梯有限公司,2016-10-21,TS 1520058A42016100259,VF330,曳引驱动,7,7,7,,1,2018-1-25,东旗,,,
新巴尔虎左旗交警大队住宅楼二期工程,3单元,沈阳三洋电梯,乘客电梯,31101507262018020003,,沈阳三洋电梯有限公司,2015-10-21,TS 1520058A32016100258,VF330,曳引驱动,7,7,7,,1,2018-1-25,东旗,,,
新巴尔虎左旗交警大队住宅楼二期工程,1单元,沈阳三洋电梯,乘客电梯,31101507262018020001,,沈阳三洋电梯有限公司,2016-10-21,TS1520058A12016100256,VF330,曳引驱动,7,7,7,,1,2018-1-25,东旗,,,
新巴尔虎左旗交警大队住宅楼二期工程,2单元,沈阳三洋电梯,乘客电梯,31101507262018020002,,沈阳三洋电梯有限公司,2016-10-21,TS 1520058A22016100257,VF330,曳引驱动,7,7,7,,1,2018-1-25,东旗,,,
远山红郡1,9#楼2单元左侧,沈阳三洋电梯,乘客电梯,31101507022018050050,,沈阳三洋电梯有限公司,2016-6-6,TS1426009A42016050501,VF320-17/17-1000/1.75,曳引驱动,17,17,17,,1.75,2017-10-17,海拉尔东山（北部）组团杏林路西侧、规划二街南侧,,,
远山红郡1,10#楼1单元-2,沈阳三洋电梯,乘客电梯,31101507022017120108,,沈阳三洋电梯有限公司,2016-6-6,TS1426009A32016050500,VF320-17/17-1000/1.75,曳引驱动,17,17,17,,1.75,2018-2-7,海拉尔东山（北部）组团杏林路西侧、规划二街南侧,,,
远山红郡1,9#楼1单元左侧,沈阳三洋电梯,乘客电梯,31101507022018050048,,沈阳三洋电梯有限公司,2016-6-6,TS1426009A22016050499,VF320-17/17-1000/1.75,曳引驱动,17,17,17,,1.75,2017-10-17,海拉尔东山（北部）组团杏林路西侧、规划二街南侧,,,
远山红郡1,10#楼2单元-2,沈阳三洋电梯,乘客电梯,31101507022017120110,,沈阳三洋电梯有限公司,2016-6-6,TS6009A12016050498,VF320-17/17-1000/1.75,曳引驱动,17,17,17,,1.75,2018-2-7,海拉尔东山（北部）组团杏林路西侧、规划二街南侧,,,
远山红郡1,9#楼1单元右侧,沈阳三洋电梯,乘客电梯,31101057022018050047,,沈阳三洋电梯有限公司,2016-6-6,TS1426008A42016050497,VF320-18/18-1000/1.75,曳引驱动,18,18,18,,1.75,2017-10-17,海拉尔东山（北部）组团杏林路西侧、规划二街南侧,,,
远山红郡1,10#楼1单元-1,沈阳三洋电梯,乘客电梯,31101507022017120109,,沈阳三洋电梯有限公司,2016-6-6,TS1426008A32016050496,VF320-18/18-1000/1.75,曳引驱动,18,18,18,,1.75,2018-2-7,海拉尔东山（北部）组团杏林路西侧、规划二街南侧,,,
远山红郡1,9#楼2单元右侧,沈阳三洋电梯,乘客电梯,31101507022018050049,,沈阳三洋电梯有限公司,2016-6-6,TS1426008A22016050495,VF320-18/18-1000/1.75,曳引驱动,18,18,18,,1.75,2017-10-17,海拉尔东山（北部）组团杏林路西侧、规划二街南侧,,,
远山红郡1,10#楼2单元-1,沈阳三洋电梯,乘客电梯,31101507022017120111,,沈阳三洋电梯有限公司,2016-6-6,TS1426008A12016050494,VF320-18/18-1000/1.75,曳引驱动,18,18,18,,1.75,2018-2-7,海拉尔东山（北部）组团杏林路西侧、规划二街南侧,,,
山水嘉园,11号楼2单元,沈阳三洋电梯,乘客电梯,31101507832017010033,,沈阳三洋电梯有限公司,2015-7-10,2015-2100,VF320,曳引驱动,6,6,6,,1.5,2017-12-26,扎兰屯,,,
山水嘉园,6号楼1单元,沈阳三洋电梯,乘客电梯,31101507832017010022,,沈阳三洋电梯有限公司,2015-7-28,2015-20009A1,VF320,曳引驱动,6,6,6,,1,2017-12-26,扎兰屯,,,
山水嘉园,5号楼2单元,沈阳三洋电梯,乘客电梯,31101507832017010020,,沈阳三洋电梯有限公司,2015-7-10,2015-20008A2,VF320,曳引驱动,6,6,6,,1,2017-12-26,扎兰屯,,,
山水嘉园,5号楼1单元,沈阳三洋电梯,乘客电梯,31101507832017010019,,沈阳三洋电梯有限公司,2015-7-10,2015-20008A1,VF320,曳引驱动,6,6,6,,1,2017-12-26,扎兰屯,,,
山水嘉园,15号楼3单元,沈阳三洋电梯,乘客电梯,31101507832017010038,,沈阳三洋电梯有限公司,,2015-20008A16,VF320,曳引驱动,6,6,6,,1,2017-12-26,扎兰屯,,,
山水嘉园,20号楼2单元,沈阳三洋电梯,乘客电梯,31101507832017010042,,沈阳三洋电梯有限公司,2016-2-25,2015-20008A13,VF320,曳引驱动,6,6,6,,1,2017-12-26,扎兰屯,,,
山水嘉园,19号楼2单元,沈阳三洋电梯,乘客电梯,31101507832017010040,,沈阳三洋电梯有限公司,2016-8-30,2015-20008A18,VF320,曳引驱动,,,,,1,2017-12-26,扎兰屯,,,
山水嘉园,19号楼1单元,沈阳三洋电梯,乘客电梯,31101507832017010039,,沈阳三洋电梯有限公司,2016-8-30,2015-20008A17,VF320,曳引驱动,6,6,6,,1,2017-12-26,扎兰屯,,,
山水嘉园,15号楼1单元,沈阳三洋电梯,乘客电梯,31101507832017010036,,沈阳三洋电梯有限公司,2016-8-30,2015-20008A14,VF320,曳引驱动,6,6,6,,1,2017-12-26,扎兰屯,,,
山水嘉园,15号楼2单元,沈阳三洋电梯,乘客电梯,31101507832017010037,,沈阳三洋电梯有限公司,2016-8-30,2015--20008A15,VF320,曳引驱动,6,6,6,,1,2017-12-26,扎兰屯,,,
扎兰屯首创房地产（滨河水岸）,2#号楼2单元,沈阳三洋电梯,乘客电梯,30001507000154,,沈阳三洋电梯有限公司,2010-6-15,2010-2034A,VF320CFT,曳引驱动,7,7,7,,1,2016-5-18,扎兰屯,,,
扎兰屯首创房地产（滨河水岸）,2#号楼1单元,沈阳三洋电梯,乘客电梯,30001507000155,,沈阳三洋电梯有限公司,2010-6-16,2010-2034C,VF320CFT,曳引驱动,7,7,7,,1,2016-5-18,扎兰屯,,,
扎兰屯首创房地产（滨河水岸）,2#3单元,沈阳三洋电梯,乘客电梯,30001507000153,,沈阳三洋电梯有限公司,2010-6-16,2010-2034B,VF320CFT,曳引驱动,7,7,7,,1,2016-5-18,扎兰屯,,,
伊敏河镇金茂祥商务酒店,伊敏,沈阳三洋电梯,乘客电梯,31101507242017050001,,沈阳三洋电梯有限公司,2016-5-14,,VF330-5/5-800KG-1.0,曳引驱动,5,5,5,,1,2016-5-14,伊敏,,,
山水嘉园,20号楼3单元,沈阳三洋电梯,乘客电梯,31101507832017010043,,沈阳三洋电梯有限公司,2016-2-25,,VF320,曳引驱动,6,6,6,,1,2017-12-26,扎兰屯,,,
远山红郡1,6#楼1单元,沈阳三洋电梯,乘客电梯,31101507022017120102,,沈阳三洋电梯有限公司,2015-9-19,,VF320-8/8-1000/1.5,曳引驱动,,,,,1.5,2018-2-7,海拉尔东山（北部）组团杏林路西侧、规划二街南侧,,,
远山红郡1,3#楼1单元,沈阳三洋电梯,乘客电梯,31101507022017120096,,沈阳三洋电梯有限公司,2015-9-19,,VF320-8/8-1000/1.5,曳引驱动,8,8,8,,1.5,2018-2-7,海拉尔东山（北部）组团杏林路西侧、规划二街南侧,,,
远山红郡1,8#楼2单元,沈阳三洋电梯,乘客电梯,31101507022017120107,,沈阳三洋电梯有限公司,2015-9-19,,VF330-8/8-800/1.5,曳引驱动,,,,,1.5,2018-2-7,海拉尔东山（北部）组团杏林路西侧、规划二街南侧,,,
远山红郡1,3#楼2单元,沈阳三洋电梯,乘客电梯,31101507022017120097,,沈阳三洋电梯有限公司,2015-9-19,,VF320-8/8-1000/1.5,曳引驱动,8,8,8,,1.5,2018-2-7,海拉尔东山（北部）组团杏林路西侧、规划二街南侧,,,
远山红郡1,8#楼1单元,沈阳三洋电梯,乘客电梯,31101507022017120106,,沈阳三洋电梯有限公司,2015-9-19,,VF330-8/8-800/1.5,曳引驱动,,,,,1.5,2018-2-7,海拉尔东山（北部）组团杏林路西侧、规划二街南侧,,,
远山红郡1,6#楼2单元,沈阳三洋电梯,乘客电梯,31101507022017120103,,沈阳三洋电梯有限公司,2015-9-19,,VF320-8/8-1000/1.5,曳引驱动,8,8,8,,1.5,2018-2-7,海拉尔东山（北部）组团杏林路西侧、规划二街南侧,,,
远山红郡1,2#楼1单元,沈阳三洋电梯,乘客电梯,31101507022017120094,,沈阳三洋电梯有限公司,2016-4-19,,VF320-12/12-1000/1.5,曳引驱动,,,,,1.5,2018-2-7,海拉尔东山（北部）组团杏林路西侧、规划二街南侧,,,
远山红郡1,2#楼2单元,沈阳三洋电梯,乘客电梯,31101507022017120095,,沈阳三洋电梯有限公司,2016-4-19,,VF320-12/12-1000/1.5,曳引驱动,12,12,12,,1.5,2018-2-7,海拉尔东山（北部）组团杏林路西侧、规划二街南侧,,,
远山红郡1,4#楼1单元,沈阳三洋电梯,乘客电梯,31101507022017120098,,沈阳三洋电梯有限公司,2016-4-19,,VF320-12/12-1000-1.5,曳引驱动,,,,,1.5,2018-2-7,海拉尔东山（北部）组团杏林路西侧、规划二街南侧,,,
远山红郡1,4#楼2单元,沈阳三洋电梯,乘客电梯,31101507022017120099,,沈阳三洋电梯有限公司,2016-4-19,,VF320-12/12-1000/1.5,曳引驱动,12,12,12,,1.5,2018-2-7,海拉尔东山（北部）组团杏林路西侧、规划二街南侧,,,
远山红郡1,1#楼1单元,沈阳三洋电梯,乘客电梯,31101507022017120092,,沈阳三洋电梯有限公司,2016-4-19,,VF320-12/12-1000/1.5,曳引驱动,12,12,12,,1.5,2018-2-7,海拉尔东山（北部）组团杏林路西侧、规划二街南侧,,,
远山红郡1,5#楼1单元,沈阳三洋电梯,乘客电梯,31101507022017120100,,沈阳三洋电梯有限公司,2016-4-19,,VF320-12/12-1000/1.5,曳引驱动,12,12,12,,1.5,2018-2-7,海拉尔东山（北部）组团杏林路西侧、规划二街南侧,,,
远山红郡1,1#楼2单元,沈阳三洋电梯,乘客电梯,31101507022017120093,,沈阳三洋电梯有限公司,2016-4-19,,VF320-12/12-1000/1.5,曳引驱动,12,12,12,,1.5,2018-2-7,海拉尔东山（北部）组团杏林路西侧、规划二街南侧,,,
远山红郡1,7#楼1单元,沈阳三洋电梯,乘客电梯,31101507022017120104,,沈阳三洋电梯有限公司,2016-4-19,,VF320-12/12-1000/1.5,曳引驱动,12,12,12,,1.5,2018-2-7,海拉尔东山（北部）组团杏林路西侧、规划二街南侧,,,
远山红郡1,5#楼2单元,沈阳三洋电梯,乘客电梯,31101507022017120101,,沈阳三洋电梯有限公司,2016-4-19,,VF320-12/12-1000/1.5,曳引驱动,12,12,12,,1.5,2018-2-7,海拉尔东山（北部）组团杏林路西侧、规划二街南侧,,,
远山红郡1,7#楼2单元,沈阳三洋电梯,乘客电梯,31101507022017120105,,沈阳三洋电梯有限公司,2016-4-19,,VF320-12/12-1000/1.5,曳引驱动,12,12,12,,1.5,2018-2-7,海拉尔东山（北部）组团杏林路西侧、规划二道街南侧,,,
呼伦贝尔市中心城区公共租赁住房（老年公寓）,集合公寓,上海爱登堡电梯股份有限公司,乘客电梯,31101507022018020045,,,2012-7-15,,EDL-508K- II / VF-800/1.5,曳引驱动,16,16,16,,1.5,2018-1-17,海拉尔,,,
呼伦贝尔市中心城区公共租赁住房（老年公寓）,集合公寓,上海爱登堡电梯股份有限公司,乘客电梯,31101507022018020043,,,2012-7-15,,EDL-508B/ VF-1600 / 1.0,曳引驱动,16,16,16,,1,2018-1-17,海拉尔,,,
呼伦贝尔市中心城区公共租赁住房（老年公寓）,集合公寓（西）,上海爱登堡电梯股份有限公司,乘客电梯,31101507022018020046,,,2012-7-15,,EDL-508K- II / VF-800/1.0,曳引驱动,4,4,4,,1,2018-1-17,海拉尔,,,
呼伦贝尔市中心城区公共租赁住房（老年公寓）,集合公寓（东）,上海爱登堡电梯股份有限公司,乘客电梯,31101507022018020044,,,,,EDL-508K- II / VF-800 / 1.0,曳引驱动,4,4,4,,1,2018-1-17,海拉尔,,,
呼伦贝尔市中心城区公共租赁住房（老年公寓）,会所（右）,上海爱登堡电梯股份有限公司,乘客电梯,31101507022018020070,,,2012-7-15,,EDL-508K-II / VF-800/1.0,曳引驱动,3,3,3,,1,2018-1-17,海拉尔,,,
呼伦贝尔市中心城区公共租赁住房（老年公寓）,会所（左）,上海爱登堡电梯股份有限公司,乘客电梯,31101507022018020071,,,2012-7-15,,EDL-508K- II / VF-800/1.0,曳引驱动,3,3,3,,1,2018-1-17,海拉尔,,,
呼伦贝尔市中心城区公共租赁住房（老年公寓）,2#楼3单元,上海爱登堡电梯股份有限公司,乘客电梯,31101507022018020052,,,2012-7-15,,EDL-508K- II / VF-800/1.5,曳引驱动,19,19,19,,1.5,2018-1-17,海拉尔,,,
呼伦贝尔市中心城区公共租赁住房（老年公寓）,2#楼2单元,上海爱登堡电梯股份有限公司,乘客电梯,31101507022018020051,,,2012-7-15,,EDL-508K- II / VF-800 /1.5,曳引驱动,,,,,1.5,2018-1-17,海拉尔,,,
呼伦贝尔市中心城区公共租赁住房（老年公寓）,2#楼1单元,上海爱登堡电梯股份有限公司,乘客电梯,31101507022018020050,,,2012-7-15,,EDL-508K- II / VF-800/1.5,曳引驱动,19,19,19,,1.5,2018-1-17,海拉尔,,,
呼伦贝尔市中心城区公共租赁住房（老年公寓）,3#楼3单元,上海爱登堡电梯股份有限公司,乘客电梯,31101507022018020055,,,2012-7-15,,EDL-508K- II / VF-800/1.5,曳引驱动,19,19,19,,1.5,2018-1-17,海拉尔,,,
呼伦贝尔市中心城区公共租赁住房（老年公寓）,3#楼2单元,上海爱登堡电梯股份有限公司,乘客电梯,31101507022018020054,,,2012-7-15,,EDL-508K-II/VF-800/1.5,曳引驱动,19,19,19,,1.5,2018-1-17,海拉尔,,,
呼伦贝尔市中心城区公共租赁住房（老年公寓）,3#楼1单元,上海爱登堡电梯股份有限公司,乘客电梯,31101507022018020053,,,2012-7-15,,EDL-508K-II/VF-800/1.5,曳引驱动,19,19,19,,1.5,2018-1-17,海拉尔,,,
扎兰屯市老干部活动中心,老干部活动中心,沈阳三洋电梯,乘客电梯,31101507832015100001,,沈阳三洋电梯有限公司,2015-5-13,,VFB320,曳引驱动,4,4,4,,1,2016-7-30,扎兰屯市,,,
鄂温克旗人民医院,鄂温克旗人民医院杂物梯,沈阳三洋电梯,杂物电梯,31701507242010120002,,沈阳三洋电梯有限公司,,10-MR-L-1190,VFB330,曳引驱动,6,6,6,,1,2015-12-30,鄂温克旗,,,
鄂温克旗人民医院,鄂温克旗人民医院住院部北侧,沈阳三洋电梯,医用电梯,31701507242010120003,,沈阳三洋电梯有限公司,,10-HO-E-1055,VFB320,曳引驱动,4,4,4,,1,2015-12-30,鄂温克旗,,,
鄂温克旗人民医院,鄂温克旗人民医院住院部南侧,沈阳三洋电梯,医用电梯,31101507242010120002,,沈阳三洋电梯有限公司,,10-HO-E-1047,VFB320,曳引驱动,7,7,7,,1,2015-12-30,鄂温克旗,,,
鄂温克旗人民医院,鄂温克旗人民医院门诊楼北侧,沈阳三洋电梯,医用电梯,31701507242010120001,,沈阳三洋电梯有限公司,,10-PA-E-2281,VF320,曳引驱动,5,5,5,,1,2015-12-30,鄂温克旗,,,
鄂温克旗人民医院,鄂温克旗人民医院门诊楼南侧,沈阳三洋电梯,医用电梯,31101507242010120001,,沈阳三洋电梯有限公司,,10-PA-E-2088,VF320,曳引驱动,5,5,5,,1,2015-12-30,鄂温克旗,,,
牙克石民政局,牙克石民政局,沈阳三洋电梯,乘客电梯,31101507822010120004,,沈阳三洋电梯有限公司,,,VF320,曳引驱动,,,,,1,2016-3-3,牙克石,,,
牙克石医保局,牙克石医保局,沈阳三洋电梯,乘客电梯,31101507822017030007,,沈阳三洋电梯有限公司,,,VF320,曳引驱动,,,,,1,2016-3-3,牙克石,,,
陈旗法院,陈旗法院内,沈阳三洋电梯,乘客电梯,30001507000595,,沈阳三洋电梯有限公司,,,VF320,曳引驱动,8,8,8,,1,2016-3-3,陈旗,,,
宝矿华联酒店,宝矿华联酒店内,沈阳三洋电梯,乘客电梯,30001507001065,,沈阳三洋电梯有限公司,,,VF330,曳引驱动,5,5,5,,1,2018-4-10,宝矿,,,
华汇购物广场,商场内观光梯,沈阳三洋电梯,观光电梯,30001507000037,,沈阳三洋电梯有限公司,2008-7-25,,SANYO-VF320,曳引驱动,6,6,6,,1,2016-3-9,海拉尔中央大街,,,
华汇购物广场,商场内一期西侧,沈阳三洋电梯,乘客电梯,30001507000036,,沈阳三洋电梯有限公司,2008-7-25,,SANYO-VF320,曳引驱动,7,7,7,,1,2016-3-9,海拉尔中央大街,,,
华汇购物广场,商场内一期东侧,沈阳三洋电梯,乘客电梯,30001507000038,,沈阳三洋电梯有限公司,2008-7-25,,SANYO-VF320,曳引驱动,7,7,7,,1,2016-3-9,海拉尔中央大街,,,
华汇购物广场,商场内一期货梯,沈阳三洋电梯,载货电梯,30001507000040,,沈阳三洋电梯有限公司,2008-7-25,,SANYO-H,曳引驱动,8,8,8,,1,2016-3-9,海拉尔中央大街,,,
华汇购物广场,商场内二期客梯,沈阳三洋电梯,乘客电梯,30001507000039,,沈阳三洋电梯有限公司,2008-7-1,,SANYO-F,曳引驱动,7,7,7,,1,2016-3-9,海拉尔中央大街,,,
华汇购物广场,商场内1-2层东侧,沈阳三洋电梯,乘客电梯,30001507000062,,沈阳三洋电梯有限公司,2008-7-1,,SANYO-F,曳引驱动,,,,,0.5,2016-3-9,海拉尔中央大街,,,
金碧辉煌2部,金碧辉煌内,沈阳三洋电梯,乘客电梯,31101507022011030001,,沈阳三洋电梯有限公司,,,VF320,曳引驱动,7,7,7,,1,2016-5-10,海拉尔健康街,,,
大雁福利院,大雁福利院内,沈阳三洋电梯,医用电梯,30001507001446,,沈阳三洋电梯有限公司,2012-5-7,,VFB320,曳引驱动,5,5,5,,1,2016-5-8,大雁,,,
海拉尔华德楼实验站,华德楼宾馆内,沈阳三洋电梯,乘客电梯,31101507022010080002,,沈阳三洋电梯有限公司,,,VF320,曳引驱动,6,6,6,,1,2015-10-16,海拉尔,,,
东旗中安之家,东旗中安之家宾馆内,沈阳三洋电梯,乘客电梯,30001507001365,,沈阳三洋电梯有限公司,,,VF320,曳引驱动,7,7,7,,1,2016-5-3,东旗,,,
呼伦贝尔市社会福利院,呼伦贝尔市社会福利院内,沈阳三洋电梯,医用电梯,31101507022010080001,,沈阳三洋电梯有限公司,2013-8-15,2009-2050,VFB330,曳引驱动,6,6,6,,1,2018-4-10,海拉尔,,,
扎兰屯京城商场,京城商场B1-1层右侧,沈阳三洋电梯,乘客电梯,30001507001259,,沈阳三洋电梯有限公司,2012-7-16,,SANYO-F,曳引驱动,,,,,0.2,2017-12-24,扎兰屯,,,
扎兰屯京城商场,京城商场B1-1层左侧,沈阳三洋电梯,乘客电梯,30001507001260,,沈阳三洋电梯有限公司,2012-7-16,,SANYO-F,曳引驱动,,,,,0.5,2017-12-24,扎兰屯,,,
扎兰屯京城商场,京城商场内1-2层右侧,沈阳三洋电梯,乘客电梯,30001507001258,,沈阳三洋电梯有限公司,2012-7-16,,SANYO-F,曳引驱动,,,,,0.5,2017-12-24,扎兰屯,,,
额尔古纳立领宾馆（王成）,立领（王成）宾馆内,沈阳三洋电梯,乘客电梯,30001507001779,,沈阳三洋电梯有限公司,2013-7-4,,VF320,曳引驱动,3,3,3,,1,2016-7-23,额尔古纳,,,
呼伦贝尔大学,2#学生公寓B梯,沈阳三洋电梯,乘客电梯,30001507001063,,沈阳三洋电梯有限公司,2012-9-14,,VF320,曳引驱动,12,12,12,,1.5,2016-12-12,海拉尔,,,
呼伦贝尔大学,2#学生公寓A梯,沈阳三洋电梯,乘客电梯,30001507001061,,沈阳三洋电梯有限公司,2012-9-14,,VF320,曳引驱动,12,12,12,,1.5,2016-12-12,海拉尔,,,
呼伦贝尔大学,1#学生公寓,沈阳三洋电梯,乘客电梯,30001507001060,,沈阳三洋电梯有限公司,2012-8-18,,VF320,曳引驱动,12,12,12,,1.5,2016-12-12,海拉尔,,,
呼伦贝尔大学,1#学生公寓,沈阳三洋电梯,乘客电梯,30001507001062,,沈阳三洋电梯有限公司,2012-8-18,,VF320,曳引驱动,12,12,12,,1.5,2016-12-12,海拉尔,,,
四季悦庭,四季悦庭小区西侧,沈阳三洋电梯,乘客电梯,2013-2101C2,,沈阳三洋电梯有限公司,2014-9-30,,VF320,曳引驱动,17,17,17,,1.5,2016-2-9,海拉尔,,,
四季悦庭,四季悦庭小区东侧,沈阳三洋电梯,乘客电梯,2013-2101C1,,沈阳三洋电梯有限公司,2014-9-30,,VF320,曳引驱动,17,17,17,,1.5,2016-2-9,海拉尔,,,
四季悦庭,伯爵大酒店内B梯,沈阳三洋电梯,乘客电梯,30001507001975,,沈阳三洋电梯有限公司,2014-4-17,,VF320,曳引驱动,7,7,7,,1,2016-7-20,海拉尔,,,
四季悦庭,伯爵大酒店A梯,沈阳三洋电梯,乘客电梯,30001507001977,,沈阳三洋电梯有限公司,2014-4-17,,VF320,曳引驱动,7,7,7,,1,2016-7-20,海拉尔,,,
扎兰屯市雅鲁帝景,雅鲁帝景小区4#楼1单元,沈阳三洋电梯,乘客电梯,31101507832016010001,,沈阳三洋电梯有限公司,2013-10-8,,VF320,曳引驱动,10,10,10,,1.5,2016-4-16,扎兰屯,,,
扎兰屯市雅鲁帝景,雅鲁帝景小区4#楼2单元,沈阳三洋电梯,乘客电梯,31101507832016010002,,沈阳三洋电梯有限公司,2013-10-8,,VF320,曳引驱动,10,10,10,,1.5,2016-4-16,扎兰屯,,,
扎兰屯市雅鲁帝景,雅鲁帝景小区4#楼3单元,沈阳三洋电梯,乘客电梯,31101507832016010003,,沈阳三洋电梯有限公司,2013-10-8,,VF320,曳引驱动,10,10,10,,1.5,2016-4-16,扎兰屯,,,
扎兰屯市雅鲁帝景,雅鲁帝景小区4#楼4单元,沈阳三洋电梯,乘客电梯,31101507832016010004,,沈阳三洋电梯有限公司,2013-10-8,,VF320,曳引驱动,10,10,10,,1.5,2016-4-16,扎兰屯,,,
扎兰屯市雅鲁帝景,雅鲁帝景小区4#楼5单元,沈阳三洋电梯,乘客电梯,31101507832016010005,,沈阳三洋电梯有限公司,2013-10-8,,VF320,曳引驱动,10,10,10,,1.5,2016-4-16,扎兰屯,,,
扎兰屯华林商场,华林商场1#,沈阳三洋电梯,乘客电梯,31101507832015100006,,沈阳三洋电梯有限公司,2013-10-8,,VF320,曳引驱动,8,8,8,,1,2016-4-16,扎兰屯,,,
瑞丰花园（顺意房地产）,瑞丰花园2#楼3单元,沈阳三洋电梯,乘客电梯,31101507832015120013,,沈阳三洋电梯有限公司,2013-9-5,,VF320,曳引驱动,11,11,11,,1.5,2017-12-25,扎兰屯,,,
瑞丰花园（顺意房地产）,瑞丰花园2#楼4单元,沈阳三洋电梯,乘客电梯,31101507832015120012,,沈阳三洋电梯有限公司,2013-9-5,,VF320,曳引驱动,11,11,11,,1.5,2017-12-25,扎兰屯,,,
瑞丰花园（顺意房地产）,瑞丰花园2#楼1单元,沈阳三洋电梯,乘客电梯,31101507832015120010,,沈阳三洋电梯有限公司,2013-9-5,,VF320,曳引驱动,11,11,11,,1.5,2017-12-25,扎兰屯,,,
瑞丰花园（顺意房地产）,瑞丰花园1#楼1单元,沈阳三洋电梯,乘客电梯,31101507832015120007,,沈阳三洋电梯有限公司,2013-9-5,,VF320,曳引驱动,6,6,6,,1.5,2017-12-25,扎兰屯,,,
瑞丰花园（顺意房地产）,瑞丰花园2#楼2单元,沈阳三洋电梯,乘客电梯,31101507832015120011,,沈阳三洋电梯有限公司,2013-9-5,,VF320,曳引驱动,,,,,1.5,2017-12-25,扎兰屯,,,
瑞丰花园（顺意房地产）,瑞丰花园1#楼2单元,沈阳三洋电梯,乘客电梯,31101507832015120008,,沈阳三洋电梯有限公司,2013-9-5,,VF320,曳引驱动,,,,,1.5,2017-12-25,扎兰屯,,,
瑞丰花园（顺意房地产）,瑞丰花园1#楼3单元,沈阳三洋电梯,乘客电梯,31101507832015120009,,沈阳三洋电梯有限公司,2013-9-5,,VF320,曳引驱动,,,,,1.5,2017-12-25,扎兰屯,,,
山水嘉园,12号楼2单元,沈阳三洋电梯,乘客电梯,31101507832017010034,,沈阳三洋电梯有限公司,2015-6-3,,VF320,曳引驱动,11,11,11,,1.5,2017-12-26,扎兰屯,,,
山水嘉园,12号楼1单元,沈阳三洋电梯,乘客电梯,31101507832017010035,,沈阳三洋电梯有限公司,2015-6-3,,VF320,曳引驱动,11,11,11,,1.5,2017-12-26,扎兰屯,,,
山水嘉园,9号楼,沈阳三洋电梯,乘客电梯,31101507832017010029,,沈阳三洋电梯有限公司,2015-6-3,,VF320,曳引驱动,11,11,11,,1.5,2017-12-26,扎兰屯,,,
山水嘉园,8号楼2单元,沈阳三洋电梯,乘客电梯,31101507832017010028,,沈阳三洋电梯有限公司,2015-7-28,,VF320,曳引驱动,6,6,6,,1,2017-12-26,扎兰屯,,,
山水嘉园,8号楼1单元,沈阳三洋电梯,乘客电梯,31101507832017010027,,沈阳三洋电梯有限公司,2015-7-28,,VF320,曳引驱动,6,6,6,,1,2017-12-26,扎兰屯,,,
山水嘉园,6号楼2单元,沈阳三洋电梯,乘客电梯,31101507832017010023,,沈阳三洋电梯有限公司,2015-7-28,,VF320,曳引驱动,6,6,6,,1,2017-12-26,扎兰屯,,,
山水嘉园,20号楼1单元,沈阳三洋电梯,乘客电梯,31101507832017010041,,沈阳三洋电梯有限公司,2016-7-28,,VF320,曳引驱动,6,6,6,,1,2017-12-26,扎兰屯,,,
山水嘉园,21号楼4单元,沈阳三洋电梯,乘客电梯,31101507832017010047,,沈阳三洋电梯有限公司,2015-10-7,,VF320,曳引驱动,6,6,6,,1,2017-12-26,扎兰屯,,,
山水嘉园,21号楼2单元,沈阳三洋电梯,乘客电梯,31101507832017010045,,沈阳三洋电梯有限公司,2015-10-7,,VF320,曳引驱动,6,6,6,,1,2017-12-26,扎兰屯,,,
山水嘉园,21号楼3单元,沈阳三洋电梯,乘客电梯,31101507832017010046,,沈阳三洋电梯有限公司,2015-10-7,,VF320,曳引驱动,6,6,6,,1,2017-12-26,扎兰屯,,,
山水嘉园,21号楼1单元,沈阳三洋电梯,乘客电梯,31101507832017010044,,沈阳三洋电梯有限公司,2015-10-7,,VF320,曳引驱动,6,6,6,,1,2017-12-26,扎兰屯,,,
山水嘉园,7号楼3单元,沈阳三洋电梯,乘客电梯,31101507832017010026,,沈阳三洋电梯有限公司,2015-7-28,,VF320,曳引驱动,6,6,6,,1,2017-12-26,扎兰屯,,,
山水嘉园,7号楼2单元,沈阳三洋电梯,乘客电梯,31101507832017010025,,沈阳三洋电梯有限公司,2015-7-10,,VF320,曳引驱动,6,6,6,,1,2017-12-26,扎兰屯,,,
山水嘉园,7号楼1单元,沈阳三洋电梯,乘客电梯,31101507832017010024,,沈阳三洋电梯有限公司,2016-3-1,,VF320,曳引驱动,6,6,6,,1,2017-12-26,扎兰屯,,,
山水嘉园,5号楼3单元,沈阳三洋电梯,乘客电梯,31101507832017010021,,沈阳三洋电梯有限公司,2015-7-10,,VF320,曳引驱动,6,6,6,,1,2017-12-26,扎兰屯,,,
山水嘉园,3号楼1单元,沈阳三洋电梯,乘客电梯,31101507832017010017,,沈阳三洋电梯有限公司,2015-5-29,,VF320,曳引驱动,10,10,10,,1.5,2017-12-26,扎兰屯,,,
山水嘉园,3号楼2单元,沈阳三洋电梯,乘客电梯,31101507832017010018,,沈阳三洋电梯有限公司,2016-3-1,,VF320,曳引驱动,10,10,10,,1.5,2017-12-26,扎兰屯,,,
山水嘉园,2号楼2单元,沈阳三洋电梯,乘客电梯,31101507832017010016,,沈阳三洋电梯有限公司,2015-5-29,,VF320,曳引驱动,10,10,10,,1.5,2017-12-26,扎兰屯,,,
山水嘉园,2号楼1单元,沈阳三洋电梯,乘客电梯,31101507832017010015,,沈阳三洋电梯有限公司,2015-5-29,,VF320,曳引驱动,10,10,10,,1.5,2017-12-26,扎兰屯,,,
山水嘉园,1号楼西侧,沈阳三洋电梯,乘客电梯,2015-20005A2,,沈阳三洋电梯有限公司,2015-6-3,,VF320,曳引驱动,8,8,8,,1.5,2016-3-1,扎兰屯,,,
山水嘉园,1号楼东侧,沈阳三洋电梯,乘客电梯,2015-20005A1,,沈阳三洋电梯有限公司,2015-6-3,,VF320,曳引驱动,8,8,8,,1.5,2016-3-1,扎兰屯,,,
山水嘉园,10号楼2单元,沈阳三洋电梯,乘客电梯,31101507832017010031,,沈阳三洋电梯有限公司,2015-5-28,,VF320,曳引驱动,16,16,16,,1.5,2017-12-26,扎兰屯,,,
山水嘉园,10号楼1单元,沈阳三洋电梯,乘客电梯,31101507832017010030,,沈阳三洋电梯有限公司,2015-5-28,,VF320,曳引驱动,16,16,16,,1.5,2017-12-26,扎兰屯,,,
山水嘉园,11号楼1单元,沈阳三洋电梯,乘客电梯,31101507832017010032,,沈阳三洋电梯有限公司,2015-5-28,,VF320,曳引驱动,17,17,17,,1.5,2017-12-26,扎兰屯,,,
海天新村小区,7#楼,沈阳三洋电梯,乘客电梯,31101507242015120009,,沈阳三洋电梯有限公司,2013-12-18,,VF330,曳引驱动,7,7,7,,1,2018-4-23,鄂温克旗,,,
扎兰屯七星水悦洗浴歌厅,800kg4/4,沈阳三洋电梯,乘客电梯,30001507002073,,沈阳三洋电梯有限公司,2013-6-13,,VF320,曳引驱动,4,4,4,,1,2016-5-19,七星水悦洗浴,,,
扎兰屯七星水悦洗浴歌厅,1000kg8/6,沈阳三洋电梯,乘客电梯,30001507002074,,沈阳三洋电梯有限公司,2013-6-13,,VF330,曳引驱动,8,8,8,,1,2016-5-19,七星水悦KTV东侧,,,
扎兰屯七星水悦洗浴歌厅,1000kg7/5,沈阳三洋电梯,乘客电梯,30001507002075,,沈阳三洋电梯有限公司,2013-6-13,,VF330,曳引驱动,7,7,7,,1,2016-5-19,七星水悦KTV西侧,,,
扎兰屯首创房地产（滨河水岸）,滨河水岸B18#楼新区管委会办公楼,沈阳三洋电梯,乘客电梯,31101507832015090019,,沈阳三洋电梯有限公司,2013-9-19,2011-2608A19,VF320,曳引驱动,7,7,7,,1,2016-5-18,扎兰屯,,,
扎兰屯首创房地产（滨河水岸）,滨河水岸A9#楼2单元,沈阳三洋电梯,乘客电梯,31101507832015090010,,沈阳三洋电梯有限公司,2012-5-9,2011-2608A18,VF320,曳引驱动,7,7,7,,1,2016-5-18,扎兰屯,,,
扎兰屯首创房地产（滨河水岸）,滨河水岸A9#楼1单元,沈阳三洋电梯,乘客电梯,31101507832015090009,,沈阳三洋电梯有限公司,2012-5-9,2011-2608A17,VF320,曳引驱动,7,7,7,,1,2016-5-18,扎兰屯,,,
扎兰屯首创房地产（滨河水岸）,滨河水岸A9#楼3单元,沈阳三洋电梯,乘客电梯,31101507832015090011,,沈阳三洋电梯有限公司,2012-5-9,2011-2608A16,VF320,曳引驱动,7,7,7,,1,2016-5-18,扎兰屯,,,
扎兰屯首创房地产（滨河水岸）,滨河水岸A9#楼4单元,沈阳三洋电梯,乘客电梯,31101507832015090012,,沈阳三洋电梯有限公司,2012-5-9,2011-2608A15,VF320,曳引驱动,7,7,7,,1,2016-5-18,扎兰屯,,,
扎兰屯首创房地产（滨河水岸）,滨河水岸A10#楼1单元,沈阳三洋电梯,乘客电梯,31101507832015090013,,沈阳三洋电梯有限公司,2012-4-27,2011-2608A14,VF320,曳引驱动,7,7,7,,1,2016-5-18,扎兰屯,,,
扎兰屯首创房地产（滨河水岸）,滨河水岸A10#楼2单元,沈阳三洋电梯,乘客电梯,31101507832015090014,,沈阳三洋电梯有限公司,2012-4-27,2011-2608A13,VF320,曳引驱动,7,7,7,,1,2016-5-18,扎兰屯,,,
扎兰屯首创房地产（滨河水岸）,滨河水岸B17#楼1单元,沈阳三洋电梯,乘客电梯,31101507832015090015,,沈阳三洋电梯有限公司,2015-12-5,2011-2608A12,VF320,曳引驱动,7,7,7,,1,2016-5-18,扎兰屯,,,
扎兰屯首创房地产（滨河水岸）,滨河水岸B17#楼2单元,沈阳三洋电梯,乘客电梯,31101507832015090016,,沈阳三洋电梯有限公司,2012-4-27,2011-2608A11,VF320,曳引驱动,7,7,7,,1,2015-12-5,扎兰屯,,,
扎兰屯首创房地产（滨河水岸）,滨河水岸B17#楼3单元,沈阳三洋电梯,乘客电梯,31101507832015090017,,沈阳三洋电梯有限公司,2012-4-27,2011-2608A10,VF320,曳引驱动,7,7,7,,1,2016-5-18,扎兰屯,,,
扎兰屯首创房地产（滨河水岸）,滨河水岸B17#楼4单元,沈阳三洋电梯,乘客电梯,31101507832015090018,,沈阳三洋电梯有限公司,2012-4-27,2011-2608A9,VF320,曳引驱动,7,7,7,,1,2016-5-18,扎兰屯,,,
扎兰屯首创房地产（滨河水岸）,滨河水岸A8#楼1单元,沈阳三洋电梯,乘客电梯,31101507832015090005,,沈阳三洋电梯有限公司,2012-2-22,2011-2608A8,VF320CFT,曳引驱动,7,7,7,,1,2016-5-18,扎兰屯,,,
扎兰屯首创房地产（滨河水岸）,滨河水岸A8#楼2单元,沈阳三洋电梯,乘客电梯,31101507832015090006,,沈阳三洋电梯有限公司,2012-2-15,2011-2608A7,VF320CFT,曳引驱动,7,7,7,,1,2016-5-19,扎兰屯,,,
扎兰屯首创房地产（滨河水岸）,滨河水岸A8#楼3单元,沈阳三洋电梯,乘客电梯,31101507832015090007,,沈阳三洋电梯有限公司,2012-2-13,2011-2608A6,VF320CFT,曳引驱动,7,7,7,,1,2016-5-18,扎兰屯,,,
扎兰屯首创房地产（滨河水岸）,滨河水岸A8#楼4单元,沈阳三洋电梯,乘客电梯,31101507832015090008,,沈阳三洋电梯有限公司,2012-2-22,2011-2608A5,VF320CFT,曳引驱动,7,7,7,,1,2016-5-18,扎兰屯,,,
扎兰屯首创房地产（滨河水岸）,滨河水岸A7#楼1单元,沈阳三洋电梯,乘客电梯,31101507832015090001,,沈阳三洋电梯有限公司,2012-2-22,2011-2608A4,VF320CFT,曳引驱动,7,7,7,,1,2016-5-18,扎兰屯,,,
鄂温克旗亚龙民生市场,5800mm-1000mm-0.5m/s,沈阳三洋电梯,乘客电梯,33101507242017030001,,沈阳三洋电梯有限公司,2015-9-21,15-ES-C-1113,SYF,曳引驱动,,,,,0.5,2016-2-29,鄂温克旗,,,
扎兰屯师院宾馆（幼儿师范学院）,东侧A梯,沈阳三洋电梯,乘客电梯,30001507001600,,沈阳三洋电梯有限公司,2013-7-4,,VF320,曳引驱动,8,8,8,,1,2016-4-6,扎兰屯,,,
扎兰屯师院宾馆（幼儿师范学院）,西侧B梯,沈阳三洋电梯,乘客电梯,30001507001599,,沈阳三洋电梯有限公司,2013-7-4,,VF320,曳引驱动,8,8,8,,1,2016-4-6,扎兰屯,,,
扎兰屯首创房地产（滨河水岸）,滨河水岸A7#楼4单元,沈阳三洋电梯,乘客电梯,31101507832015090004,,沈阳三洋电梯有限公司,2012-2-20,2011-2608A3,VF320CFT,曳引驱动,7,7,7,,1,2016-5-18,扎兰屯,,,
扎兰屯首创房地产（滨河水岸）,滨河水岸A7#楼2单元,沈阳三洋电梯,乘客电梯,31101507832015090002,,沈阳三洋电梯有限公司,2012-2-20,2011-2608A2,VF320CFT,曳引驱动,7,7,7,,1,2016-5-18,扎兰屯,,,
扎兰屯首创房地产（滨河水岸）,滨河水岸A7#楼3单元,沈阳三洋电梯,乘客电梯,31101507832015090003,,沈阳三洋电梯有限公司,2012-2-20,2011-2608A1,VF320CFT,曳引驱动,,,,,1,2016-5-18,扎兰屯,,,
扎兰屯市职工之家综合楼,1000kg5/5,沈阳三洋电梯,乘客电梯,2014-20074B,,沈阳三洋电梯有限公司,2014-11-15,,VF320,曳引驱动,,,,,1,2016-4-7,扎兰屯,,,
扎兰屯市职工之家综合楼,1000kg5/5,沈阳三洋电梯,乘客电梯,2014-20074A,,沈阳三洋电梯有限公司,2014-11-15,,VF320,曳引驱动,5,5,5,,1,2016-4-7,扎兰屯,,,
柴林佳园,800kg-4/4,沈阳三洋电梯,乘客电梯,2013-2014B,,沈阳三洋电梯有限公司,2012-9-5,,VF320,曳引驱动,4,4,4,,1,2016-2-26,扎兰屯,,,
柴林佳园,800kg-4/4,沈阳三洋电梯,乘客电梯,2013-2014A,,沈阳三洋电梯有限公司,2013-9-5,,VF320,曳引驱动,4,4,4,,1,2016-2-26,扎兰屯,,,
额尔古纳市天驿宾馆,美柯曼尼酒店内,沈阳三洋电梯,乘客电梯,31101507842015090005,,沈阳三洋电梯有限公司,,,VF320,曳引驱动,7,7,7,,1,2016-8-18,额尔古纳市,,,
文苑小区商住综合楼,800kg-8/8,沈阳三洋电梯,乘客电梯,31101507242015120011,,沈阳三洋电梯有限公司,2013-10-30,,VF330,曳引驱动,8,8,8,,1,2018-1-24,海拉尔,,,
鄂温克旗平安家园,800kg-7/7,沈阳三洋电梯,乘客电梯,31101507242015120010,,沈阳三洋电梯有限公司,2012-11-2,,VF330,曳引驱动,7,7,7,,1,2015-12-30,鄂温克旗,,,
鄂温克旗金领佳苑,800kg-8/7,沈阳三洋电梯,乘客电梯,31101507242017030008,,沈阳三洋电梯有限公司,2014-12-14,15-PA-E-4228,VF320,曳引驱动,8,8,8,,1,2016-2-18,鄂温克旗,,,
鄂温克旗金领佳苑,800kg-8/7,沈阳三洋电梯,乘客电梯,31101507242017030007,,沈阳三洋电梯有限公司,2013-12-14,15-PA-E-4227,VF320,曳引驱动,8,8,8,,1,2016-2-18,鄂温克旗,,,
鄂温克旗公安局,西侧,沈阳三洋电梯,乘客电梯,30001507000594,,沈阳三洋电梯有限公司,2011-10-15,11-PA-E-4051,VF320,曳引驱动,7,7,7,,1,2016-6-1,鄂温克旗,,,
鄂温克旗公安局,东侧,沈阳三洋电梯,乘客电梯,30001507000593,,沈阳三洋电梯有限公司,2011-10-15,11-PA-E-4050,VF320,曳引驱动,7,7,7,,1,2016-6-1,鄂温克旗,,,
扎兰屯幼儿师范学院,800kg-7/7,沈阳三洋电梯,乘客电梯,2009-2043I,,沈阳三洋电梯有限公司,2009-10-26,,VF320 CFT系列,曳引驱动,7,7,7,,1,2016-7-1,扎兰屯,,,
扎兰屯幼儿师范学院,800kg-7/7,沈阳三洋电梯,乘客电梯,2009-2043H,,沈阳三洋电梯有限公司,2009-10-26,,VF320 CFT系列,曳引驱动,7,7,7,,1,2016-7-1,扎兰屯,,,
扎兰屯幼儿师范学院,800kg-7/7,沈阳三洋电梯,乘客电梯,2009-2043G,,沈阳三洋电梯有限公司,2009-10-26,,VF320 CFT系列,曳引驱动,7,7,7,,1,2016-7-1,扎兰屯,,,
扎兰屯幼儿师范学院,800kg-7/7,沈阳三洋电梯,乘客电梯,2009-2043F,,沈阳三洋电梯有限公司,2009-10-26,,VF320 CFT系列,曳引驱动,7,7,7,,1,2016-7-26,扎兰屯,,,
扎兰屯幼儿师范学院,800kg-7/7,沈阳三洋电梯,乘客电梯,2009-2043E,,沈阳三洋电梯有限公司,2008-10-26,,VF320 CFT系列,曳引驱动,7,7,7,,1,2016-7-1,扎兰屯,,,
扎兰屯幼儿师范学院,800kg-7/7,沈阳三洋电梯,乘客电梯,2009-2043D,,沈阳三洋电梯有限公司,2008-10-26,,VF320 CFT系列,曳引驱动,7,7,7,,1,2016-7-1,扎兰屯,,,
扎兰屯幼儿师范学院,800kg-7/7,沈阳三洋电梯,乘客电梯,2009-2043C,,沈阳三洋电梯有限公司,2009-10-26,,VF320 CFT系列,曳引驱动,7,7,7,,1,2016-7-1,扎兰屯,,,
扎兰屯幼儿师范学院,800kg-7/7,沈阳三洋电梯,乘客电梯,2009-2043B,,沈阳三洋电梯有限公司,2009-10-26,,VF320 CFT系列,曳引驱动,7,7,7,,1,2016-7-1,扎兰屯,,,
扎兰屯特殊教育学校,800kg-4/4,沈阳三洋电梯,乘客电梯,2015-2011A3,,沈阳三洋电梯有限公司,2015-7-31,,VFB330系列,曳引驱动,4,4,4,,1,2016-4-7,扎兰屯,,,
鄂温克旗蒙医医院,1600kg-4/4,沈阳三洋电梯,乘客电梯,30001507000446,,沈阳三洋电梯有限公司,2011-10-20,,VFB 330系列,曳引驱动,4,4,4,,1,2018-1-13,鄂温克旗,,,
鄂温克旗民族福利中心,1600kg-5/5,沈阳三洋电梯,乘客电梯,30001507000001,,沈阳三洋电梯有限公司,2007-8-18,,VFB330系列,曳引驱动,5,5,5,,1,2018-1-17,鄂温克旗,,,
扎兰屯怡园宾馆,800kg-4/4,沈阳三洋电梯,乘客电梯,30001507000596,,沈阳三洋电梯有限公司,2011-12-24,,VF330,曳引驱动,4,4,4,,1,2018-3-25,扎兰屯市,,,
额尔古纳云杉宾馆,云杉酒店内,沈阳三洋电梯,乘客电梯,30001507001979,,沈阳三洋电梯有限公司,,,VF320,曳引驱动,6,6,6,,1,2016-12-14,额尔古纳,,,
扎兰屯市委党校,2#,沈阳三洋电梯,乘客电梯,31101507832016010010,,沈阳三洋电梯有限公司,,,VF330,曳引驱动,5,5,5,,1,2015-12-5,扎兰屯,,,
扎兰屯市秀水怡园小区,秀水怡园小区9#2单元,沈阳三洋电梯,乘客电梯,31101507832015100005,,沈阳三洋电梯有限公司,2013-8-9,,VF320,曳引驱动,11,11,11,,1.5,2016-5-20,扎兰屯市,,,
扎兰屯市委党校,1#,沈阳三洋电梯,乘客电梯,31101507832016010009,,沈阳三洋电梯有限公司,2014-7-10,,VF320,曳引驱动,5,5,5,,1,2015-12-5,扎兰屯市,,,
扎兰屯市秀水怡园小区,秀水怡园小区9#1单元,沈阳三洋电梯,乘客电梯,31101507832015100004,,沈阳三洋电梯有限公司,2013-8-9,,VF320,曳引驱动,11,11,11,,1.5,2016-5-20,扎兰屯市,,,
扎兰屯市秀水怡园小区,秀水怡园小区8#3单元,沈阳三洋电梯,乘客电梯,31101507832015100003,,沈阳三洋电梯有限公司,2013-8-9,,VF320,曳引驱动,11,11,11,,1.5,2016-5-20,扎兰屯市,,,
扎兰屯市秀水怡园小区,秀水怡园小区8#楼2单元,沈阳三洋电梯,乘客电梯,3110107832015100002,,沈阳三洋电梯有限公司,2013-8-9,,VF320,曳引驱动,11,11,11,,1.5,2016-5-20,扎兰屯市,,,
扎兰屯市秀水怡园小区,秀水怡园小区锦绣缘宾馆1#,沈阳三洋电梯,乘客电梯,31101507832015120014,,沈阳三洋电梯有限公司,2013-7-9,,VF320,曳引驱动,11,11,11,,1.5,2016-5-20,扎兰屯市,,,
扎兰屯市秀水怡园小区,1#,沈阳三洋电梯,乘客电梯,31101507832015120015,,沈阳三洋电梯有限公司,2013-6-5,,VF320,曳引驱动,6,6,6,,1,2016-5-20,扎兰屯市,,,
呼伦贝尔市中心城区公共租赁住房（老年公寓）,老年公寓5#3单元,沈阳三洋电梯,乘客电梯,31101507022018020061,,沈阳三洋电梯有限公司,2012-8-12,,VF320,曳引驱动,12,12,12,,1,2018-1-17,海拉尔,,,
呼伦贝尔市中心城区公共租赁住房（老年公寓）,老年公寓4#3单元,沈阳三洋电梯,乘客电梯,31101507022018020057,,沈阳三洋电梯有限公司,2012-8-15,,VF320,曳引驱动,12,12,12,,1,2018-1-17,海拉尔,,,
呼伦贝尔市中心城区公共租赁住房（老年公寓）,老年公寓8#3单元,沈阳三洋电梯,乘客电梯,31101507022018020069,,沈阳三洋电梯有限公司,2012-8-15,,VF320,曳引驱动,12,12,12,,1,2018-1-17,海拉尔,,,
呼伦贝尔市中心城区公共租赁住房（老年公寓）,老年公寓6#1单元,沈阳三洋电梯,乘客电梯,31101507022018020062,,沈阳三洋电梯有限公司,2012-8-12,,VF320,曳引驱动,12,12,12,,1,2018-1-17,海拉尔,,,
呼伦贝尔市中心城区公共租赁住房（老年公寓）,老年公寓1#1单元,沈阳三洋电梯,乘客电梯,31101507022018020047,,沈阳三洋电梯有限公司,2012-8-13,,VF320,曳引驱动,12,12,12,,1,2018-1-17,海拉尔,,,
呼伦贝尔市中心城区公共租赁住房（老年公寓）,老年公寓8#2单元,沈阳三洋电梯,乘客电梯,31101507022018020072,,沈阳三洋电梯有限公司,2012-8-12,,VF320,曳引驱动,12,12,12,,1,2018-1-17,海拉尔,,,
呼伦贝尔市中心城区公共租赁住房（老年公寓）,老年公寓7#3单元,沈阳三洋电梯,乘客电梯,31101507022018020067,,沈阳三洋电梯有限公司,2012-8-20,,VF320,曳引驱动,12,12,12,,1,2018-1-17,海拉尔,,,
呼伦贝尔市中心城区公共租赁住房（老年公寓）,老年公寓1#3单元,沈阳三洋电梯,乘客电梯,31101507022018020049,,沈阳三洋电梯有限公司,2012-8-12,,VF320,曳引驱动,12,12,12,,1,2018-1-17,海拉尔,,,
呼伦贝尔市中心城区公共租赁住房（老年公寓）,老年公寓4#1单元,沈阳三洋电梯,乘客电梯,31101507022018020058,,沈阳三洋电梯有限公司,2012-8-12,,VF320,曳引驱动,12,12,12,,1,2018-1-17,海拉尔,,,
呼伦贝尔市中心城区公共租赁住房（老年公寓）,老年公寓1#2单元,沈阳三洋电梯,乘客电梯,31101507022018020048,,沈阳三洋电梯有限公司,2012-8-20,,VF320,曳引驱动,12,12,12,,1,2018-1-17,海拉尔,,,
呼伦贝尔市中心城区公共租赁住房（老年公寓）,老年公寓6#3单元,沈阳三洋电梯,乘客电梯,31101507022018020064,,沈阳三洋电梯有限公司,2012-8-13,,VF320,曳引驱动,12,12,12,,1,2018-1-17,海拉尔,,,
呼伦贝尔市中心城区公共租赁住房（老年公寓）,老年公寓6#2单元,沈阳三洋电梯,乘客电梯,31101507022018020063,,沈阳三洋电梯有限公司,2012-8-13,,VF320,曳引驱动,12,12,12,,1,2018-1-17,海拉尔,,,
呼伦贝尔市中心城区公共租赁住房（老年公寓）,老年公寓7#2单元,沈阳三洋电梯,乘客电梯,31101507022018020066,,沈阳三洋电梯有限公司,2012-8-13,,VF320,曳引驱动,12,12,12,,1,2018-1-17,海拉尔,,,
呼伦贝尔市中心城区公共租赁住房（老年公寓）,老年公寓8#1单元,沈阳三洋电梯,乘客电梯,31101507022018020068,,沈阳三洋电梯有限公司,2012-8-12,,VF320,曳引驱动,12,12,12,,1,2018-1-17,海拉尔,,,
呼伦贝尔市中心城区公共租赁住房（老年公寓）,老年公寓7#1单元,沈阳三洋电梯,乘客电梯,31101507022018020065,,沈阳三洋电梯有限公司,2012-8-20,,VF320,曳引驱动,12,12,12,,1,2018-1-17,海拉尔,,,
呼伦贝尔市中心城区公共租赁住房（老年公寓）,老年公寓5#1单元,沈阳三洋电梯,乘客电梯,31101507022018020059,,沈阳三洋电梯有限公司,2012-8-12,,VF320,曳引驱动,12,12,12,,1,2018-1-17,海拉尔,,,
呼伦贝尔市中心城区公共租赁住房（老年公寓）,老年公寓5#2单元,沈阳三洋电梯,乘客电梯,31101507022018020060,,沈阳三洋电梯有限公司,2012-8-12,,VF320,曳引驱动,12,12,12,,1,2018-1-17,海拉尔,,,
呼伦贝尔市中心城区公共租赁住房（老年公寓）,老年公寓4#2单元,沈阳三洋电梯,乘客电梯,31101507022018020056,,沈阳三洋电梯有限公司,2012-8-15,,VF320,曳引驱动,12,12,12,,1,2018-1-17,海拉尔,,,
呼伦贝尔烟草物流中心,办公楼内北侧,沈阳三洋电梯,乘客电梯,30001507000757,,沈阳三洋电梯有限公司,2009-8-7,,VF320CFT,曳引驱动,6,6,6,,1,2018-1-16,海拉尔,,,
呼伦贝尔烟草物流中心,办公楼内南侧,沈阳三洋电梯,乘客电梯,30001507000756,,沈阳三洋电梯有限公司,2009-8-7,,VF320CFT,曳引驱动,6,6,6,,1,2018-1-16,海拉尔,,,
