北京超市发连锁股份有限公司,北京市,北京市,延庆县,北京市延庆县东外大街111号中踏广场地下一层
北京超市发连锁股份有限公司2,北京市,北京市,海淀区,海淀区学院南路68号
北京超市发连锁股份有限公司3,北京市,北京市,石景山区,石景山区海特花园57号楼底商一层2层
北京超市发连锁股份有限公司4,北京市,北京市,海淀区,北京市海淀区魏公村韦伯豪小区2号楼底商
北京超市发连锁股份有限公司5,北京市,北京市,海淀区,北京市海淀区万泉庄路15号
北京迪麦克国际物流中心,北京市,北京市,朝阳区,朝阳区东外大街
北京东风物业管理有限责任公司,北京市,北京市,朝阳区,北京市朝阳区农光南路19号楼
北京润海园科技有限公司,北京市,北京市,海淀区,上地东里四区一号
北京市地铁置业有限公司,北京市,北京市,海淀区,海淀区德外西大街甲5号
北京市海淀区西北旺镇人民政府,北京市,北京市,海淀区,北京市海淀区后厂村路69号
北京市朝阳区房屋管理局第一管理所,北京市,北京市,朝阳区,朝阳区劲松
北京铁道大厦有限责任公司,北京市,北京市,海淀区,海淀区北蜂窝路102号
北京图科机电有限公司,北京市,北京市,昌平区,北京市昌平区马池口镇仁和路6号院1号楼
北京西郊宾馆有限责任公司,北京市,北京市,海淀区,北京市海淀区王庄路18号
北京中冶建研物业管理有限公司,北京市,北京市,海淀区,北京海淀区西土城路31号院老年公寓
国家体育总局训练局,北京市,北京市,东城区,北京市东城区总布胡同28号
国家图书馆,北京市,北京市,海淀区,中关村南大街33号
海房安泰物业,北京市,北京市,海淀区,双榆树北里
亿本物业,北京市,北京市,海淀区,双桥温泉东里小区
中国气象局,北京市,北京市,海淀区,中关村南大街46号
中国人民解放军61001部队,北京市,北京市,海淀区,丰台区长辛店镇辛庄村
,,,,
,,,,
,,,,
,,,,
,,,,
,,,,
,,,,
,,,,
,,,,
,,,,
,,,,
,,,,
,,,,
,,,,
,,,,
,,,,
,,,,
,,,,
,,,,
,,,,
,,,,
,,,,
,,,,
,,,,
,,,,
,,,,
,,,,
