康泰居,B11,菱王,乘客电梯,,16K002224,菱王电梯股份有限公司,,16K002224,LTK400/1.0-VF,曳引驱动,,,,,,,阳江市康泰路,,,
康泰居,B12,菱王,乘客电梯,,16K002225,菱王电梯股份有限公司,,16K002225,LTK400/1.0-VF,曳引驱动,,,,,,,阳江市康泰路,,,
阳江市江城区新鸿运大酒店,1#,海力格,乘客电梯,31104417002008010022,270648,广州市海力格电梯有限公司,,270648,TKJ1000/1.0-JX,曳引驱动,,,,,,2018-01-01,阳江市江城区漠江路308号人事局侧,,,
阳江市江城区新鸿运大酒店,2#,海力格,乘客电梯,31104417002009020008,281054,广州市海力格电梯有限公司,,281054,TKJ1000/1.1-JX,曳引驱动,,,,,,2018-01-01,阳江市江城区漠江路309号人事局侧,,,
吴强（三号公馆）,,日芝电梯,乘客电梯,31104417002014010025,1310036,东莞市日芝电梯有限公司,,1310036,TKJ1000/1.0-VVVF,曳引驱动,,,,,,2018-01-01,西平北路南兴小区1号,,,
阳江市江城区胜丰三汇酒店,,宝马,乘客电梯,31104417002016110067,150827,东莞市宝马电梯有限公司,,150827,BMKA1000/1.5,曳引驱动,,,,,,2018-01-01,马曹北路318号,,,
广东双唯旅游发展有限公司,,宝马,乘客电梯,31104417002012040010,110533,东莞市宝马电梯有限公司,,110533,TKJ630/1.0-JXW(VVVF),曳引驱动,,,,,,2018-02-01,阳江市体育路129号,,,
阳江市江城区铭阳宾馆,,广州广日,乘客电梯,31104417002007060002,6223333001,广州广日电梯工业公司,,6223333001,MAX800-CO1.5,曳引驱动,,,,,,2018-02-01,阳江市创业北路76号,,,
莫运记,,菱王,乘客电梯,31104417002013030023,K12111702,菱王电梯股份有限公司,,K12111702,LTK800/1.6-VF,曳引驱动,,,,,,2018-03-01,阳江市麻演塘北村二路西5巷5号,,,
阳江市江城区广源宾馆,,宝马,乘客电梯,31104417002016100042,1405110,东莞市宝马电梯有限公司,,1405110,BMKA825/1.5,曳引驱动,,,,,,2018-03-01,阳江市石湾北路K5地段P2A1号,,,
张建庆（雅都宾馆）,,宝马,乘客电梯,31104417002012030011,110645,东莞市宝马电梯有限公司,,110645,TKJ630/1.0-JXW(VVVF),曳引驱动,,,,,,2018-03-01,阳江市江城区西平北路,,,
阳东华田房地产开发有限公司阳江分公司,,宝马,乘客电梯,31104417002015120003,130739,东莞市宝马电梯有限公司,,130739,BMKA1000/1.75,曳引驱动,,,,,,2018-04-01,阳江市新江北路268号明臻大厦,,,
广东芳龄实业有限公司,,日立,载货电梯,32104417002007060003,06G000539,广州日立电梯有限公司,,06G000539,NF-1600-2S30,曳引驱动,,,,,,2018-04-01,阳江市江城区金山民营科技园,,,
广东芳龄实业有限公司,,日立,载货电梯,32104417002007060004,06G000575,广州日立电梯有限公司,,06G000575,NF-1600-2S30,曳引驱动,,,,,,2018-04-01,阳江市江城区金山民营科技园,,,
杨基伟（花果山饭店）,,宝马,乘客电梯,31104417002011070003,100721,东莞市宝马电梯有限公司,,100721,TKJ1000/1.75-JXW(VVVF),曳引驱动,,,,,,2018-05-01,阳江市江城区白沙,,,
广东百科制药有限公司,,宝马,载货电梯,32104417002016120003,141250,东莞市宝马电梯有限公司,,141250,BMKA2000/0.5,曳引驱动,,,,,,2018-05-01,阳江市江城区麻演工业区,,,
谭雨森,,菱王,乘客电梯,31104417002017070136,K13072204,菱王电梯股份有限公司,,K13072204,LTK1000/1.6-VF,曳引驱动,,,,,,2018-06-01,阳江市马曹路天河湾酒店旁,,,
阳江市骏业金煌建筑工程有限公司,,广东华凯,乘客电梯,31104417002013070007,K201302003,广东华凯电梯有限公司,,K201302003,TKJ630/1.5-JXW.VVVF,曳引驱动,,,,,,2018-07-01,阳江市骏业路3号,,,
李祖实（三丰商务宾馆）,,日芝电梯,乘客电梯,31104417002013070006,1303042,东莞市日芝电梯有限公司,,1303042,TKJ1000/1.75-JXW-VVVF,曳引驱动,,,,,,2018-07-01,阳江市江城区西平北路,,,
阳江市江城区凯达兴隆轮胎信息咨询有限公司,,,乘客电梯,31104417002007120009,2006H0006,佛山广大电器集团有限公司,,2006H0006,TKJ1000/1.6-VF,曳引驱动,,,,,,2018-07-01,阳江市金山路金穗小区C11号,,,
阳江市鸿民劲新鞋业有限公司,,宝马,载货电梯,32104417002017030004,160202,东莞市宝马电梯有限公司,,160202,BMKA2000/0.5,曳引驱动,,,,,,2018-07-01,阳江市沿江西二路8号,,,
严家仪,,宝马,乘客电梯,31104417002017090066,F705220059,东莞市宝马电梯有限公司,,F705220059,TKJ630/1.5-VFW,曳引驱动,,,,,,2018-09-01,阳江市江城区波陵园一街2号新雅花园D栋,,,
阳江市江城区壹号公馆商务酒店有限公司,,迅达,乘客电梯,31104417002013120015,1301096GD-001,西继迅达（许昌）电梯有限公司,,1301096GD-001,9000-KT-10-2-XS,曳引驱动,,,,,,2018-01-010,阳江市创业路104号,,,
阳江市中冠房地产开发有限公司,4栋2#,宝马,乘客电梯,31104417002017090044,161119,东莞市宝马电梯有限公司,,161119,BMKA1050/1.75,曳引驱动,,,,,,2018-08-01,阳江市江城区江朗大道33号（御品豪庭）,,,
阳江市中冠房地产开发有限公司,5栋3#,宝马,乘客电梯,31104417002017090045,161120,东莞市宝马电梯有限公司,,161120,BMKA1050/1.76,曳引驱动,,,,,,2018-08-01,阳江市江城区江朗大道33号（御品豪庭）,,,
阳江市中冠房地产开发有限公司,5栋4#,宝马,乘客电梯,31104417002017090046,161121,东莞市宝马电梯有限公司,,161121,BMKA1050/1.77,曳引驱动,,,,,,2018-08-01,阳江市江城区江朗大道33号（御品豪庭）,,,
阳江市中冠房地产开发有限公司,4栋1#,宝马,乘客电梯,31104417002017090047,161118,东莞市宝马电梯有限公司,,161118,BMKA1050/1.78,曳引驱动,,,,,,2018-08-01,阳江市江城区江朗大道33号（御品豪庭）,,,
阳江市中冠房地产开发有限公司,10#,宝马,乘客电梯,31104417002017110017,161123,东莞市宝马电梯有限公司,,161123,BMKA1050/1.75,曳引驱动,,,,,,2017-10-01,阳江市江城区江朗大道33号（御品豪庭）,,,
阳江市中冠房地产开发有限公司,11#,宝马,乘客电梯,31104417002017110018,161124,东莞市宝马电梯有限公司,,161124,BMKA1050/1.76,曳引驱动,,,,,,2017-10-01,阳江市江城区江朗大道33号（御品豪庭）,,,
阳江市中冠房地产开发有限公司,12#,宝马,乘客电梯,31104417002017110019,161125,东莞市宝马电梯有限公司,,161125,BMKA1050/1.77,曳引驱动,,,,,,2017-10-01,阳江市江城区江朗大道33号（御品豪庭）,,,
阳江市中冠房地产开发有限公司,9#,宝马,乘客电梯,31104417002017110020,161122,东莞市宝马电梯有限公司,,161122,BMKA1050/1.78,曳引驱动,,,,,,2017-10-01,阳江市江城区江朗大道33号（御品豪庭）,,,
阳江市中冠房地产开发有限公司,5#,宝马,乘客电梯,31104417002017110021,170107,东莞市宝马电梯有限公司,,170107,BMKA1050/1.79,曳引驱动,,,,,,2017-10-01,阳江市江城区江朗大道33号（御品豪庭）,,,
阳江市中冠房地产开发有限公司,6#,宝马,乘客电梯,31104417002017110022,170108,东莞市宝马电梯有限公司,,170108,BMKA1050/1.80,曳引驱动,,,,,,2017-10-01,阳江市江城区江朗大道33号（御品豪庭）,,,
阳江市中冠房地产开发有限公司,7#,宝马,乘客电梯,31104417002017110023,170109,东莞市宝马电梯有限公司,,170109,BMKA1050/1.81,曳引驱动,,,,,,2017-10-01,阳江市江城区江朗大道33号（御品豪庭）,,,
阳江市中冠房地产开发有限公司,8#,宝马,乘客电梯,31104417002017110024,170110,东莞市宝马电梯有限公司,,170110,BMKA1050/1.82,曳引驱动,,,,,,2017-10-01,阳江市江城区江朗大道33号（御品豪庭）,,,
阳江市中冠房地产开发有限公司,14#,宝马,乘客电梯,31104417002017110025,170112,东莞市宝马电梯有限公司,,170112,BMKA1050/1.83,曳引驱动,,,,,,2017-10-01,阳江市江城区江朗大道33号（御品豪庭）,,,
阳江市中冠房地产开发有限公司,15#,宝马,乘客电梯,31104417002017110026,170113,东莞市宝马电梯有限公司,,170113,BMKA1050/1.84,曳引驱动,,,,,,2017-10-01,阳江市江城区江朗大道33号（御品豪庭）,,,
阳江市中冠房地产开发有限公司,16#,宝马,乘客电梯,31104417002017110027,170114,东莞市宝马电梯有限公司,,170114,BMKA1050/1.85,曳引驱动,,,,,,2017-10-01,阳江市江城区江朗大道33号（御品豪庭）,,,
阳江市中冠房地产开发有限公司,13#,宝马,乘客电梯,31104417002017110028,170111,东莞市宝马电梯有限公司,,170111,BMKA1050/1.86,曳引驱动,,,,,,2017-10-01,阳江市江城区江朗大道33号（御品豪庭）,,,
阳江市江城区景兴宾馆,,菱王,乘客电梯,31104417002015110049,K14080701,菱王电梯股份有限公司,,K14080701,LTK450/1.6-VF,曳引驱动,,,,,,2017-11-01,阳江市林业新街二巷13号,,,
严小慧,,宝马,乘客电梯,31104417002017070030,160718,东莞市宝马电梯有限公司,,160718,BMKA630/1.5,曳引驱动,,,,,,2017-12-01,阳江市东风三路新雅花园B栋,,,
梁雷院,,,乘客电梯,31104417002018010062,GL.C17080001,广东港菱电梯有限公司,,GL.C17080001,TKF800/1.0,曳引驱动,,,,,,2017-12-01,阳江市江城区石湾路东一街西朝阳小区A-1号,,,
莫雪妹（新新家园）,,宝马,乘客电梯,31104417002013010007,120643,东莞市宝马电梯有限公司,,120643,BMKA1000/1.75,曳引驱动,,,,,,2017-12-01,阳江市西平路新新家园E座,,,
碧桂园,,,乘客电梯,,,苏州莱奥电梯有限公司,,,,曳引驱动,,,,,,,阳东碧桂园,,,
袁龙熙,,宝马,乘客电梯,,151047,速捷电梯有限公司,,151047,BMKA630/1.5,曳引驱动,,,,,,,阳东区东平镇白沙大道330号,,,
阳江市阳东区东平镇金峰海景假日酒店,,宝马,乘客电梯,31104417002016120007,150302,速捷电梯有限公司,,150302,BMKA800/1.5,曳引驱动,,,,,,2018-01-01,阳东区东平镇新港五区一巷10号金峰海景假日酒店,,,
洪卓光,,宝马,乘客电梯,31104417002014010026,130729,,,130729,BMKA1000/1.5,,,,,,,2018-01-01,阳东县东平新港开发区6区A3-A6,,,
阳江市阳东区富铿五金制品有限公司,,宝马,载货电梯,32104417002013040003   ,120836,,,120836,BMHA2000/0.5,,,,,,,2018-03-01,阳东县那味工业区二期L3,,,
阳江市阳东区三汇工业有限公司,,宝马,载货电梯,32104417002016050004,151001,,,151001,BMHA2000/0.5,,,,,,,2018-04-01,阳江市阳东区工业园六期裕园三路与裕东六路交汇处,,,
阳江市阳东区阳田实业有限公司,,台日,乘客电梯,31104417002018050034,T1708-021,,,T1708-021,NPM/K,,,,,,,2018-04-01,阳江市阳东区东城镇那金北路1号幸福家园,,,
阳江市阳东区阳田实业有限公司,,台日,乘客电梯,31104417002018050035,T1708-022,,,T1708-022,NPM/K,,,,,,,2018-04-01,阳江市阳东区东城镇那金北路1号幸福家园,,,
阳江市阳东区阳田实业有限公司,,台日,乘客电梯,31104417002018050036,T1708-023,,,T1708-023,NPM/K,,,,,,,2018-04-01,阳江市阳东区东城镇那金北路1号幸福家园,,,
阳江市阳东区阳田实业有限公司,,台日,乘客电梯,31104417002018050037,T1708-024,,,T1708-024,NPM/K,,,,,,,2018-04-01,阳江市阳东区东城镇那金北路1号幸福家园,,,
阳江市阳东区凯谷美容制品有限公司,,日芝电梯,载货电梯,30134417002013050002,1302001,,,1302001,THJ1000/0.5-JX.VVVF,,,,,,,2018-05-01,阳东县东城镇广源东路5号,,,
袁龙超（东平镇华洋宾馆）,,宝马,乘客电梯,31104417002013060008,121002,,,121002,BMKA630/1.75,,,,,,,2018-05-01,阳东县东平镇葛港码头,,,
冯秋玲(阳东县东平镇碧海宾馆）,,宝马,乘客电梯,31104417002013060007,121001,,,121001,BMKA800/1.75,,,,,,,2018-05-01,阳东县东平镇五谷围,,,
阳东县城那霍工业区华顺机械设备经营部,,宝马,载货电梯,32104417002017030003,150772,,,150772,BMHA2000/0.5,,,,,,,2018-06-01,阳江市阳东县城那霍工业区霍达一路与金田一路交汇处,,,
阳江纳谷科技有限公司,A,,载货电梯,30134417002004120007,2004040A,,,2004040A,IBYT3000/0.5-JX,,,,,,,2018-07-01,阳江市阳东区东城镇裕东一路25号,,,
阳江纳谷科技有限公司,B,,载货电梯,30134417002004120008,2004040B,,,2004040B,IBYT3000/0.5-JX,,,,,,,2018-07-01,阳江市阳东区东城镇裕东一路25号,,,
阳江纳谷科技有限公司,D,,载货电梯,32104417002008120013,07H0062,,,07H0062,THJ2000/0.5-VF,,,,,,,2018-07-01,阳江市阳东区东城镇裕东一路25号,,,
阳江纳谷科技有限公司,C,,载货电梯,32104417002008120014,07H0063,,,07H0063,THJ2000/0.5-VF,,,,,,,2018-07-01,阳江市阳东区东城镇裕东一路25号,,,
阳江市安骐工贸有限公司,,,载货电梯,31104417002014090102,1403082,,,1403082,THJ2000/0.5-JX.VVVF,,,,,,,2018-08-01,阳东县城工业园北至裕园二路,,,
阳江纳谷科技有限公司,E,,载货电梯,32104417002017110001,GL.C17060067,,,GL.C17060067,THF1000/0.5,,,,,,,2017-09-01,阳江市阳东区东城镇裕东一路25号,,,
阳江航空城机场投资控股有限公司,宿舍楼,讯达,乘客电梯,31304417002017060003,1605053GD-002,,,1605053GD-002,9000-WT-08-0-2-XS,,,,,,,2017-09-01,阳江市阳东区合山镇合山机场,,,
阳江航空城机场投资控股有限公司,培训楼,讯达,乘客电梯,31304417002017060004,1605053GD-001,,,1605053GD-001,9000-WT-08-0-2-XS,,,,,,,2017-09-01,阳江市阳东区合山镇合山机场,,,
阳江市阳东区华田房地产开发有限公司,,宝马,乘客电梯,31104417002017100059,160720,,,160720,BMKA1050/1.75,,,,,,,2017-09-01,阳东区龙胜北路官山银瑞花园D区,,,
阳江市阳东区华田房地产开发有限公司,,宝马,乘客电梯,31104417002017100060,160721,,,160721,BMKA1050/1.75,,,,,,,2017-09-01,阳东区龙胜北路官山银瑞花园D区,,,
阳江市阳东区华田房地产开发有限公司,,宝马,乘客电梯,31104417002017100061,160722,,,160722,BMKA1050/1.75,,,,,,,2017-09-01,阳东区龙胜北路官山银瑞花园D区,,,
阳江市阳东区华田房地产开发有限公司,,宝马,乘客电梯,31104417002017100062,160719,,,160719,BMKA1050/1.75,,,,,,,2017-09-01,阳东区龙胜北路官山银瑞花园D区,,,
阳江市阳东区华田房地产开发有限公司,,宝马,乘客电梯,31104417002017100063,160851,,,160851,BMKA1050/1.75,,,,,,,2017-09-01,阳东区龙胜北路官山银瑞花园D区,,,
阳江市阳东区华田房地产开发有限公司,,宝马,乘客电梯,31104417002017100064,160852,,,160852,BMKA1050/1.75,,,,,,,2017-09-01,阳东区龙胜北路官山银瑞花园D区,,,
阳江市阳东区华田房地产开发有限公司,,宝马,乘客电梯,31104417002017100065,160853,,,160853,BMKA1050/1.75,,,,,,,2017-09-01,阳东区龙胜北路官山银瑞花园D区,,,
黄亮,,宝马,乘客电梯,31104417002017100094,170430,,,170430,BMKA1050/1.5,,,,,,,2017-10-01,阳江市高新区平冈新城34栋,,,
阳东县环宇实业有限公司,,台日,载货电梯,32104417002012110009,T1012-005F,,,T1012-005F,NPM/H-II,,,,,,,2017-11-01,阳东县那味工业区,,,
阳江市阳东区东海鸿福北平酒店,1#,,乘客电梯,31304417002016100001,GR20150650,,,GR20150650,TKJ1000/1.1-JXW,,,,,,,2017-12-01,阳东区北平大道边,,,
阳江市阳东区东海鸿福北平酒店,2#,,乘客电梯,31104417002016100043,GR20150649,,,GR20150649,TKJ1000/1.1-JXW,,,,,,,2017-12-01,阳东区北平大道边,,,
袁美拉（大角湾宾馆）,,菱王,乘客电梯,31104417002012120023,K12080403,,,K12080403,LTH800/1.6-VF,,,,,,,2017-12-01,阳东县东平镇渔民新村,,,
黄雄,,,乘客电梯,,,,,,,,,,,,,,,,,
林健（春湾港湾宾馆）,,美迪斯,乘客电梯,31104417002013010043,M120812,,,M120812,ST,,,,,,,2018-01-01,阳春市春湾镇春湾大道48号,,,
阳春市春城街道城北村民委员会（梁秀群）,,宝马,乘客电梯,31104417002016120034,150564,,,150564,BMKA1050/1.0,,,,,,,2018-01-01,阳春市朝阳路石东路城北村委会,,,
阳春市道京旅业投资有限公司,,,乘客电梯,31104417002009030011,YH081201,,,YH081201,TKJ400/1.0-JXVF,,,,,,,2018-03-01, 阳春市南新大道6号,,,
广东烟草阳江有限责任公司阳春市分公司,,宝马,乘客电梯,30104417001999080002,150101,,,150101,BMKA1000/1.5,,,,,,,2018-04-01,阳春市南新大道130号,,,
李孟军,,辛格林电梯（中国）有限公司,乘客电梯,31104417002017060026,SGL20160920-2,,,SGL20160920-2,TK450/1.0,,,,,,,2018-05-01,阳春市春城镇春江路108号之一,,,
广东安蒂丝纤维有限公司,,广州电梯工业公司,乘客电梯,30114417001996060001,95128,,,95128,GFQ-2000/PC,,,,,,,2018-05-01,阳春市春光路162号,,,
周宪明,,广东奥尔斯电梯有限公司,乘客电梯,32104417002008050003,71145,,,71145,THJ1000/0.5-JXPCVVVF,,,,,,,2018-06-01,合水金星大道中路235号,,,
阳春市春湾镇利民宾馆,,苏州帝奥电梯有限公司,乘客电梯,31104417002010090026,D10-0622,,,D10-0622,TKJ1000/1.0M/S-JXW.VVVF,,,,,,,2017-09-01,阳春市春湾镇春光大道,,,
刘以仲,,宝马,乘客电梯,31104417002017050027,150941,,,150941,BMKA825/1.5,,,,,,,2017-11-01,阳春市朝阳路金朝阳酒吧,,,
阳西县农机物资贸易中心,,,乘客电梯,,,,,,,,,,,,,,阳西县,,,
吴志龙,,日芝电梯,乘客电梯,,1404031,,,1404031,TKJ800/1.0-VVVF,,,,,,,,阳西县富豪大道,,,
高记,,,乘客电梯,,,,,,TKJ800/1.0-VVVF,,,,,,,,阳西县溪头镇,,,
滨江酒店,,三洋电梯(珠海)有限公司,乘客电梯,,,,,,TK800,,,,,,,,阳西县溪头镇,,,
刘再旋,,宝马,乘客电梯,,140246,,,140246,BMKA1000/1.0,,,,,,,, 阳西县城六区工业大道一路81号（法院旁）,,,
余先茂,,迅达,乘客电梯,,,,,,9000-KT-06-10-2-XS,,,,,,,,阳西县兴华路193号,,,
梁荣波,,,乘客电梯,,1201K2109,,,1201K2109,,,,,,,,,阳西县,,,
崔国文（阳西和平宾馆),,宝马,乘客电梯,31104417002015110050,,,,,BMKA1000/1.75,,,,,,,,阳西县广场路79号,,,
崔国文（阳西越佳宾馆),,宝马,乘客电梯,31104417002012010020,,,,,TKJ630/1.0-JXW(VVVF),,,,,,,, 阳西县新城二十一区富和花城C橦,,,
阳西信合光电科技有限公司,,广东威得利电梯有限公司,载货电梯,32104417002010020001,20080862,,,20080862,WH2005,,,,,,,2019-01-01,阳西迎宾大道中山工业园,,,
崔飞（沙扒镇祈福酒店）,,宝马,乘客电梯,31104417002014050022,131027,,,131027,BMKA800/1.75,,,,,,,2019-01-01,阳西县沙扒镇海滨旅游区2-1号,,,
周娇(铭居假日酒店),,广东菱王电梯有限公司,乘客电梯,31104417002014050021,K13060506,,,K13060506,LTK800/1.6-VF,,,,,,,2019-01-01,阳西县沙扒镇海滨路4号,,,
许绍恒（世纪明珠饭店）,,富士,乘客电梯,31104417002014060002,FUJI130902-01,,,FUJI130902-01,TKJ1000/1.0-VFW,,,,,,,2019-01-01,阳西县新城六区明珠路58号,,,
阳西县沙扒镇卫生院,,菱王,乘客电梯,31704417002014020001,B13111101,,,B13111101,LTB1600/1.6-VF,,,,,,,2019-01-01,阳西县沙扒镇新华路38号,,,
阳西县溪头镇豪廷宾馆,,日芝电梯,乘客电梯,31104417002016110001,1501002,,,1501002,TKJ800/1.5-VVVF,,,,,,,2019-02-01,阳西县溪头镇新城区375号豪廷宾馆,,,
黄贤湛,,三洋电梯（珠海）有限公司,乘客电梯,31104417002015030068,K201411024,,,K201411024,TKJ630/1.0-JXW,,,,,,,2019-02-01,阳西县迎宾中路十二号,,,
陈月梅（沙扒镇梅姨海鲜大排档）,,宝马,乘客电梯,31104417002016100041,1503110,,,1503110,BMKA630/1.0,,,,,,,2019-03-01,阳西县沙扒镇东升路,,,
阳西县富港房地产开发有限公司,A2栋,宝马,乘客电梯,31104417002016060037,141206,,,141206,BMKA825/1.0,,,,,,,2019-03-01,阳西县溪头镇黄港朗,,,
阳西县富港房地产开发有限公司,A1栋,宝马,乘客电梯,31104417002016060038,141207,,,141207,BMKA825/1.0,,,,,,,2019-03-01,阳西县溪头镇黄港朗,,,
阳西县富港房地产开发有限公司,A3栋,宝马,乘客电梯,31104417002016060039,141205,,,141205,BMKA825/1.0,,,,,,,2019-03-01,阳西县溪头镇黄港朗,,,
何显健（阳西县田园商务宾馆）,,东芝电梯（中国）有限公司,乘客电梯,31104417002013080007,GA-122687-010,,,GA-122687-010,ELCOSM0-V,,,,,,,2019-05-01,阳西县上洋镇上河路23号,,,
阳西县金峰房地产开发有限公司,K201409117,三洋电梯（珠海）有限公司,乘客电梯,31104417002016050027,K201409117,,,K201409117,唐·TS 800/1.5-JXW,,,,,,,2019-06-01,阳西县明珠新城25区金子家园,,,
阳西县金峰房地产开发有限公司,K201409118,三洋电梯（珠海）有限公司,乘客电梯,31104417002016050028,K201409118,,,K201409118,唐·TS 800/1.5-JXW,,,,,,,2019-06-01,阳西县明珠新城25区金子家园,,,
阳西县金峰房地产开发有限公司,K201409119,三洋电梯（珠海）有限公司,乘客电梯,31104417002016050029,K201409119,,,K201409119,唐·TS 800/1.5-JXW,,,,,,,2019-06-01,阳西县明珠新城25区金子家园,,,
阳西县金峰房地产开发有限公司,K201409116,三洋电梯（珠海）有限公司,乘客电梯,31104417002016050030,K201409116,,,K201409116,唐·TS 800/1.5-JXW,,,,,,,2019-06-01,阳西县明珠新城25区金子家园,,,
阳西县沙扒怡海宾馆,,宝马,乘客电梯,31104417002016050031,140213,,,140213,BMKA800/1.75,,,,,,,2019-06-01,阳西县沙扒镇海滨东7-8号,,,
陈元妹（美好海岸）,,广东升达电梯有限公司,乘客电梯,31104417002012070011,S1202Z005,,,S1202Z005,SDK800/1.5-JXVF,,,,,,,2019-06-01,沙扒镇海滨东一街48号,,,
阳西县沙扒镇爱琴海酒店,,广东益林电梯有限公司,乘客电梯,31104417002013080041,K8017,,,K8017,TKJ1000/1.5-JXWF,,,,,,,2019-07-01,阳西县沙扒镇海滨路2号之二A维也纳酒店,,,
阳西县沙扒镇君临海景假日酒店,2#,宝马,乘客电梯,31104417002017080029,170317,,,170317,BMKA1000/1.75,,,,,,,2019-07-01,阳西县沙扒镇海滨路1号之一,,,
阳西县沙扒镇君临海景假日酒店,1#,宝马,乘客电梯,31104417002017080030,170316,,,170316,BMKA1000/1.75,,,,,,,2019-07-01,阳西县沙扒镇海滨路1号之一,,,
邓耀文,,宝马,乘客电梯,31104417002017070027,151210,,,151210,BMKA800/1.0,,,,,,,2018-10-01,阳西县沙扒镇东升路72号乐兜兜客栈,,,
阳西县帝煌俱乐部,,广东新力欧菲尔电梯有限公司,载货电梯,32104417002014030008,13EF0328088,,,13EF0328088,THJ2000/0.5-JX,,,,,,,2018-12-01,阳西县湖景路8号,,,
阳西县帝煌俱乐部,1#,奥的斯,乘客电梯,31104417002014030023,D6NJ6223 ,,,D6NJ6223 ,OTIS Sweet,,,,,,,2018-12-01,阳西县湖景路8号,,,
阳西县帝煌俱乐部,2#,奥的斯,乘客电梯,31104417002014030024,D6NJ6224 ,,,D6NJ6224 ,OTIS Sweet,,,,,,,2018-12-01,阳西县湖景路8号,,,
阳西县帝煌俱乐部,3#,奥的斯,乘客电梯,31104417002014030028,D6NJ6222 ,,,D6NJ6222 ,OTIS Sweet,,,,,,,2018-12-01,阳西县湖景路8号,,,
卢检康,,迅达,乘客电梯,31104417002017090048,1306137GD-001,,,1306137GD-001,9000-KT-08-10-2-XS,,,,,,,2018-12-01,阳西县西湖北路113号海川酒店,,,
卢检康,,迅达,乘客电梯,31104417002017090049,1409080GD-001,,,1409080GD-001,9000-KT-08-10-2-XS,,,,,,,2018-12-01,阳西县西湖北路113号海川酒店,,,
刘沛晓（阳西县沙扒镇丛林湾宾馆）,,宝马,乘客电梯,31104417002014010001,130561,,,130561,BMKA630/1.0,,,,,,,2018-12-01,阳西县沙扒镇海滨二街41号,,,
李蓉仙（阳西县沙扒镇凯丽达酒店）,,菱王,乘客电梯,31104417002014010003,K13030102,,,K13030102,LTK800/1.6-VF,,,,,,,2018-12-01,阳西县沙扒镇海滨旅游区3号,,,
谭爱群（阳西县沙扒镇听海酒店）,,菱王,乘客电梯,31104417002014010002,K13060503,,,K13060503,LTK800/1.6-VF,,,,,,,2018-12-01,阳西县沙扒镇海滨旅游区5号,,,
阳西县城市便捷酒店,,宝马,乘客电梯,31104417002017070028,161011,,,161011,BMKA825/1.5,,,,,,,2018-12-01,阳西县人民大道95号,,,
阳西县上洋镇卫生院,,佛山市三水三洋电梯有限公司,乘客电梯,31704417002009120002,20090823,,,20090823,SYTK1600/1.0-JXVF,,,,,,,2018-12-01,阳西县上洋镇建设中路20号,,,
阳西德锦园地产开发有限公司-锦绣家园,C2,苏州曼隆,乘客电梯,31104417002013050021,M2012-06-0117,,,M2012-06-0117,MEP,,,,,,,2019-03-01,阳西县人民大道北锦绣家园,,,
阳西德锦园地产开发有限公司-锦绣家园,A1,苏州曼隆,乘客电梯,31104417002013050022,M2012-06-0118,,,M2012-06-0118,MEP,,,,,,,2019-03-01,阳西县人民大道北锦绣家园,,,
阳西德锦园地产开发有限公司-锦绣家园,A2,苏州曼隆,乘客电梯,31104417002013050023,M2012-06-0119,,,M2012-06-0119,MEP,,,,,,,2019-03-01,阳西县人民大道北锦绣家园,,,
阳西德锦园地产开发有限公司-锦绣家园,C1,苏州曼隆,乘客电梯,31104417002013050024,M2012-06-0116,,,M2012-06-0116,MEP,,,,,,,2019-03-01,阳西县人民大道北锦绣家园,,,
阳西德锦园地产开发有限公司-锦绣家园,D2,苏州曼隆,乘客电梯,31104417002013050025,M2012-03-0028,,,M2012-03-0028,MEP,,,,,,,2019-03-01,阳西县人民大道北锦绣家园,,,
阳西德锦园地产开发有限公司-锦绣家园,B1,苏州曼隆,乘客电梯,31104417002013050026,M2012-03-0029,,,M2012-03-0029,MEP,,,,,,,2019-03-01,阳西县人民大道北锦绣家园,,,
阳西德锦园地产开发有限公司-锦绣家园,B2,苏州曼隆,乘客电梯,31104417002013050027,M2012-03-0030,,,M2012-03-0030,MEP,,,,,,,2019-03-01,阳西县人民大道北锦绣家园,,,
阳西德锦园地产开发有限公司-锦绣家园,D1,苏州曼隆,乘客电梯,31104417002013050028,M2012-03-0027,,,M2012-03-0027,MEP,,,,,,,2019-03-01,阳西县人民大道北锦绣家园,,,
阳西德锦园地产开发有限公司(九州）,2#,苏州曼隆,乘客电梯,31104417002014110001,M11NA7381,,,M11NA7381,曼隆MEP,,,,,,,2018-12-01,阳西县人民大道北九州国际大酒店,,,
阳西德锦园地产开发有限公司(九州）,1#,苏州曼隆,乘客电梯,31104417002014110002,M11NA7380   ,,,M11NA7380   ,曼隆MEP,,,,,,,2018-12-01,阳西县人民大道北九州国际大酒店,,,
阳西德锦园地产开发有限公司(九州）,3#,苏州曼隆,乘客电梯,31304417002014110001,M11NA7383,,,M11NA7383,曼隆MEP,,,,,,,2018-12-01,阳西县人民大道北九州国际大酒店,,,
阳西德锦园地产开发有限公司(九州）,4#,苏州曼隆,乘客电梯,31304417002014110002,M11NA7384,,,M11NA7384,曼隆MEP,,,,,,,2018-12-01,阳西县人民大道北九州国际大酒店,,,
阳西德锦园地产开发有限公司(九州）,5#,苏州曼隆,乘客电梯,31304417002014110003,M11NA7385,,,M11NA7385,曼隆MEP,,,,,,,2018-12-01,阳西县人民大道北九州国际大酒店,,,
阳西县御景物业管理有限公司,8栋,广州广日,乘客电梯,31104417002012020033,11015933005,,,11015933005,MAX-E1000-CO1.5,,,,,,,2019-01-01,阳西县御景花园,,,
阳西县御景物业管理有限公司,9栋,广州广日,乘客电梯,31104417002012020034,11015933006,,,11015933006,MAX-E1000-CO1.5,,,,,,,2019-01-01,阳西县御景花园,,,
阳西县御景物业管理有限公司,10栋,广州广日,乘客电梯,31104417002012020035,11015933007,,,11015933007,MAX-E1000-CO1.5,,,,,,,2019-01-01,阳西县御景花园,,,
阳西县御景物业管理有限公司,11栋,广州广日,乘客电梯,31104417002012020036,11015933008,,,11015933008,MAX-E1000-CO1.5,,,,,,,2019-01-01,阳西县御景花园,,,
阳西县御景物业管理有限公司,12栋,广州广日,乘客电梯,31104417002012020037,11015933009,,,11015933009,MAX-E1000-CO1.5,,,,,,,2019-01-01,阳西县御景花园,,,
阳西县御景物业管理有限公司,售楼部,广州广日,乘客电梯,31304417002011050001,9093833001,,,9093833001,MAX-E1000-CO1.5,,,,,,,2019-05-01,阳西县御景花园,,,
阳西县御景物业管理有限公司,13栋,广州广日,乘客电梯,31104417002012070002,11015933010,,,11015933010,MAX-E1000-CO1.5,,,,,,,2019-05-01,阳西县御景花园,,,
阳西县御景物业管理有限公司,16栋,广州广日,乘客电梯,31104417002012070003,11015933011,,,11015933011,MAX-E1000-CO1.5,,,,,,,2019-05-01,阳西县御景花园,,,
阳西县御景物业管理有限公司,18栋,广州广日,乘客电梯,31104417002012070004,11015933012,,,11015933012,MAX-E1000-CO1.5,,,,,,,2019-05-01,阳西县御景花园,,,
阳西县御景物业管理有限公司,19栋,广州广日,乘客电梯,31104417002012070005,11015933013,,,11015933013,MAX-E1000-CO1.5,,,,,,,2019-05-01,阳西县御景花园,,,
阳西县御景物业管理有限公司,20栋,广州广日,乘客电梯,31104417002012070006,11015933014,,,11015933014,MAX-E1000-CO1.5,,,,,,,2019-05-01,阳西县御景花园,,,
阳西县御景物业管理有限公司,21栋,广州广日,乘客电梯,31104417002012070007,11015933015,,,11015933015,MAX-E1000-CO1.5,,,,,,,2019-05-01,阳西县御景花园,,,
阳西县御景物业管理有限公司,22栋,广州广日,乘客电梯,31104417002012070008,11015933016,,,11015933016,MAX-E1000-CO1.5,,,,,,,2019-05-01,阳西县御景花园,,,
阳西县御景物业管理有限公司,23栋,广州广日,乘客电梯,31104417002012070009,11015933017,,,11015933017,MAX-E1000-CO1.5,,,,,,,2019-05-01,阳西县御景花园,,,
阳西县御景物业管理有限公司,26栋,广州广日,乘客电梯,31104417002012070010,11015933018,,,11015933018,MAX-E1000-CO1.5,,,,,,,2019-05-01,阳西县御景花园,,,
阳西县御景物业管理有限公司,D6NJ6237,奥的斯,乘客电梯,31104417002015080021,D6NJ6237,,,D6NJ6237,OTIS Sweet,,,,,,,2019-07-01,阳西县御景花园,,,
阳西县御景物业管理有限公司,D6NJ6238,奥的斯,乘客电梯,31104417002015080022,D6NJ6238,,,D6NJ6238,OTIS Sweet,,,,,,,2019-07-01,阳西县御景花园,,,
阳西县御景物业管理有限公司,D6NJ6239,奥的斯,乘客电梯,31104417002015080023,D6NJ6239,,,D6NJ6239,OTIS Sweet,,,,,,,2019-07-01,阳西县御景花园,,,
阳西县御景物业管理有限公司,D6NJ6240,奥的斯,乘客电梯,31104417002015080024,D6NJ6240,,,D6NJ6240,OTIS Sweet,,,,,,,2019-07-01,阳西县御景花园,,,
阳西县御景物业管理有限公司,D6NJ6241,奥的斯,乘客电梯,31104417002015080025,D6NJ6241,,,D6NJ6241,OTIS Sweet,,,,,,,2019-07-01,阳西县御景花园,,,
阳西县御景物业管理有限公司,D6NJ6235,奥的斯,乘客电梯,31104417002015080026,D6NJ6235,,,D6NJ6235,OTIS Sweet,,,,,,,2019-07-01,阳西县御景花园,,,
阳西县御景物业管理有限公司,D6NJ6236,奥的斯,乘客电梯,31104417002015080027,D6NJ6236,,,D6NJ6236,OTIS Sweet,,,,,,,2019-07-01,阳西县御景花园,,,
阳西县御景物业管理有限公司,D6NJ6242,奥的斯,乘客电梯,31104417002015080028,D6NJ6242,,,D6NJ6242,OTIS Sweet,,,,,,,2019-07-01,阳西县御景花园,,,
阳西县御景物业管理有限公司,D6NJ6243,奥的斯,乘客电梯,31104417002015080029,D6NJ6243,,,D6NJ6243,OTIS Sweet,,,,,,,2019-07-01,阳西县御景花园,,,
阳西县御景物业管理有限公司,D6NJ6244,奥的斯,乘客电梯,31104417002015080030,D6NJ6244,,,D6NJ6244,OTIS Sweet,,,,,,,2019-07-01,阳西县御景花园,,,
阳西县御景物业管理有限公司,D6NJ6245,奥的斯,乘客电梯,31104417002015080031,D6NJ6245,,,D6NJ6245,OTIS Sweet,,,,,,,2019-07-01,阳西县御景花园,,,
阳西县御景物业管理有限公司,D6NJ6246,奥的斯,乘客电梯,31104417002015080032,D6NJ6246,,,D6NJ6246,OTIS Sweet,,,,,,,2019-07-01,阳西县御景花园,,,
阳西县御景物业管理有限公司,D6NJ6233,奥的斯,乘客电梯,31104417002014120052,D6NJ6233,,,D6NJ6233,OTIS Sweet,,,,,,,2018-11-01,阳西县御景花园,,,
阳西县御景物业管理有限公司,D6NJ6234,奥的斯,乘客电梯,31104417002014120053,D6NJ6234,,,D6NJ6234,OTIS Sweet,,,,,,,2018-11-01,阳西县御景花园,,,
阳西县御景物业管理有限公司,D6NJ6230,奥的斯,乘客电梯,31104417002014120054,D6NJ6230,,,D6NJ6230,OTIS Sweet,,,,,,,2018-11-01,阳西县御景花园,,,
阳西县御景物业管理有限公司,D6NJ6227,奥的斯,乘客电梯,31104417002014120055,D6NJ6227,,,D6NJ6227,OTIS Sweet,,,,,,,2018-11-01,阳西县御景花园,,,
阳西县御景物业管理有限公司,D6NJ6228,奥的斯,乘客电梯,31104417002014120056,D6NJ6228,,,D6NJ6228,OTIS Sweet,,,,,,,2018-11-01,阳西县御景花园,,,
阳西县御景物业管理有限公司,D6NJ6229,奥的斯,乘客电梯,31104417002014120057,D6NJ6229,,,D6NJ6229,OTIS Sweet,,,,,,,2018-11-01,阳西县御景花园,,,
阳西县御景物业管理有限公司,D6NJ6231,奥的斯,乘客电梯,31104417002014120058,D6NJ6231,,,D6NJ6231,OTIS Sweet,,,,,,,2018-11-01,阳西县御景花园,,,
阳西县御景物业管理有限公司,D6NJ6232,奥的斯,乘客电梯,31104417002014120059,D6NJ6232,,,D6NJ6232,OTIS Sweet,,,,,,,2018-11-01,阳西县御景花园,,,
阳西县御景物业管理有限公司,6栋,广州广日,乘客电梯,31104417002012020031,11015933003,,,11015933003,MAX-E1000-CO1.5,,,,,,,2018-12-01,阳西县御景花园,,,
阳西县御景物业管理有限公司,3栋,广州广日,乘客电梯,31104417002012020032,11015933004,,,11015933004,MAX-E1000-CO1.5,,,,,,,2018-12-01,阳西县御景花园,,,
阳西县御景物业管理有限公司,1栋,广州广日,乘客电梯,31104417002012020038,11015933001,,,11015933001,MAX-E1000-CO1.5,,,,,,,2018-12-01,阳西县御景花园,,,
阳西县御景物业管理有限公司,2栋,广州广日,乘客电梯,31104417002012020039,11015933002,,,11015933002,MAX-E1000-CO1.5,,,,,,,2018-12-01,阳西县御景花园,,,
阳江耀宝房地产开发有限公司,19栋1#,富士,乘客电梯,31104417002014030014,FUJI120901-20,,,FUJI120901-20,TKJ800/2.0-VFW,,,,,,,2019-01-01,阳西县城人民北路凯旋豪庭,,,
阳江耀宝房地产开发有限公司,39栋2#,富士,乘客电梯,31104417002016120020,FUJI20160220-10,,,FUJI20160220-10,TKJ1050/2.0-VFW,,,,,,,2019-01-01,阳西县城人民北路凯旋豪庭,,,
阳江耀宝房地产开发有限公司,19栋2#,富士,乘客电梯,31104417002013050020,FUJI120901-21,,,FUJI120901-21,TKJ1050/2.0-VFW,,,,,,,2019-01-01,阳西县城人民北路凯旋豪庭,,,
阳江耀宝房地产开发有限公司,13栋1/1货,富士,乘客电梯,31104417002013050029,FUJI120901-07,,,FUJI120901-07,TKJ800/1.75-JXW,,,,,,,2019-01-01,阳西县城人民北路凯旋豪庭,,,
阳江耀宝房地产开发有限公司,12栋1/1#,富士,乘客电梯,31104417002013050030,FUJI120901-10,,,FUJI120901-10,TKJ800/1.75-JXW,,,,,,,2019-01-01,阳西县城人民北路凯旋豪庭,,,
阳江耀宝房地产开发有限公司,12栋1/2货,富士,乘客电梯,31104417002013050031,FUJI120901-11,,,FUJI120901-11,TKJ800/1.75-JXW,,,,,,,2019-01-01,阳西县城人民北路凯旋豪庭,,,
阳江耀宝房地产开发有限公司,12栋2/2#,富士,乘客电梯,31104417002013050032,FUJI120901-08,,,FUJI120901-08,TKJ800/1.75-JXW,,,,,,,2019-01-01,阳西县城人民北路凯旋豪庭,,,
阳江耀宝房地产开发有限公司,13栋2/1货,富士,乘客电梯,31104417002013050033,FUJI120901-04,,,FUJI120901-04,TKJ800/1.75-JXW,,,,,,,2019-01-01,阳西县城人民北路凯旋豪庭,,,
阳江耀宝房地产开发有限公司,12栋2/1#,富士,乘客电梯,31104417002013050034,FUJI120901-09,,,FUJI120901-09,TKJ800/1.75-JXW,,,,,,,2019-01-01,阳西县城人民北路凯旋豪庭,,,
阳江耀宝房地产开发有限公司,13栋2/2#,富士,乘客电梯,31104417002013050035,FUJI120901-05,,,FUJI120901-05,TKJ800/1.75-JXW,,,,,,,2019-01-01,阳西县城人民北路凯旋豪庭,,,
阳江耀宝房地产开发有限公司,13栋1/2#,富士,乘客电梯,31104417002013050036,FUJI120901-06,,,FUJI120901-06,TKJ800/1.75-JXW,,,,,,,2019-01-01,阳西县城人民北路凯旋豪庭,,,
阳江耀宝房地产开发有限公司,29栋2#,,乘客电梯,31104417002016030013,FUJI20141009-30,,,FUJI20141009-30,VFP-1000/C0120,,,,,,,2019-05-01,阳西县城人民北路凯旋豪庭,,,
阳江耀宝房地产开发有限公司,28栋2#,,乘客电梯,31104417002016030014,FUJI20141009-31,,,FUJI20141009-31,VFP-1000/C0120,,,,,,,2019-05-01,阳西县城人民北路凯旋豪庭,,,
阳江耀宝房地产开发有限公司,25栋1#,,乘客电梯,31104417002016030015,FUJI20140901-10,,,FUJI20140901-10,VFP-800/C0105,,,,,,,2019-05-01,阳西县城人民北路凯旋豪庭,,,
阳江耀宝房地产开发有限公司,23栋2#,,乘客电梯,31104417002016030016,FUJI20140901-11,,,FUJI20140901-11,VFP-800/C0105,,,,,,,2019-05-01,阳西县城人民北路凯旋豪庭,,,
阳江耀宝房地产开发有限公司,23栋1#,,乘客电梯,31104417002016030017,FUJI20140901-15,,,FUJI20140901-15,VFP-1000/C0107,,,,,,,2019-05-01,阳西县城人民北路凯旋豪庭,,,
阳江耀宝房地产开发有限公司,22栋1#,,乘客电梯,31104417002016030018,FUJI20140901-12,,,FUJI20140901-12,VFP-800/C0107,,,,,,,2019-05-01,阳西县城人民北路凯旋豪庭,,,
阳江耀宝房地产开发有限公司,22栋2#,,乘客电梯,31104417002016030019,FUJI20140901-13,,,FUJI20140901-13,VFP-1000/C0107,,,,,,,2019-05-01,阳西县城人民北路凯旋豪庭,,,
阳江耀宝房地产开发有限公司,25栋2#,,乘客电梯,31104417002016030020,FUJI20140901-14,,,FUJI20140901-14,VFP-1000/C0107,,,,,,,2019-05-01,阳西县城人民北路凯旋豪庭,,,
阳江耀宝房地产开发有限公司,27栋1#,,乘客电梯,31104417002016030021,FUJI20141009-20,,,FUJI20141009-20,VFP-800/C0120,,,,,,,2019-05-01,阳西县城人民北路凯旋豪庭,,,
阳江耀宝房地产开发有限公司,26栋1#,,乘客电梯,31104417002016030022,FUJI20141009-21,,,FUJI20141009-21,VFP-800/C0120,,,,,,,2019-05-01,阳西县城人民北路凯旋豪庭,,,
阳江耀宝房地产开发有限公司,21栋1#,,乘客电梯,31104417002016030023,FUJI20141009-22,,,FUJI20141009-22,VFP-800/C0120,,,,,,,2019-05-01,阳西县城人民北路凯旋豪庭,,,
阳江耀宝房地产开发有限公司,20栋1#,,乘客电梯,31104417002016030024,FUJI20141009-23,,,FUJI20141009-23,VFP-800/C0120,,,,,,,2019-05-01,阳西县城人民北路凯旋豪庭,,,
阳江耀宝房地产开发有限公司,28栋1#,,乘客电梯,31104417002016030025,FUJI20141009-24,,,FUJI20141009-24,VFP-800/C0120,,,,,,,2019-05-01,阳西县城人民北路凯旋豪庭,,,
阳江耀宝房地产开发有限公司,29栋1#,,乘客电梯,31104417002016030026,FUJI20141009-25,,,FUJI20141009-25,VFP-800/C0120,,,,,,,2019-05-01,阳西县城人民北路凯旋豪庭,,,
阳江耀宝房地产开发有限公司,27栋2#,,乘客电梯,31104417002016030027,FUJI20141009-26,,,FUJI20141009-26,VFP-1000/C0120,,,,,,,2019-05-01,阳西县城人民北路凯旋豪庭,,,
阳江耀宝房地产开发有限公司,26栋2#,,乘客电梯,31104417002016030028,FUJI20141009-27,,,FUJI20141009-27,VFP-1000/C0120,,,,,,,2019-05-01,阳西县城人民北路凯旋豪庭,,,
阳江耀宝房地产开发有限公司,20栋2#,,乘客电梯,31104417002016030029,FUJI20141009-28,,,FUJI20141009-28,VFP-1000/C0120,,,,,,,2019-05-01,阳西县城人民北路凯旋豪庭,,,
阳江耀宝房地产开发有限公司,21栋2#,,乘客电梯,31104417002016030030,FUJI20141009-29,,,FUJI20141009-29,VFP-1000/C0120,,,,,,,2019-05-01,阳西县城人民北路凯旋豪庭,,,
阳江耀宝房地产开发有限公司,卜峰2货,富士,载货电梯,32104417002017040002,FUJI20140628-06,,,FUJI20140628-06,THJ5000/0.5-JXW,,,,,,,2019-06-01,阳西县城人民北路凯旋豪庭,,,
阳江耀宝房地产开发有限公司,东门4#,富士,乘客电梯,31304417002016010008,FUJI20140909-31,,,FUJI20140909-31,FUJI-KWVF-1050-90,,,,,,,2019-07-01,阳西县城人民北路凯旋豪庭,,,
阳江耀宝房地产开发有限公司,办公2#,富士,乘客电梯,31104417002016010051,FUJI20140628-09,,,FUJI20140628-09,TKJ1600/1.0-VFW,,,,,,,2019-07-01,阳西县城人民北路凯旋豪庭,,,
阳江耀宝房地产开发有限公司,办公1#,富士,乘客电梯,31104417002016010052,FUJI20140628-08,,,FUJI20140628-08,TKJ1600/1.0-VFW,,,,,,,2019-07-01,阳西县城人民北路凯旋豪庭,,,
阳江耀宝房地产开发有限公司,客梯3#,富士,乘客电梯,31104417002016010053,FUJI20140628-07,,,FUJI20140628-07,TKJ1600/1.0-VFW,,,,,,,2019-07-01,阳西县城人民北路凯旋豪庭,,,
阳江耀宝房地产开发有限公司,观光2#,富士,观光电梯,31504417002016010007,FUJI20140909-33,,,FUJI20140909-33,TKJ825/1.5-VFW,,,,,,,2019-07-01,阳西县城人民北路凯旋豪庭,,,
阳江耀宝房地产开发有限公司,观光1#,富士,观光电梯,31504417002016010008,FUJI20140909-32,,,FUJI20140909-32,TKJ825/1.5-VFW,,,,,,,2019-07-01,阳西县城人民北路凯旋豪庭,,,
阳江耀宝房地产开发有限公司,商场1#,富士,载货电梯,32104417002014030002,FUJI120130502-02,,,FUJI120130502-02,TKJ3000/0.5-JXW,,,,,,,2018-09-01,阳西县城人民北路凯旋豪庭,,,
阳江耀宝房地产开发有限公司,16栋1#,富士宝马,乘客电梯,31104417002014030008,FUJI120901-14,,,FUJI120901-14,TKJ800/2.0-VFW,,,,,,,2018-09-01,阳西县城人民北路凯旋豪庭,,,
阳江耀宝房地产开发有限公司,15栋2#,富士,乘客电梯,31104417002014030010,FUJI120901-13,,,FUJI120901-13,TKJ800/2.0-VFW,,,,,,,2018-09-01,阳西县城人民北路凯旋豪庭,,,
阳江耀宝房地产开发有限公司,商场2#,富士,载货电梯,32104417002014030001,FUJI120130502-01,,,FUJI120130502-01,TKJ3000/0.5-JXW,,,,,,,2018-10-01,阳西县城人民北路凯旋豪庭,,,
阳江耀宝房地产开发有限公司,17栋1#,富士,乘客电梯,31104417002014030007,FUJI120901-16,,,FUJI120901-16,TKJ800/2.0-VFW,,,,,,,2018-10-01,阳西县城人民北路凯旋豪庭,,,
阳江耀宝房地产开发有限公司,15栋1#,富士,乘客电梯,31104417002014030009,FUJI120901-12,,,FUJI120901-12,TKJ800/2.0-VFW,,,,,,,2018-10-01,阳西县城人民北路凯旋豪庭,,,
阳江耀宝房地产开发有限公司,16栋2#,富士,乘客电梯,31104417002014030011,FUJI120901-15,,,FUJI120901-15,TKJ800/2.0-VFW,,,,,,,2018-10-01,阳西县城人民北路凯旋豪庭,,,
阳江耀宝房地产开发有限公司,18栋1#,富士,乘客电梯,31104417002014030012,FUJI120901-18,,,FUJI120901-18,TKJ800/2.0-VFW,,,,,,,2018-10-01,阳西县城人民北路凯旋豪庭,,,
阳江耀宝房地产开发有限公司,18栋2#,富士,乘客电梯,31104417002014030013,FUJI120901-19,,,FUJI120901-19,TKJ800/2.0-VFW,,,,,,,2018-10-01,阳西县城人民北路凯旋豪庭,,,
阳江耀宝房地产开发有限公司,17栋2#,富士,乘客电梯,31104417002014030015,FUJI120901-17,,,FUJI120901-17,TKJ800/2.0-VFW,,,,,,,2018-10-01,阳西县城人民北路凯旋豪庭,,,
阳江耀宝房地产开发有限公司,41栋1#,富士,乘客电梯,31104417002016120018,FUJI20160220-01,,,FUJI20160220-01,TKJ800/2.0-VFW,,,,,,,2018-10-01,阳西县城人民北路凯旋豪庭,,,
阳江耀宝房地产开发有限公司,37栋2#,富士,乘客电梯,31104417002016120019,FUJI20160201-09,,,FUJI20160201-09,TKJ800/2.0-VFW,,,,,,,2018-10-01,阳西县城人民北路凯旋豪庭,,,
阳江耀宝房地产开发有限公司,41栋2#,富士,乘客电梯,31104417002016120021,FUJI20160220-11,,,FUJI20160220-11,TKJ1050/2.0-VFW,,,,,,,2018-10-01,阳西县城人民北路凯旋豪庭,,,
阳江耀宝房地产开发有限公司,32栋1#,富士,乘客电梯,31104417002016120022,FUJI20160220-13,,,FUJI20160220-13,TKJ1050/2.0-VFW,,,,,,,2018-10-01,阳西县城人民北路凯旋豪庭,,,
阳江耀宝房地产开发有限公司,35栋2#,富士,乘客电梯,31104417002016120023,FUJI20160220-14,,,FUJI20160220-14,TKJ1050/2.0-VFW,,,,,,,2018-10-01,阳西县城人民北路凯旋豪庭,,,
阳江耀宝房地产开发有限公司,33栋2#,富士,乘客电梯,31104417002016120024,FUJI20160220-16,,,FUJI20160220-16,TKJ1050/2.0-VFW,,,,,,,2018-10-01,阳西县城人民北路凯旋豪庭,,,
阳江耀宝房地产开发有限公司,39栋1#,富士,乘客电梯,31104417002016120025,FUJI20160220-02,,,FUJI20160220-02,TKJ800/2.0-VFW,,,,,,,2018-10-01,阳西县城人民北路凯旋豪庭,,,
阳江耀宝房地产开发有限公司,40栋2#,富士,乘客电梯,31104417002016120026,FUJI20160220-03,,,FUJI20160220-03,TKJ800/2.0-VFW,,,,,,,2018-10-01,阳西县城人民北路凯旋豪庭,,,
阳江耀宝房地产开发有限公司,36栋1#,富士,乘客电梯,31104417002016120028,FUJI20160220-06,,,FUJI20160220-06,TKJ800/2.0-VFW,,,,,,,2018-10-01,阳西县城人民北路凯旋豪庭,,,
阳江耀宝房地产开发有限公司,35栋1#,富士,乘客电梯,31104417002016120030,FUJI20160220-07,,,FUJI20160220-07,TKJ800/2.0-VFW,,,,,,,2018-10-01,阳西县城人民北路凯旋豪庭,,,
阳江耀宝房地产开发有限公司,40栋1#,富士,乘客电梯,31104417002016120031,FUJI20160220-12,,,FUJI20160220-12,TKJ1050/2.0-VFW,,,,,,,2018-10-01,阳西县城人民北路凯旋豪庭,,,
阳江耀宝房地产开发有限公司,36栋2#,富士,乘客电梯,31104417002016120032,FUJI20160220-15,,,FUJI20160220-15,TKJ1050/2.0-VFW,,,,,,,2018-10-01,阳西县城人民北路凯旋豪庭,,,
阳江耀宝房地产开发有限公司,38栋1#,富士,乘客电梯,31104417002016120033,FUJI20151209-11,,,FUJI20151209-11,TKJ800/2.0-VFW,,,,,,,2018-10-01,阳西县城人民北路凯旋豪庭,,,
阳江耀宝房地产开发有限公司,6,富士,乘客电梯,31104417002012060010,1004K1030 ,,,1004K1030 ,FSVIP800/1.75-JX,,,,,,,2018-10-01,阳西县城人民北路凯旋豪庭,,,
阳江耀宝房地产开发有限公司,5,富士,乘客电梯,31104417002012060011,1004K1031 ,,,1004K1031 ,FSVIP800/1.75-JX,,,,,,,2018-10-01,阳西县城人民北路凯旋豪庭,,,
阳江耀宝房地产开发有限公司,4,富士,乘客电梯,31104417002012060012,1004K1032 ,,,1004K1032 ,FSVIP800/1.75-JX,,,,,,,2018-10-01,阳西县城人民北路凯旋豪庭,,,
阳江耀宝房地产开发有限公司,3,富士,乘客电梯,31104417002012060013,1004K1033 ,,,1004K1033 ,FSVIP800/1.75-JX,,,,,,,2018-10-01,阳西县城人民北路凯旋豪庭,,,
阳江耀宝房地产开发有限公司,2,富士,乘客电梯,31104417002012060014,1004K1034 ,,,1004K1034 ,FSVIP800/1.75-JX,,,,,,,2018-10-01,阳西县城人民北路凯旋豪庭,,,
阳江耀宝房地产开发有限公司,1,富士,乘客电梯,31104417002012060015,1004K1035 ,,,1004K1035 ,FSVIP800/1.75-JX,,,,,,,2018-10-01,阳西县城人民北路凯旋豪庭,,,
阳江耀宝房地产开发有限公司,11,富士,乘客电梯,31104417002012060016,1004K1036,,,1004K1036,FSVIP800/1.75-JX,,,,,,,2018-10-01,阳西县城人民北路凯旋豪庭,,,
阳江耀宝房地产开发有限公司,10,富士,乘客电梯,31104417002012060017,1004K1037,,,1004K1037,FSVIP800/1.75-JX,,,,,,,2018-10-01,阳西县城人民北路凯旋豪庭,,,
阳江耀宝房地产开发有限公司,9,富士,乘客电梯,31104417002012060018,1004K1038 ,,,1004K1038 ,FSVIP800/1.75-JX,,,,,,,2018-10-01,阳西县城人民北路凯旋豪庭,,,
阳江耀宝房地产开发有限公司,8,富士,乘客电梯,31104417002012060019,1004K1039 ,,,1004K1039 ,FSVIP800/1.75-JX,,,,,,,2018-10-01,阳西县城人民北路凯旋豪庭,,,
阳江耀宝房地产开发有限公司,7,富士,乘客电梯,31104417002012060020,1004K1040 ,,,1004K1040 ,FSVIP800/1.75-JX,,,,,,,2018-10-01,阳西县城人民北路凯旋豪庭,,,
阳江耀宝房地产开发有限公司,32栋2#,富士,乘客电梯,31104417002016120027,FUJI20160220-04,,,FUJI20160220-04,TKJ800/2.0-VFW,,,,,,,2018-11-01,阳西县城人民北路凯旋豪庭,,,
阳江耀宝房地产开发有限公司,33栋1#,富士,乘客电梯,31104417002016120029,FUJI20160220-08,,,FUJI20160220-08,TKJ800/2.0-VFW,,,,,,,2018-11-01,阳西县城人民北路凯旋豪庭,,,
阳江耀宝房地产开发有限公司,37栋1#,富士,乘客电梯,31104417002017120093,F170428L1-39,,,F170428L1-39,TKJ825/2.0-VFW,,,,,,,2018-11-01,阳西县城人民北路凯旋豪庭,,,
阳江耀宝房地产开发有限公司,38栋2#,富士,乘客电梯,31104417002017120094,F170428L2-40,,,F170428L2-40,TKJ1050/2.0-VFW,,,,,,,2018-11-01,阳西县城人民北路凯旋豪庭,,,
广州珠江物业酒店管理有限公司阳西分公司,49栋1#,富士,乘客电梯,31104417002017120095,F170428L3-41,,,F170428L3-41,TKJ825/2.0-VFW,,,,,,,2018-11-01,阳西县城人民北路凯旋豪庭,,,
广州珠江物业酒店管理有限公司阳西分公司,48栋2#,富士,乘客电梯,31104417002017120096,F170428L4-42,,,F170428L4-42,TKJ1050/2.0-VFW,,,,,,,2018-11-01,阳西县城人民北路凯旋豪庭,,,
广州珠江物业酒店管理有限公司阳西分公司,48栋1#,富士,乘客电梯,31104417002017120097,F707270088 ,,,F707270088 ,TKJ1050/1.75-VFW,,,,,,,2018-11-01,阳西县城人民北路凯旋豪庭,,,
广州珠江物业酒店管理有限公司阳西分公司,49栋2#,富士,乘客电梯,31104417002017120098,F707270089 ,,,F707270089 ,TKJ825/1.75-VFW,,,,,,,2018-11-01,阳西县城人民北路凯旋豪庭,,,
广州珠江物业酒店管理有限公司阳西分公司,52栋2#,富士,乘客电梯,31104417002017120099,F707270090 ,,,F707270090 ,TKJ1050/1.75-VFW,,,,,,,2018-11-01,阳西县城人民北路凯旋豪庭,,,
广州珠江物业酒店管理有限公司阳西分公司,53栋1#,富士,乘客电梯,31104417002017120100,F707270087,,,F707270087,TKJ825/1.75-VFW,,,,,,,2018-11-01,阳西县城人民北路凯旋豪庭,,,
广州珠江物业酒店管理有限公司阳西分公司,53栋2#,富士,乘客电梯,31104417002017120101,F705220061 ,,,F705220061 ,TKJ1050/2.0-VFW,,,,,,,2018-11-01,阳西县城人民北路凯旋豪庭,,,
广州珠江物业酒店管理有限公司阳西分公司,52栋1#,富士,乘客电梯,31104417002017120102,F705220062 ,,,F705220062 ,TKJ825/2.0-VFW,,,,,,,2018-11-01,阳西县城人民北路凯旋豪庭,,,
广州珠江物业酒店管理有限公司阳西分公司,50栋2#,富士,乘客电梯,31104417002017120103,F705220063 ,,,F705220063 ,TKJ1050/2.0-VFW,,,,,,,2018-11-01,阳西县城人民北路凯旋豪庭,,,
广州珠江物业酒店管理有限公司阳西分公司,50栋1#,富士,乘客电梯,31104417002017120104,F705220060 ,,,F705220060 ,TKJ825/2.0-VFW,,,,,,,2018-11-01,阳西县城人民北路凯旋豪庭,,,
广州珠江物业酒店管理有限公司阳西分公司,51栋2#,富士,乘客电梯,31104417002017120105,F705220064  ,,,F705220064  ,TKJ825/2.0-VFW,,,,,,,2018-11-01,阳西县城人民北路凯旋豪庭,,,
广州珠江物业酒店管理有限公司阳西分公司,51栋1#,富士,乘客电梯,31104417002017120106,F705220065 ,,,F705220065 ,TKJ1050/2.0-VFW,,,,,,,2018-11-01,阳西县城人民北路凯旋豪庭,,,
广州珠江物业酒店管理有限公司阳西分公司,56栋1#,富士,乘客电梯,31104417002017120107,F705220066  ,,,F705220066  ,TKJ825/2.0-VFW,,,,,,,2018-11-01,阳西县城人民北路凯旋豪庭,,,
广州珠江物业酒店管理有限公司阳西分公司,55栋2#,富士,乘客电梯,31104417002017120108,F705220067 ,,,F705220067 ,TKJ1050/2.0-VFW,,,,,,,2018-11-01,阳西县城人民北路凯旋豪庭,,,
广州珠江物业酒店管理有限公司阳西分公司,55栋1#,富士,乘客电梯,31104417002017040017,FUJI20160220-17,,,FUJI20160220-17,TKJ1050/2.0-VFW,,,,,,,2018-12-01,阳西县城人民北路凯旋豪庭,,,
广州珠江物业酒店管理有限公司阳西分公司,56栋2#,富士,乘客电梯,31104417002017040018,FUJI20150615-20,,,FUJI20150615-20,TKJ1050/2.0-VFW,,,,,,,2018-12-01,阳西县城人民北路凯旋豪庭,,,
