徐州九龙妇产医院,东门旁大厅南梯,苏州东奥电梯,乘客电梯,31103203022013060587,,西子奥的斯电梯有限公司,2013-10-01,20130315,DK30,曳引驱动,9,9,9,1000,1,2018-01-31,黄河东路39号,,,
徐州九龙妇产医院,大厅西梯,松日电梯,医用电梯,31703203022013060588,2,西子奥的斯电梯有限公司,2012-11-01,SRI12-10007,TBJ1600/1.75-JXW,曳引驱动,8,8,8,1600,1.75,2018-01-31,黄河东路39号,,,
电业局本部1号楼,1号楼南梯,日立电梯,乘客电梯,31103203022013121923,1,上海三菱电梯有限公司,2013-08-01,13G026141,HPM-1050-CO120,曳引驱动,22,22,22,1050,2,2017-12-21,煤建东三巷与煤建路交叉口东南50米,,,
电业局本部1号楼,1号楼中梯,日立电梯,乘客电梯,31103203022013121921,,上海三菱电梯有限公司,2013-08-01,13G026142,HPM-1050-CO120,曳引驱动,22,22,22,1050,2,2017-12-21,煤建东三巷与煤建路交叉口东南50米,,,
电业局本部1号楼,1号楼北梯,日立电梯,乘客电梯,31103203022013121922,3,上海三菱电梯有限公司,2013-08-01,13G026143,HPM-1050-CO120,曳引驱动,23,23,23,1050,2,2017-12-21,煤建东三巷与煤建路交叉口东南50米,,,
电业局本部2号楼,2号楼南梯,日立电梯,乘客电梯,31103203022014091278,,苏州帝奥电梯有限公司,2013-11-01,13G026144,HPM-1050-CO105,曳引驱动,10,10,10,1050,1.75,2017-09-29,煤建东三巷与煤建路交叉口东南50米,,,
电业局本部2号楼,2号楼北梯,日立电梯,乘客电梯,31103203022014091275,,苏州帝奥电梯有限公司,2013-11-01,13G026145,HPM-1050-CO105,曳引驱动,10,10,10,1050,1.75,2017-09-29,煤建东三巷与煤建路交叉口东南50米,,,
电业局本部综合楼,观光梯,日立电梯,观光电梯,31503203022012121727,,苏州帝奥电梯有限公司,1998-02-01,12G030630,UAX-01000-CO60,曳引驱动,5,5,5,1000,1,2018-05-28,煤建东三巷与煤建路交叉口东南50米,,,
电业局本部,餐梯东梯,捷特达餐梯,餐梯,34003203022012121729,2,苏州帝奥电梯有限公司,2012-04-01,120429,TWJ-200,曳引驱动,3,3,3,200,0.4,2017-09-29,解放北路20号,,,
电业局本部,餐梯西梯,捷特达餐梯,餐梯,34003203022012121728,,苏州帝奥电梯有限公司,2012-04-01,120430,TWJ-200,曳引驱动,3,3,3,200,0.4,2017-09-29,解放北路20号,,,
电业局本部,计量室,广州日立,乘客电梯,31103203022007060214,,江苏施塔德电梯有限公司,2007-01-01,06G516907,GVF-II900-CO60,曳引驱动,6,6,6,900,1,2017-12-29,解放北路20号,,,
变电运维室（黄河沿）,1#,苏州江南快速电梯,乘客电梯,31103203112007070267,1,江苏施塔德电梯有限公司,2007-04-01,09NB9499,P0800G10W-CO,曳引驱动,7,7,7,800,1,2017-09-29,徐州黄河沿,,,
变电检修室（解放桥）,1#,天津奥的斯,乘客电梯,31303203112009060317,1,巨人通力电梯有限公司,2009-05-01,R2NB8742,TKJ1000/1.00-JX,曳引驱动,6,6,6,1000,1,2017-9-29,江苏省徐州市邳州市解放桥,,,
培训中心（教培）,1#,西子奥的斯,乘客电梯,31303203032012050407,,巨人通力电梯有限公司,2012-02-01,F8N00008,GEN2,曳引驱动,6,6,6,1000,1.75,2017-12-13,徐州市云龙区,,,
配电检修室（四院配网）,1#,日立电梯,乘客电梯,31103203022004111556,,东芝电梯（中国）有限公司,2004-11-01,G044426,TKG1000/1.50-JX,曳引驱动,6,6,6,1000,1.5,2017-12-29,徐州市云龙区,,,
花园变,东梯,日立电梯,乘客电梯,31103203022008110632,,日立电梯（中国）有限公司,2008-07-01,08G014856,HGP-1050-CO90,曳引驱动,8,8,8,1050,1.5,2017-12-21,徐州市云龙区,,,
花园变,西梯,日立电梯,乘客电梯,31103203022008110633,,日立电梯（中国）有限公司,2008-07-01,08G014855,HGP-1050-CO90,曳引驱动,6,6,6,1050,1.5,2017-12-21,徐州市云龙区,,,
花园变,货梯,施塔德电梯,载货电梯,32103203022010020256,,日立电梯（中国）有限公司,2010-01-01,10NEB1026,STDH1000/0.63-VF,曳引驱动,2,2,2,1000,0.63,2017-12-19,徐州市云龙区,,,
电业局物流分中心,中心仓库,上海三菱,载货电梯,32103203022003121334,,日立电梯（中国）有限公司,2003-06-01,03SGA20-743-1,THJ2000/0.63-JX,曳引驱动,4,4,4,2000,0.63,2017-12-19,徐州市云龙区,,,
电力医院,金桥监理综合楼南梯,巨人通力电梯,乘客电梯,31703203022007120672,1,日立电梯（中国）有限公司,2009-06-01,G15372-BS,GBS20K,曳引驱动,5,5,5,1600,1,2017-08-30,煤港路60号,,,
电力医院,金桥监理综合楼北梯,蒂森电梯,乘客电梯,,,日立电梯（中国）有限公司,,,,曳引驱动,5,5,5,,,,煤港路60号,,,
电力医院,体检中心,蒂森电梯,乘客电梯,,,日立电梯（中国）有限公司,,,,曳引驱动,7,7,7,,,,煤港路60号,,,
检修分部（七里沟）,运行检修楼南梯,西子奥的斯,乘客电梯,31303203032014121743,1#,日立电梯（中国）有限公司,2014-04-10,F8N95816,GeN2,曳引驱动,8,8,8,1000,1.75,2017-12-13,徐州市泉山区七里沟新路,,,
检修分部（七里沟）,运行检修楼北梯,西子奥的斯,乘客电梯,31303203032014121744,2#,日立电梯（中国）有限公司,2014-04-10,F8N95815,GeN2,曳引驱动,8,8,8,1000,1.75,2017-12-13,徐州市泉山区七里沟新路,,,
检修分部（七里沟）,生产办公用房楼,西子奥的斯,乘客电梯,31303203032014121745,,日立电梯（中国）有限公司,2014-04-10,F8N95817,GeN2,曳引驱动,6,6,6,1000,1.75,2017-12-13,徐州市泉山区七里沟新路,,,
铜山新区供电公司,办公楼大厅,苏州富佳思科电梯,乘客电梯,31303203232008070333,1,东芝电梯（中国）有限公司,2008-04-01,804106,NKP(N)1000/1.0,曳引驱动,4,4,4,1000,1,2017-09-29,同昌西路173,,,
华联金福,大厅北梯,上海东莞电梯,乘客电梯,31103203022002060528,,东芝电梯（中国）有限公司,1999-01-01,990069（曳引机）,TKJ100/1.5JX,曳引驱动,10,10,10,1000,1.5,2017-01-17,徐州市鼓楼区淮海西路51号,,,
华联大厦B座,大厅单层梯,东芝电梯,乘客电梯,31103203022002060529,2,莱茵电梯有限公司,1999-01-01,990065（曳引机）,TKJ1000/1.75-JX,曳引驱动,25,25,25,1000,1.75,2018-03-20,淮海东路51号,,,
华联大厦B座,大厅双层梯,东芝电梯,乘客电梯,31103203022002060530,3,华升富士达电梯有限公司,1999-01-01,990064（曳引机）,TKJ1000/1.75-JX,曳引驱动,25,25,25,1000,1.75,2018-03-20,淮海东路51号,,,
碧涛莎酒店,南梯,施塔德电梯,乘客电梯,31303203022011010036,2#,华升富士达电梯有限公司,2011-01-01,10NEB6078,STDW-K1000/1.5-VF,曳引驱动,6,6,6,1000,1.5,2018-03-20,解放北路2号,,,
碧涛莎酒店,北梯,施塔德电梯,乘客电梯,31303203022011010037,2,华升富士达电梯有限公司,2011-01-01,10NEB6079,STDW-K1000/1.5-VF,曳引驱动,6,6,6,1000,1.5,2018-03-20,解放北路2号,,,
文化大厦,东梯,爱登堡电梯,乘客电梯,31103203022007080323,1,华升富士达电梯有限公司,2009-07-01,ED070401-01,EDL-508K/VF-1000kg/1.75,曳引驱动,21,21,21,1000,1.75,2018-04-17,徐州市鼓楼区大马路99-2号,,,
文化大厦,中梯,爱登堡电梯,乘客电梯,31103203022007080322,2,东芝电梯（中国）有限公司,2009-07-01,ED070401-02,EDL-508K/VF-1000kg/1.75,曳引驱动,21,21,21,1000,1.75,2018-04-17,徐州市鼓楼区大马路99-2号,,,
文化大厦,西梯,爱登堡电梯,乘客电梯,31103203022007080321,3,东芝电梯（中国）有限公司,2009-07-01,ED070401-03,EDL-508K/VF-1000kg/1.75,曳引驱动,21,21,21,1000,1.75,2018-04-17,徐州市鼓楼区大马路99-2号,,,
荷馨园酒店,酒店大厅,爱默生电梯,乘客电梯,31303203112011121142,1#,恒达富士电梯有限公司,2011-10-01,D1108115,ES2000NP/1000-1.0m/s,曳引驱动,2,2,2,1000,1,2018-02-01,中山南路80号,,,
海螺村酒店,酒店大厅,蒂森电梯,乘客电梯,31103203112002080883,1#,恒达富士电梯有限公司,2001-07-04,2001219,TKJ1000/1.0-JXW,曳引驱动,7,7,7,1000,1,2018-03-20,湖北路36号,,,
海螺村酒店,餐梯,上海东亚电梯,餐梯,,,江南嘉捷电梯股份有限公司,2011-12-01,,,曳引驱动,2,2,2,,,,湖北路36号,,,
海螺村酒店,餐梯,上海东亚电梯,餐梯,,,东芝电梯（中国）有限公司,2011-12-01,,,曳引驱动,2,2,2,,,,湖北路36号,,,
黄河景园,A座北梯,上海三菱电梯,乘客电梯,31103203032004091510,6号,东芝电梯（中国）有限公司,2004-02-01,402001167,TKJ1000/1.75-JX,曳引驱动,19,19,19,1000,1.75,2017-09-06,夹河街2号,,,
黄河景园,A座南梯,上海三菱电梯,乘客电梯,31103203032004091509,5号,上海三菱电梯有限公司,2004-02-01,402001166,TKJ1000/1.75-JX,曳引驱动,21,21,21,1000,1.75,2017-09-06,夹河街2号,,,
黄河景园,B座北梯,上海三菱电梯,乘客电梯,31103203032004091507,4号,上海三菱电梯有限公司,2004-02-01,402001165,TKJ1000/1.75-JX,曳引驱动,18,18,18,1000,1.75,2017-09-06,夹河街2号,,,
黄河景园,B座南梯,上海三菱电梯,乘客电梯,31103203032004091505,3号,奥的斯机电电梯有限公司,2004-02-01,402001164,TKJ1000/1.75-JX,曳引驱动,20,20,20,1000,1.75,2017-09-06,夹河街2号,,,
黄河景园,C座北梯,上海三菱电梯,乘客电梯,31103203032004091506,2号,奥的斯机电电梯有限公司,2004-02-01,402001163,TKJ1000/1.75-JX,曳引驱动,19,19,19,1000,1.75,2017-09-06,夹河街2号,,,
黄河景园,C座南梯,上海三菱电梯,乘客电梯,31103203032004091508,1号,扬州天利电梯有限公司,2004-02-01,402001162,TKJ1000/1.75-JX,曳引驱动,21,21,21,1000,1.75,2017-09-06,夹河街2号,,,
状元楼,商住楼西梯,上海崇友东芝电梯,乘客电梯,31103203032002080904,1月2日,通力电梯有限公司,2001-05-01,ZY-DT-2,CV180-1000,曳引驱动,25,25,25,1000,1.75,2017-06-27,解放北路72号,,,
状元楼,商住楼东梯,上海崇友东芝电梯,乘客电梯,31103203032002080903,1月1日,康力电梯股份有限公司,2001-05-01,ZY-DT-1,CV180-1000,曳引驱动,25,25,25,1000,1.75,2017-06-27,解放北路72号,,,
总工会培训中心,办公楼东梯,杭州西子奥的斯电梯,乘客电梯,31103203022004050641,B,天津奥的斯电梯有限公司,1998-03-01,98-149,TKJ100/1.0-JXW,曳引驱动,6,6,6,1000,1,2018-03-21,文化路28号,,,
金陵金源大酒店,3号楼大厅南梯,日立电梯,乘客电梯,31103203022014122064,,天津奥的斯电梯有限公司,2014-07-01,13G026139,HPM-825-CO105,曳引驱动,15,15,15,825,1.75,2018-03-23,淮海西路33号,,,
金陵金源大酒店,3号楼大厅北梯,日立电梯,乘客电梯,31103203022014122066,,东芝电梯（中国）有限公司,2014-07-01,13G026140,HPM-825-CO106,曳引驱动,15,15,15,825,1.75,2018-03-23,淮海西路33号,,,
金陵金源大酒店,2号楼大厅南梯,施塔德电梯,乘客电梯,31103203022016122601,,东芝电梯（中国）有限公司,2016-09-01,16NE0979,STD-K,曳引驱动,10,10,10,1000,1.5,2018-01-12,淮海西路33号,,,
金陵金源大酒店,2号楼大厅北梯,施塔德电梯,乘客电梯,31103203022016122357,,东芝电梯（中国）有限公司,2016-09-01,16NE0980,STD-K,曳引驱动,10,10,10,1000,1.5,2018-01-12,淮海西路33号,,,
戏马台写字楼,写字楼,东芝电梯,乘客电梯,31103203112002060613,,东芝电梯（中国）有限公司,2002-06-01,,,曳引驱动,8,8,8,800,1,2018-01-03,解放路103号,,,
丰储明珠,丰储明珠,北京五洲电梯,乘客电梯,31303203032009010027,,东芝电梯（中国）有限公司,2003-05-01,,WGVF-50,曳引驱动,7,7,7,800,1,,丰储街明珠楼,,,
贾汪供电公司,南梯,日立电梯,乘客电梯,31103203052017020001,,东芝电梯（中国）有限公司,2016-09-01,16G036776,MCA-1050-CO105,曳引驱动,9,9,9,1050,1.75,2018-06-14,贾韩中路,,,
贾汪供电公司,北梯,日立电梯,乘客电梯,31103203052017020002,,东芝电梯（中国）有限公司,2016-09-01,16G036777,MCA-1050-CO105,曳引驱动,10,10,10,1050,1.75,2018-06-14,贾韩中路,,,
矿大食堂,一食堂,泰州富士电梯,餐梯,34003203032014111495,,东芝电梯（中国）有限公司,2014-08-01,,,曳引驱动,3,3,3,300,0.4,2017-12-19,徐州市泉山区大学路1号,,,
矿大食堂,二食堂,斯迈普电梯,载货电梯,32303203112005111879,1#,东芝电梯（中国）有限公司,2005-07-01,D05-5070-179,LKD-EFP,曳引驱动,3,3,3,630,0.63,2017-12-19,徐州市泉山区大学路1号,,,
矿大食堂,三食堂（客）,恒达富士电梯,乘客电梯,31303203112009030092,2#,东芝电梯（中国）有限公司,2008-08-01,20080595,WT-VF,曳引驱动,3,3,3,1000,1,2017-12-19,徐州市泉山区大学路1号,,,
矿大食堂,三食堂（货）,恒达富士电梯,载货电梯,32103203112009030091,3#,上海三菱电梯有限公司,2008-06-01,20080596,WT-VF,曳引驱动,2,2,2,2000,0.5,2017-12-19,徐州市泉山区大学路1号,,,
矿大附属中学,餐厅,施塔德电梯,乘客电梯,31103203232017040012,1#,上海三菱电梯有限公司,2016-05-01,16NE0991,STD-W,曳引驱动,3,3,3,800,1,2017-12-19,大学路288,,,
恩华大厦,办公楼东梯,恒达富士电梯,乘客电梯,31103203032008030048,2,上海三菱电梯有限公司,2011-02-01,201101058A,TKJ1000/1.75-JXWVVVF,曳引驱动,17,17,17,1000,1.75,2018-05-22,民主南路69号,,,
恩华大厦,办公楼中梯,恒达富士电梯,乘客电梯,31103203032008030049,3,上海三菱电梯有限公司,2011-02-01,2011-01-01058B,TKJ1000/1.75-JXW,曳引驱动,17,17,17,1000,1.75,2018-05-22,民主南路69号,,,
恩华大厦,办公楼西梯,恒达富士电梯,乘客电梯,31103203032008030050,4,上海三菱电梯有限公司,2011-02-01,2011-01-01058C,TKJ1000/1.75-JXW,曳引驱动,17,17,17,1000,1.75,2018-05-22,民主南路69号,,,
恩华大厦,办公楼北梯,恒达富士电梯,乘客电梯,31103203032008030047,,上海三菱电梯有限公司,2011-08-01,201101058D,TKJ1000/1.75-JXWVVVF,曳引驱动,17,17,17,1000,1.75,2018-05-22,民主南路69号,,,
恩华仓库,仓库北梯,恒达富士电梯,载货电梯,31103203032016091716,,上海三菱电梯有限公司,2013-09-01,201603864,TKJ1600/1.0-JXWVVF,曳引驱动,6,6,6,1600,1,2017-12-04,民主南路69号,,,
银座商场,1#,巨人通力电梯,乘客电梯,32103203032011010185,A,上海三菱电梯有限公司,2010-04-01,G37785,GF18BII,曳引驱动,8,8,8,2000,1,2018-03-21,大同街路125号,,,
银座商场,2#,巨人通力电梯,乘客电梯,32103203032011010184,B,上海三菱电梯有限公司,2010-04-01,G37786,GF18BII,曳引驱动,8,8,8,2000,1,2018-03-21,大同街路125号,,,
鑫亞酒店,东面南梯,西子奥的斯电梯,乘客电梯,31103203022010110831,,上海三菱电梯有限公司,2010-11-01,,,曳引驱动,14,14,14,1000,1.5,,长安大道76号,,,
鑫亞酒店,东面北梯,西子奥的斯电梯,乘客电梯,31103203022010110832,,上海三菱电梯有限公司,2010-11-01,,,曳引驱动,14,14,14,1000,1.5,,长安大道76号,,,
鑫亞酒店,南梯,怡达快速电梯,乘客电梯,31103203022012070988,,上海三菱电梯有限公司,2012-07-01,,,曳引驱动,5,5,5,1000,1,,长安大道76号,,,
冠宇供电,办公楼西梯,西子奥的斯电梯,乘客电梯,31103203022008060260,A,日立电梯（中国）有限公司,2007-10-01,F8NP4737,CH-CON4423MMR,曳引驱动,9,9,9,1000,1.75,2017-12-28,杨山路15号,,,
冠宇供电,办公楼东梯,西子奥的斯电梯,乘客电梯,31103203022008060259,B,日立电梯（中国）有限公司,2007-10-01,F8NP4738,CH-CON4423MMR,曳引驱动,9,9,9,1000,1.75,2017-12-28,杨山路15号,,,
公安消防支队,大厅1#,上海三菱电梯,乘客电梯,31303203112012060521,,日立电梯（中国）有限公司,2010-07-01,1007000623,ELENESSA,曳引驱动,6,6,6,825,1,2017-06-07,潘塘镇连徐高速北,,,
公安消防支队,大厅2#,上海三菱电梯,乘客电梯,31303203112012060522,,日立电梯（中国）有限公司,2010-07-01,1007000622,ELENESSA,曳引驱动,6,6,6,825,1,2017-06-07,潘塘镇连徐高速北,,,
公安消防支队,训练楼1#,上海三菱电梯,乘客电梯,31103203032015060730,,日立电梯（中国）有限公司,2013-10-01,131000279,LEGY,曳引驱动,11,11,11,1050,1.75,2017-06-07,潘塘镇连徐高速北,,,
徐州市总工会,干部学校南区南梯,苏州帝奥电梯,乘客电梯,31103203032013050460,1#,日立电梯（中国）有限公司,2012-06-01,D2012-573,TKJ1250/1.75M/S-JXW.VVVF,曳引驱动,6,6,6,1250,1.75,2018-07-02,镜泊东路1号,,,
徐州市总工会,干部学校南区中梯,苏州帝奥电梯,乘客电梯,31103203032013050461,2#,日立电梯（中国）有限公司,2012-06-01,D2012-574-1,TKJ1250/1.75M/S-JXW.VVVF,曳引驱动,7,7,7,1250,1.75,2018-07-02,镜泊东路1号,,,
徐州市总工会,干部学校南区北梯,苏州帝奥电梯,乘客电梯,31103203032013050462,3#,日立电梯（中国）有限公司,2012-06-01,D2012-574-2,TKJ1250/1.75M/S-JXW.VVVF,曳引驱动,7,7,7,1250,1.75,2018-07-02,镜泊东路1号,,,
徐州市总工会,干部学校北区南梯,苏州帝奥电梯,乘客电梯,31103203032013050459,4#,日立电梯（中国）有限公司,2012-06-01,D2012-575-1,TKJ1250/1.75M/S-JXW.VVVF,曳引驱动,6,6,6,1250,1.75,2018-07-02,镜泊东路1号,,,
徐州市总工会,干部学校北区北梯,苏州帝奥电梯,乘客电梯,31103203032013050463,5#,日立电梯（中国）有限公司,2012-06-01,D2012-575-2,TKJ1250/1.75M/S-JXW.VVVF,曳引驱动,6,6,6,1250,1.75,2018-07-02,镜泊东路1号,,,
孵化站,办公楼东梯,施塔德电梯,乘客电梯,31103203232016020595,,日立电梯（中国）有限公司,2015-09-01,15NE2919,STD-K,曳引驱动,6,6,6,1000,1,2017-09-29,江苏省徐州市泉山区文亭街1号,,,
孵化站,办公楼西梯,施塔德电梯,乘客电梯,31103203232016020596,,日立电梯（中国）有限公司,2015-09-01,15NE2920,STD-K,曳引驱动,6,6,6,1000,1,2017-09-29,江苏省徐州市泉山区文亭街1号,,,
汉中福喜酒店,酒店大厅东梯,巨人通力电梯,乘客电梯,31103203112011030355,4,日立电梯（中国）有限公司,2009-12-01,G34600,GPS30K,曳引驱动,16,16,16,1000,1.75,2018-04-17,解放南路与金山路交叉口,,,
汉中福喜酒店,酒店大厅西梯,巨人通力电梯,乘客电梯,31103203112011030354,3,日立电梯（中国）有限公司,2009-12-01,G34599,GPS30K,曳引驱动,16,16,16,1000,1.75,2018-04-17,解放南路与金山路交叉口,,,
财经学校体育馆,1#,东芝电梯,乘客电梯,,,日立电梯（中国）有限公司,,,SPACEL-E PLUS,曳引驱动,4,4,4,1050,1,,金山东路32号,,,
金府家园,1单元东梯,日立电梯,乘客电梯,31103203112010121138,1#,日立电梯（中国）有限公司,2007-06-01,07G010208,HGP-825-CO105,曳引驱动,18,18,18,825,1.75,2017-09-30,湖北路80号,,,
金府家园,1单元西梯,日立电梯,乘客电梯,31103203112010121139,2#,日立电梯（中国）有限公司,2007-06-01,07G010106,HGP-825-CO105,曳引驱动,17,17,17,825,1.75,2017-09-30,湖北路80号,,,
金府家园,2单元东梯,日立电梯,乘客电梯,31103203112010121137,3#,日立电梯（中国）有限公司,2007-06-01,07G010110,HGP-825-CO105,曳引驱动,18,18,18,825,1.75,2017-09-30,湖北路80号,,,
金府家园,2单元西梯,日立电梯,乘客电梯,31103203112010121136,4#,日立电梯（中国）有限公司,2007-06-01,07G010111,HGP-825-CO105,曳引驱动,19,19,19,825,1.75,2017-09-30,湖北路80号,,,
金府家园,3单元东梯,日立电梯,乘客电梯,31103203112010121130,5#,日立电梯（中国）有限公司,2007-06-01,07G010113,HGP-825-CO105,曳引驱动,21,21,21,825,1.75,2017-09-30,湖北路80号,,,
金府家园,3单元西梯,日立电梯,乘客电梯,31103203112010121131,6#,华升富士达电梯有限公司,2007-06-01,07G010112,HGP-825-CO105,曳引驱动,20,20,20,825,1.75,2017-09-30,湖北路80号,,,
金府家园,4单元东梯,日立电梯,乘客电梯,31103203112010121132,7#,华升富士达电梯有限公司,2007-10-01,07G010115,HGP-825-CO105,曳引驱动,22,22,22,825,1.75,2017-09-30,湖北路80号,,,
金府家园,4单元西梯,日立电梯,乘客电梯,31103203112010121133,8#,华升富士达电梯有限公司,2007-06-01,07G010114,HGP-825-CO105,曳引驱动,21,21,21,825,1.75,2017-09-30,湖北路80号,,,
金府家园,5单元东梯,日立电梯,乘客电梯,31103203112010121135,9#,华升富士达电梯有限公司,2007-06-01,07G010107,HGP-825-CO105,曳引驱动,17,17,17,825,1.75,2017-09-30,湖北路80号,,,
金府家园,5单元西梯,日立电梯,乘客电梯,31103203112010121134,10#,华升富士达电梯有限公司,2007-06-01,07G010109,HGP-825-CO105,曳引驱动,18,18,18,825,1.75,2017-09-30,湖北路80号,,,
江苏师范大学,19号楼重点实验室,东芝电梯,乘客电梯,31103203232003091257,1#,华升富士达电梯有限公司,2003-05-01,ST-030946-010,TKJ1000/1.0-JX,曳引驱动,6,6,6,1000,1,2017-08-04,上海路101号,,,
江苏师范大学,24号楼琴房楼,东芝电梯,乘客电梯,31103203232003091256,2#,华升富士达电梯有限公司,2003-05-01,ST-030946-2,TKJ1000/1.0-JX,曳引驱动,5,5,5,1000,1,2017-11-17,上海路101号,,,
江苏师范大学,化学楼,莱茵电梯,乘客电梯,31103203232014101361,22#,华升富士达电梯有限公司,2003-05-01,06-27-65,DY-30A,曳引驱动,6,6,6,1000,1,2017-11-21,上海路101号,,,
江苏师范大学,静远楼1号梯(北梯）,华升富士达电梯,乘客电梯,31103203232004121592,P3,华升富士达电梯有限公司,2004-07-01,AAA2086,EXCEL-DXVF,曳引驱动,21,21,21,1350,2.5,2017-11-17,上海路101号,,,
江苏师范大学,静远楼2号梯(中梯）,华升富士达电梯,乘客电梯,31103203232004121591,P2,华升富士达电梯有限公司,2004-07-01,AAA2085,EXCEL-DXVF,曳引驱动,21,21,21,1350,2.5,2017-11-17,上海路101号,,,
江苏师范大学,静远楼3号梯(南梯）,华升富士达电梯,乘客电梯,31103203232004121590,P1,华升富士达电梯有限公司,2004-07-01,AAA2084,EXCEL-DXVF,曳引驱动,22,22,22,1350,2.5,2017-11-17,上海路101号,,,
江苏师范大学,静远楼4号梯,华升富士达电梯,乘客电梯,31103203232004121589,P4,华升富士达电梯有限公司,2004-07-01,ADA2587,GLVF-II,曳引驱动,19,19,19,800,2.5,2017-11-17,上海路101号,,,
江苏师范大学,敬文图书馆南梯,东芝电梯,乘客电梯,31103203232017040010,#,华升富士达电梯有限公司,2016-09-01,GA161763-020,ELCOSMO-E PLUS,曳引驱动,4,4,4,1050,1,2018-05-18,上海路101号,,,
江苏师范大学,敬文图书馆北梯,东芝电梯,乘客电梯,31103203232017040011,#,华升富士达电梯有限公司,2016-09-01,GA161763-010,ELCOSMO-E PLUS,曳引驱动,4,4,4,1050,1,2018-05-18,上海路101号,,,
华润苏果坝子街店,超市仓库5#梯（北梯）,恒达富士电梯,载货电梯,32103203022012070857,5#,日立电梯（中国）有限公司,2011-11-01,201110175A,WT-VFI,曳引驱动,6,6,6,2000,0.5,2018-07-09,江苏省徐州市鼓楼区环城路173号福源广场,,,
华润苏果坝子街店,超市仓库6#梯（南梯）,恒达富士电梯,载货电梯,32103203022012070858,,日立电梯（中国）有限公司,2011-11-01,201110176B,WT-VFI,曳引驱动,6,6,6,2000,0.5,2018-07-09,江苏省徐州市鼓楼区环城路173号福源广场,,,
华润苏果下淀路店,超市收货区东梯,江南嘉捷电梯,载货电梯,32103203022011121156,1#,日立电梯（中国）有限公司,2011-08-01,11J50727,F2000D05S-D0,曳引驱动,2,2,2,2000,0.5,2017-06-16,江苏省徐州市鼓楼区下淀路,,,
徐州华润电力,办公楼东梯,东芝电梯,乘客电梯,31103203232016122300,,日立电梯（中国）有限公司,2016-07-14,GA160536-010,ELCOSMO-III,曳引驱动,16,16,16,1050,1.75,2017-10-20,华润路1号,,,
徐州华润电力,办公楼西梯,东芝电梯,乘客电梯,31103203232016101984,,日立电梯（中国）有限公司,2016-07-14,GA160536-020,ELCOSMO-III,曳引驱动,16,16,16,1050,1.75,2017-10-20,华润路1号,,,
徐州华润电力,1号炉,上海三菱电梯,乘客电梯,31103203232016030645,,日立电梯（中国）有限公司,2014-11-01,141102846,HOPE-II,曳引驱动,9,9,9,1600,1.5,2018-03-13,华润路1号,,,
徐州华润电力,2号炉,上海三菱电梯,乘客电梯,31103203232016030646,,日立电梯（中国）有限公司,2014-11-01,141102847,HOPE-II,曳引驱动,9,9,9,1600,1.5,2018-03-13,华润路1号,,,
徐州华润电力,3号锅炉,奥的斯电梯,载货电梯,32103203042004051420,,日立电梯（中国）有限公司,2002-08-01,F8NE20208,THJ1600/1.0-JX,曳引驱动,7,7,7,1600,1,2018-03-10,华润路1号,,,
徐州华润电力,4号锅炉,奥的斯电梯,载货电梯,32103203042004091499,,日立电梯（中国）有限公司,2002-08-01,F8NE20209,THJ1600/1.0-JX,曳引驱动,7,7,7,1600,1,2018-03-10,华润路1号,,,
徐州华润电力,档案室杂物梯,扬州天利电梯,杂物电梯,34003203232013060677,,日立电梯（中国）有限公司,2013-03-01,13010,TWJ200/0.4-AS,曳引驱动,2,2,2,200,0.4,2017-07-19,华润路1号,,,
徐州华润电力,行政楼后侧,通力电梯,载货电梯,31303203042005111885,,日立电梯（中国）有限公司,2005-07-01,36018308,PW13/10-19,强制驱动,2,2,2,1000,1,2017-07-19,华润路1号,,,
徐州华润电力,二期脱硫控制楼,康力电梯,乘客电梯,31103203232013111519,,日立电梯（中国）有限公司,2013-03-01,10016327-0010,KLKI-VF1000/1.0,曳引驱动,4,4,4,1000,1,2017-07-19,华润路1号,,,
铜山华润电力,三期辅控楼,天津奥的斯电梯,乘客电梯,31103203232009080429,,日立电梯（中国）有限公司,2009-06-01,R2NB5078,TKJ1000/1.0-JX,曳引驱动,5,5,5,1000,1,2017-07-19,华润路1号,,,
铜山华润电力,三期集控楼,天津奥的斯电梯,乘客电梯,31103203232009080430,,日立电梯（中国）有限公司,2009-08-01,R2NB8729,TKJ1000/1.0-JX,曳引驱动,6,6,6,1000,1,2017-07-19,华润路1号,,,
73061部队经济适用房,1#楼东单元西梯,东芝电梯,乘客电梯,31103203032017090034,,日立电梯（中国）有限公司,2017-03-01,GA161690-030,ELCOSMO-E PLUS,曳引驱动,26,26,26,1050,1.75,2017-10-17,和平路24号,,,
73062部队经济适用房,1#楼西单元东梯,东芝电梯,乘客电梯,31103203032017090041,,日立电梯（中国）有限公司,2017-03-01,GA161690-040,ELCOSMO-E PLUS,曳引驱动,26,26,26,1050,1.75,2017-10-17,和平路24号,,,
73063部队经济适用房,1#楼西单元西梯,东芝电梯,乘客电梯,31103203032017090042,,日立电梯（中国）有限公司,2017-03-01,GA161690-050,ELCOSMO-E PLUS,曳引驱动,26,26,26,1050,1.75,2017-10-17,和平路24号,,,
73064部队经济适用房,1#楼东单元东梯,东芝电梯,乘客电梯,31103203032017090043,,日立电梯（中国）有限公司,2017-03-01,GA161690-060,ELCOSMO-E PLUS,曳引驱动,26,26,26,1050,1.75,2017-10-17,和平路24号,,,
73065部队经济适用房,2#楼东梯,东芝电梯,乘客电梯,31103203032017090040,,日立电梯（中国）有限公司,2017-03-01,GA161690-100,ELCOSMO-E PLUS,曳引驱动,26,26,26,1050,1.75,2017-10-25,和平路24号,,,
73064部队经济适用房,2#楼西梯,东芝电梯,乘客电梯,31103203032017090039,,日立电梯（中国）有限公司,2017-03-01,GA161690-090,ELCOSMO-E PLUS,曳引驱动,26,26,26,1050,1.75,2017-10-25,和平路24号,,,
73065部队经济适用房,3#楼东梯,东芝电梯,乘客电梯,31103203032017090035,,日立电梯（中国）有限公司,2017-03-01,GA161690-010,ELCOSMO-E PLUS,曳引驱动,26,26,26,1050,1.75,2017-10-17,和平路24号,,,
73066部队经济适用房,3#楼西梯,东芝电梯,乘客电梯,31103203032017090036,,日立电梯（中国）有限公司,2017-03-01,GA161690-020,ELCOSMO-E PLUS,曳引驱动,26,26,26,1050,1.75,2017-10-17,和平路24号,,,
73067部队经济适用房,4#楼东梯,东芝电梯,乘客电梯,31103203032017090037,,日立电梯（中国）有限公司,2017-03-01,GA161690-070,ELCOSMO-E PLUS,曳引驱动,26,26,26,1050,1.75,2017-10-25,和平路24号,,,
73068部队经济适用房,4#楼西梯,东芝电梯,乘客电梯,31103203032017090038,,日立电梯（中国）有限公司,2017-03-01,GA161690-080,ELCOSMO-E PLUS,曳引驱动,26,26,26,1050,1.75,2017-10-25,和平路24号,,,
新生电业小区（南高层）,1号楼南梯,上海三菱电梯,乘客电梯,31103203032002020287,,日立电梯（中国）有限公司,1999-10-01,不明,TKJ1000/1.75-JX,曳引驱动,28,28,28,1000,1.75,2018-05-25,黄河西路111号,,,
新生电业小区（南高层）,1号楼中梯,上海三菱电梯,乘客电梯,31103203032002020288,,日立电梯（中国）有限公司,1999-10-01,不明,TKJ1000/1.75-JX,曳引驱动,28,28,28,1000,1.75,2018-05-25,黄河西路111号,,,
新生电业小区（南高层）,1号楼北梯,上海三菱电梯,乘客电梯,31103203032002020289,,日立电梯（中国）有限公司,1999-10-01,不明,TKJ1000/1.75-JX,曳引驱动,28,28,28,1000,1.75,2018-05-25,黄河西路111号,,,
新生电业小区（南高层）,2号楼东梯,上海三菱电梯,乘客电梯,31103203032002020281,,日立电梯（中国）有限公司,1999-10-01,不明,TKJ1000/1.75-JX,曳引驱动,28,28,28,1000,1.75,2018-05-25,黄河西路111号,,,
新生电业小区（南高层）,2号楼中梯,上海三菱电梯,乘客电梯,31103203032002020282,,日立电梯（中国）有限公司,1999-10-01,不明,TKJ1000/1.75-JX,曳引驱动,28,28,28,1000,1.75,2018-05-25,黄河西路111号,,,
新生电业小区（南高层）,2号楼西梯,上海三菱电梯,乘客电梯,31103203032002020286,,日立电梯（中国）有限公司,1999-10-01,不明,TKJ1000/1.75-JX,曳引驱动,28,28,28,1000,1.75,2018-05-25,黄河西路111号,,,
新生电业小区（南高层）,3号楼东梯,上海三菱电梯,乘客电梯,31103203032002020285,,日立电梯（中国）有限公司,,不明,TKJ1000/1.75-JX,曳引驱动,28,28,28,1000,1.75,2018-05-25,黄河西路111号,,,
新生电业小区（南高层）,3号楼中梯,上海三菱电梯,乘客电梯,31103203032002020284,,日立电梯（中国）有限公司,,不明,TKJ1000/1.75-JX,曳引驱动,28,28,28,1000,1.75,2018-05-25,黄河西路111号,,,
新生电业小区（南高层）,3号楼西梯,上海三菱电梯,乘客电梯,31103203032002020279,,日立电梯（中国）有限公司,,不明,TKJ1000/1.75-JX,曳引驱动,28,28,28,1000,1.75,2018-05-25,黄河西路111号,,,
新生电业小区（南高层）,4号楼东梯,上海三菱电梯,乘客电梯,31103203032002020283,,日立电梯（中国）有限公司,,不明,TKJ1000/1.75-JX,曳引驱动,28,28,28,1000,1.75,2018-05-25,黄河西路111号,,,
新生电业小区（南高层）,4号楼中梯,上海三菱电梯,乘客电梯,31103203032002020280,,日立电梯（中国）有限公司,,不明,TKJ1000/1.75-JX,曳引驱动,28,28,28,1000,1.75,2018-05-25,黄河西路111号,,,
新生电业小区（南高层）,4号楼西梯,上海三菱电梯,乘客电梯,31103203032002020278,,日立电梯（中国）有限公司,,不明,TKJ1000/1.75-JX,曳引驱动,28,28,28,1000,1.75,2018-05-25,黄河西路111号,,,
华美生态园（鼓北嘉园）,14#楼西单元南梯,日立电梯,乘客电梯,31103203022011020283,3#,日立电梯（中国）有限公司,2010-05-01,10G007050,HGP-825-CO105,曳引驱动,16,16,16,825,1.75,2017-12-19,牌楼街道奔腾大道118号,,,
华美生态园（鼓北嘉园）,14#楼西单元北梯,日立电梯,乘客电梯,31103203022011020279,4#,日立电梯（中国）有限公司,2010-05-01,10G007051,HGP-825-CO105,曳引驱动,16,16,16,825,1.75,2017-12-19,牌楼街道奔腾大道118号,,,
华美生态园（鼓北嘉园）,14#楼东单元南梯,日立电梯,乘客电梯,31103203022011020282,1#,日立电梯（中国）有限公司,2010-05-01,10G007052,HGP-825-CO105,曳引驱动,16,16,16,825,1.75,2017-12-19,牌楼街道奔腾大道118号,,,
华美生态园（鼓北嘉园）,14#楼东单元北梯,日立电梯,乘客电梯,31103203022011020281,2#,日立电梯（中国）有限公司,2010-05-01,10G007053,HGP-825-CO105,曳引驱动,16,16,16,825,1.75,2017-12-19,牌楼街道奔腾大道118号,,,
华美生态园（鼓北嘉园）,15#楼东梯,日立电梯,乘客电梯,31103203022011020277,5#,日立电梯（中国）有限公司,2010-05-01,10G007049,HGP-825-CO90,曳引驱动,11,11,11,825,1.5,2017-12-19,牌楼街道奔腾大道118号,,,
华美生态园（鼓北嘉园）,15#楼西梯,日立电梯,乘客电梯,31103203022011020278,6#,日立电梯（中国）有限公司,2010-05-01,10G007048,HGP-825-CO90,曳引驱动,11,11,11,825,1.5,2017-12-19,牌楼街道奔腾大道118号,,,
华美生态园（鼓北嘉园）,23#楼西梯,日立电梯,乘客电梯,31103203022012060639,2#,日立电梯（中国）有限公司,2010-05-01,10G058940,HGP-825-CO90,曳引驱动,11,11,11,825,1.5,2017-12-19,牌楼街道奔腾大道118号,,,
华美生态园（鼓北嘉园）,23#楼东梯,日立电梯,乘客电梯,31103203022012060643,1#,日立电梯（中国）有限公司,2011-09-01,10G058941,HGP-825-CO90,曳引驱动,11,11,11,825,1.5,2017-12-19,牌楼街道奔腾大道118号,,,
华美生态园（鼓北嘉园）,27#楼东梯,日立电梯,乘客电梯,31103203022012060641,3#,日立电梯（中国）有限公司,2010-05-01,10G058943,HGP-825-CO90,曳引驱动,11,11,11,825,1.5,2017-12-19,牌楼街道奔腾大道118号,,,
华美生态园（鼓北嘉园）,27#楼西梯,日立电梯,乘客电梯,31103203022012060647,4#,日立电梯（中国）有限公司,2011-09-01,10G058942,HGP-825-CO90,曳引驱动,11,11,11,825,1.5,2017-12-19,牌楼街道奔腾大道118号,,,
华美生态园（鼓北嘉园）,32#楼东梯,日立电梯,乘客电梯,31103203022012060645,5#,日立电梯（中国）有限公司,2011-09-01,10G058945,HGP-825-CO90,曳引驱动,11,11,11,825,1.5,2017-12-19,牌楼街道奔腾大道118号,,,
华美生态园（鼓北嘉园）,32#楼西梯,日立电梯,乘客电梯,31103203022012060642,6#,日立电梯（中国）有限公司,2011-09-01,10G058944,HGP-825-CO90,曳引驱动,11,11,11,825,1.5,2017-12-19,牌楼街道奔腾大道118号,,,
华美生态园（鼓北嘉园）,35#楼东单元南梯,日立电梯,乘客电梯,31103203022012060648,8#,日立电梯（中国）有限公司,2011-09-01,10G058949,HGP-825-CO105,曳引驱动,18,18,18,825,1.75,2017-12-19,牌楼街道奔腾大道118号,,,
华美生态园（鼓北嘉园）,35#楼东单元北梯,日立电梯,乘客电梯,31103203022012060640,7#,日立电梯（中国）有限公司,2011-09-01,10G058948,HGP-825-CO105,曳引驱动,18,18,18,825,1.75,2017-12-19,牌楼街道奔腾大道118号,,,
华美生态园（鼓北嘉园）,35#楼西单元南梯,日立电梯,乘客电梯,31103203022012060644,10#,日立电梯（中国）有限公司,2011-09-01,10G058946,HGP-825-CO105,曳引驱动,18,18,18,825,1.75,2017-12-19,牌楼街道奔腾大道118号,,,
华美生态园（鼓北嘉园）,35#楼西单元北梯,日立电梯,乘客电梯,31103203022012060646,9#,日立电梯（中国）有限公司,2011-09-01,10G058947,HGP-825-CO105,曳引驱动,18,18,18,825,1.75,2017-12-19,牌楼街道奔腾大道118号,,,
华美生态园（鼓北嘉园）,36#楼东单元南梯,日立电梯,乘客电梯,31103203022012060649,12#,日立电梯（中国）有限公司,2011-09-01,10G058951,HGP-825-CO105,曳引驱动,16,16,16,825,1.75,2017-12-19,牌楼街道奔腾大道118号,,,
华美生态园（鼓北嘉园）,36#楼东单元北梯,日立电梯,乘客电梯,31103203022012060650,11#,日立电梯（中国）有限公司,2011-09-01,10G058950,HGP-825-CO105,曳引驱动,16,16,16,825,1.75,2017-12-19,牌楼街道奔腾大道118号,,,
华美生态园（鼓北嘉园）,36#楼西单元南梯,日立电梯,乘客电梯,31103203022012060652,14#,日立电梯（中国）有限公司,2011-09-01,10G058953,HGP-825-CO105,曳引驱动,16,16,16,825,1.75,2017-12-19,牌楼街道奔腾大道118号,,,
华美生态园（鼓北嘉园）,36#楼西单元北梯,日立电梯,乘客电梯,31103203022012060651,13#,日立电梯（中国）有限公司,2011-09-01,10G058952,HGP-825-CO105,曳引驱动,16,16,16,825,1.75,2017-12-19,牌楼街道奔腾大道118号,,,
民主小区（北高层）,A座南梯,华升富士达电梯,乘客电梯,31103203022005091829,1#,日立电梯（中国）有限公司,2004-08-01,AAA2004,TKJ1000/2.5-JX,曳引驱动,35,35,35,1000,2.5,2017-09-04,夹河东路2-3号,,,
民主小区（北高层）,A座北梯,华升富士达电梯,乘客电梯,31103203022005091817,2#,日立电梯（中国）有限公司,2004-08-01,AAA2002,TKJ1000/2.5-JX,曳引驱动,36,36,36,1000,2.5,2017-09-04,夹河东路2-3号,,,
民主小区（北高层）,B座南梯,华升富士达电梯,乘客电梯,31103203022005091819,4#,日立电梯（中国）有限公司,2004-08-01,AAA2006,TKJ1000/2.5-JX,曳引驱动,28,28,28,1000,2.5,2017-09-04,夹河东路2-3号,,,
民主小区（北高层）,B座北梯,华升富士达电梯,乘客电梯,31103203022005091821,3#,日立电梯（中国）有限公司,2004-08-01,AAA2008,TKJ1000/2.5-JX,曳引驱动,27,27,27,1000,2.5,2017-09-04,夹河东路2-3号,,,
民主小区（北高层）,C座南梯,华升富士达电梯,乘客电梯,31103203022005091822,5#,日立电梯（中国）有限公司,2004-08-01,AAA2012,TKJ1000/2.5-JX,曳引驱动,35,35,35,1000,2.5,2017-09-04,夹河东路2-3号,,,
民主小区（北高层）,C座中梯,华升富士达电梯,乘客电梯,31103203022005091826,6#,日立电梯（中国）有限公司,2004-08-01,AAA2013,TKJ1000/2.5-JX,曳引驱动,35,35,35,1000,2.5,2017-09-04,夹河东路2-3号,,,
民主小区（北高层）,C座北梯,华升富士达电梯,乘客电梯,31103203022005091818,7#,日立电梯（中国）有限公司,2004-08-01,AAA2010,TKJ1000/2.5-JX,曳引驱动,36,36,36,1000,2.5,2017-09-04,夹河东路2-3号,,,
民主小区（北高层）,D座南梯,华升富士达电梯,乘客电梯,31103203022005091820,8#,日立电梯（中国）有限公司,2004-08-01,AAA2014,TKJ1000/2.5-JX,曳引驱动,35,35,35,1000,2.5,2017-09-04,夹河东路2-3号,,,
民主小区（北高层）,D座中梯,华升富士达电梯,乘客电梯,31103203022005091830,9#,日立电梯（中国）有限公司,2004-08-01,AAA2015,TKJ1000/2.5-JX,曳引驱动,35,35,35,1000,2.5,2017-09-04,夹河东路2-3号,,,
民主小区（北高层）,D座北梯,华升富士达电梯,乘客电梯,31103203022005091825,10#,广州广日电梯工业有限公司,2004-08-01,AAA2011,TKJ1000/2.5-JX,曳引驱动,36,36,36,1000,2.5,2017-09-04,夹河东路2-3号,,,
民主小区（北高层）,E座南梯,华升富士达电梯,乘客电梯,31103203022005091828,11#,广州广日电梯工业有限公司,2004-08-01,AAA2007,TKJ1000/2.5-JX,曳引驱动,28,28,28,1000,2.5,2017-09-04,夹河东路2-3号,,,
民主小区（北高层）,E座北梯,华升富士达电梯,乘客电梯,31103203022005091827,12#,广州广日电梯工业有限公司,2004-08-01,AAA2009,TKJ1000/2.5-JX,曳引驱动,27,27,27,1000,2.5,2017-09-04,夹河东路2-3号,,,
民主小区（北高层）,F座南梯,华升富士达电梯,乘客电梯,31103203022005091824,13#,广州广日电梯工业有限公司,2004-08-01,AAA2005,TKJ1000/2.5-JX,曳引驱动,35,35,35,1000,2.5,2017-09-04,夹河东路2-3号,,,
民主小区（北高层）,F座北梯,华升富士达电梯,乘客电梯,31103203022005091823,14#,广州广日电梯工业有限公司,2004-08-01,AAA2003,TKJ1000/2.5-JX,曳引驱动,36,36,36,1000,2.5,2017-09-04,夹河东路2-3号,,,
华美风景园,A5号楼1单元,日立电梯,乘客电梯,31103203112012081079,L1,广州广日电梯工业有限公司,2011-02-01,10G046257,HGP-825-CO90,曳引驱动,11,11,11,825,1.5,2018-01-10,"
江苏省徐州市泉山区311国道",,,
华美风景园,A5号楼2单元,日立电梯,乘客电梯,31103203112012081080,L2,广州广日电梯工业有限公司,2011-02-01,10G046258,HGP-825-CO90,曳引驱动,11,11,11,825,1.5,2018-01-10,"
江苏省徐州市泉山区311国道",,,
华美风景园,A9号楼1单元,日立电梯,乘客电梯,31103203112012081077,L3,广州广日电梯工业有限公司,2011-02-01,10G046259,HGP-825-CO90,曳引驱动,11,11,11,825,1.5,2018-01-10,"
江苏省徐州市泉山区311国道",,,
华美风景园,A9号楼2单元,日立电梯,乘客电梯,31103203112012081083,L4,广州广日电梯工业有限公司,2011-02-01,10G046260,HGP-825-CO90,曳引驱动,11,11,11,825,1.5,2018-01-10,"
江苏省徐州市泉山区311国道",,,
华美风景园,A10号楼1单元,日立电梯,乘客电梯,31103203112012081085,L5,广州广日电梯工业有限公司,2011-02-01,10G046263,HGP-825-CO90,曳引驱动,11,11,11,825,1.5,2018-01-10,"
江苏省徐州市泉山区311国道",,,
华美风景园,A10号楼2单元,日立电梯,乘客电梯,31103203112012081086,L6,广州广日电梯工业有限公司,2011-02-01,10G046264,HGP-825-CO90,曳引驱动,11,11,11,825,1.5,2018-01-10,"
江苏省徐州市泉山区311国道",,,
华美风景园,A13号楼1单元,日立电梯,乘客电梯,31103203112012081084,L7,广州广日电梯工业有限公司,2011-02-01,10G046262,HGP-825-CO90,曳引驱动,11,11,11,825,1.5,2018-01-10,"
江苏省徐州市泉山区311国道",,,
华美风景园,A13号楼2单元,日立电梯,乘客电梯,31103203112012081082,L8,广州广日电梯工业有限公司,2011-02-01,10G046261,HGP-825-CO90,曳引驱动,11,11,11,825,1.5,2018-01-10,"
江苏省徐州市泉山区311国道",,,
华美风景园,B6号楼1单元,日立电梯,乘客电梯,31103203112012081087,L9,广州广日电梯工业有限公司,2011-02-01,10G046265,HGP-825-CO90,曳引驱动,11,11,11,825,1.5,2018-01-15,"
江苏省徐州市泉山区311国道",,,
华美风景园,B6号楼2单元,日立电梯,乘客电梯,31103203112012081090,L10,广州广日电梯工业有限公司,2011-02-01,10G046266,HGP-825-CO90,曳引驱动,11,11,11,825,1.5,2018-01-15,"
江苏省徐州市泉山区311国道",,,
华美风景园,B7号楼1单元,日立电梯,乘客电梯,31103203112012081089,L11,广州广日电梯工业有限公司,2011-02-01,10G046267,HGP-825-CO90,曳引驱动,11,11,11,825,1.5,2018-01-15,"
江苏省徐州市泉山区311国道",,,
华美风景园,B7号楼2单元,日立电梯,乘客电梯,31103203112012081088,L12,广州广日电梯工业有限公司,2011-12-01,10G046268,HGP-825-CO90,曳引驱动,11,11,11,825,1.5,2018-01-15,"
江苏省徐州市泉山区311国道",,,
华美风景园,B8号楼1单元,日立电梯,乘客电梯,31103203112012081091,L13,广州广日电梯工业有限公司,2011-02-01,10G046269,HGP-825-CO90,曳引驱动,11,11,11,825,1.5,2018-01-15,"
江苏省徐州市泉山区311国道",,,
华美风景园,B8号楼2单元,日立电梯,乘客电梯,31103203112012081093,L14,广州广日电梯工业有限公司,2011-02-01,10G046270,HGP-825-CO90,曳引驱动,11,11,11,825,1.5,2018-01-15,"
江苏省徐州市泉山区311国道",,,
华美风景园,B9号楼1单元,日立电梯,乘客电梯,31103203112012081092,L15,广州广日电梯工业有限公司,2011-02-01,10G046271,HGP-825-CO90,曳引驱动,11,11,11,825,1.5,2018-01-15,"
江苏省徐州市泉山区311国道",,,
华美风景园,B9号楼2单元,日立电梯,乘客电梯,31103203112012081094,L16,上海三菱电梯有限公司,2011-02-01,10G046272,HGP-825-CO90,曳引驱动,11,11,11,825,1.5,2018-01-15,"
江苏省徐州市泉山区311国道",,,
华美风景园,B10号楼1单元,日立电梯,乘客电梯,31103203112012081081,L17,上海三菱电梯有限公司,2011-02-01,10G046273,HGP-825-CO90,曳引驱动,11,11,11,825,1.5,2018-01-15,"
江苏省徐州市泉山区311国道",,,
华美风景园,B10号楼2单元,日立电梯,乘客电梯,31103203112012081078,L18,上海三菱电梯有限公司,2011-02-01,10G046274,HGP-825-CO90,曳引驱动,11,11,11,825,1.5,2018-01-15,"
江苏省徐州市泉山区311国道",,,
华美风景园,C1号楼1单元,日立电梯,乘客电梯,31103203022013010191,,上海三菱电梯有限公司,2011-02-01,10G046286,HGE-825-CO90,曳引驱动,11,11,11,825,1.5,2018-01-10,"
江苏省徐州市泉山区311国道",,,
华美风景园,C1号楼2单元,日立电梯,乘客电梯,31103203022013010192,,上海三菱电梯有限公司,2011-02-01,10G046284,HGE-825-CO90,曳引驱动,11,11,11,825,1.5,2018-01-10,"
江苏省徐州市泉山区311国道",,,
华美风景园,C2号楼1单元,日立电梯,乘客电梯,31103203022013010193,,上海三菱电梯有限公司,2011-02-01,10G046287,HGE-825-CO90,曳引驱动,11,11,11,825,1.5,2018-01-10,"
江苏省徐州市泉山区311国道",,,
华美风景园,C2号楼2单元,日立电梯,乘客电梯,31103203022013010190,,上海三菱电梯有限公司,2011-02-01,10G046288,HGE-825-CO90,曳引驱动,11,11,11,825,1.5,2018-01-10,"
江苏省徐州市泉山区311国道",,,
华美风景园,C2号楼3单元,日立电梯,乘客电梯,31103203022013010194,,上海三菱电梯有限公司,2011-02-01,10G046289,HGE-825-CO90,曳引驱动,11,11,11,825,1.5,2018-01-10,"
江苏省徐州市泉山区311国道",,,
华美风景园,C3号楼1单元,日立电梯,乘客电梯,31103203112012060661,L19,上海三菱电梯有限公司,2011-02-01,10G046275,HGP-825-CO90,曳引驱动,11,11,11,825,1.5,2018-01-15,"
江苏省徐州市泉山区311国道",,,
华美风景园,C3号楼2单元,日立电梯,乘客电梯,31103203112012060653,L20,上海三菱电梯有限公司,2011-02-01,10G046276,HGP-825-CO90,曳引驱动,11,11,11,825,1.5,2018-01-15,"
江苏省徐州市泉山区311国道",,,
华美风景园,C3号楼3单元,日立电梯,乘客电梯,31103203112012060660,L21,上海三菱电梯有限公司,2011-02-01,10G046277,HGP-825-CO90,曳引驱动,11,11,11,825,1.5,2018-01-15,"
江苏省徐州市泉山区311国道",,,
华美风景园,C11号楼1单元,日立电梯,乘客电梯,31103203112012060657,L22,上海三菱电梯有限公司,2011-02-01,10G046280,HGP-825-CO90,曳引驱动,11,11,11,825,1.5,2018-01-15,"
江苏省徐州市泉山区311国道",,,
华美风景园,C11号楼2单元,日立电梯,乘客电梯,31103203112012060658,L23,上海三菱电梯有限公司,2011-02-01,10G046279,HGP-825-CO90,曳引驱动,11,11,11,825,1.5,2018-01-15,"
江苏省徐州市泉山区311国道",,,
华美风景园,C11号楼3单元,日立电梯,乘客电梯,31103203112012060659,L24,上海三菱电梯有限公司,2011-02-01,10G046278,HGP-825-CO90,曳引驱动,11,11,11,825,1.5,2018-01-15,"
江苏省徐州市泉山区311国道",,,
华美风景园,C18号楼1单元,日立电梯,乘客电梯,31103203112012060654,L25,上海三菱电梯有限公司,2011-02-01,10G046283,HGP-825-CO90,曳引驱动,11,11,11,825,1.5,2018-01-15,"
江苏省徐州市泉山区311国道",,,
华美风景园,C18号楼2单元,日立电梯,乘客电梯,31103203112012060655,L26,上海三菱电梯有限公司,2011-02-01,10G046282,HGP-825-CO90,曳引驱动,11,11,11,825,1.5,2018-01-15,"
江苏省徐州市泉山区311国道",,,
华美风景园,C18号楼3单元,日立电梯,乘客电梯,31103203112012060656,L27,上海三菱电梯有限公司,2011-02-01,10G046281,HGP-825-CO90,曳引驱动,11,11,11,825,1.5,2018-01-15,"
江苏省徐州市泉山区311国道",,,
徐矿城小区,1号楼东单元,日立电梯,乘客电梯,31103203022012030290,1#,上海三菱电梯有限公司,2010-12-01,10G025468(控制柜）,HGP-825-CO105,曳引驱动,17,17,17,825,1.75,2017-11-05,九里平山北路,,,
徐矿城小区,1号楼西单元,日立电梯,乘客电梯,31103203022012030291,2#,上海三菱电梯有限公司,2010-12-01,10G025469(控制柜）,HGP-825-CO105,曳引驱动,17,17,17,825,1.75,2017-11-05,九里平山北路,,,
徐矿城小区,2号楼东单元,日立电梯,乘客电梯,31103203022012030292,3#,上海三菱电梯有限公司,2010-12-01,10G025470(控制柜）,HGP-825-CO105,曳引驱动,18,18,18,825,1.75,2017-11-05,九里平山北路,,,
徐矿城小区,2号楼西单元,日立电梯,乘客电梯,31103203022012030293,4#,上海三菱电梯有限公司,2010-12-01,10G025471(控制柜）,HGP-825-CO105,曳引驱动,18,18,18,825,1.75,2017-11-05,九里平山北路,,,
徐矿城小区,3号楼东单元,日立电梯,乘客电梯,31103203022012030294,5#,上海三菱电梯有限公司,2010-12-01,10G025472(控制柜）,HGP-825-CO105,曳引驱动,18,18,18,825,1.75,2017-11-05,九里平山北路,,,
徐矿城小区,3号楼西单元,日立电梯,乘客电梯,31103203022012030295,6#,上海三菱电梯有限公司,2010-12-01,10G025473(控制柜）,HGP-825-CO105,曳引驱动,18,18,18,825,1.75,2017-11-05,九里平山北路,,,
徐矿城小区,9号楼1单元,日立电梯,乘客电梯,31103203022012030297,8#,上海三菱电梯有限公司,2010-12-01,10G025485(控制柜）,HGP-825-CO90,曳引驱动,11,11,11,825,1.5,2017-11-05,九里平山北路,,,
徐矿城小区,9号楼2单元,日立电梯,乘客电梯,31103203022012030296,7#,上海三菱电梯有限公司,2010-12-01,10G025484(控制柜）,HGP-825-CO90,曳引驱动,11,11,11,825,1.5,2017-11-05,九里平山北路,,,
徐矿城小区,10号楼1单元,日立电梯,乘客电梯,31103203022012030298,9#,上海三菱电梯有限公司,2010-12-01,10G025487(控制柜）,HGP-825-CO90,曳引驱动,9,9,9,825,1.5,2017-11-05,九里平山北路,,,
徐矿城小区,10号楼2单元,日立电梯,乘客电梯,31103203022012030299,10#,上海三菱电梯有限公司,2010-12-01,10G025486(控制柜）,HGP-825-CO90,曳引驱动,9,9,9,825,1.5,2017-11-05,九里平山北路,,,
徐矿城小区,11号楼1单元,日立电梯,乘客电梯,31103203022012030301,12#,上海三菱电梯有限公司,2010-12-01,10G025489(控制柜）,HGP-825-CO90,曳引驱动,11,11,11,825,1.5,2017-11-05,九里平山北路,,,
徐矿城小区,11号楼2单元,日立电梯,乘客电梯,31103203022012030300,11#,上海三菱电梯有限公司,2010-12-01,10G025488,HGP-825-CO90,曳引驱动,11,11,11,825,1.5,2017-11-05,九里平山北路,,,
徐矿城小区,12号楼1单元,日立电梯,乘客电梯,31103203022012030303,14#,上海三菱电梯有限公司,2010-12-01,10G025491,HGP-825-CO90,曳引驱动,9,9,9,825,1.5,2017-11-05,九里平山北路,,,
徐矿城小区,12号楼2单元,日立电梯,乘客电梯,31103203022012030302,13#,上海三菱电梯有限公司,2010-12-01,10G025490(控制柜）,HGP-825-CO90,曳引驱动,9,9,9,825,1.5,2017-11-05,九里平山北路,,,
徐矿城小区,13号楼1单元,日立电梯,乘客电梯,31103203022012030305,16#,上海三菱电梯有限公司,2010-12-01,10G025493(控制柜）,HGP-825-CO90,曳引驱动,11,11,11,825,1.5,2017-11-05,九里平山北路,,,
徐矿城小区,13号楼2单元,日立电梯,乘客电梯,31103203022012030304,15#,上海三菱电梯有限公司,2011-01-01,10G025492(控制柜）,HGP-825-CO90,曳引驱动,11,11,11,825,1.5,2017-11-05,九里平山北路,,,
徐矿城小区,14号楼1单元,日立电梯,乘客电梯,31103203022012030307,18#,上海三菱电梯有限公司,2010-10-01,10G025495(控制柜）,HGP-825-CO90,曳引驱动,12,12,12,825,1.5,2017-11-05,九里平山北路,,,
徐矿城小区,14号楼2单元,日立电梯,乘客电梯,31103203022012030306,17#,上海三菱电梯有限公司,2010-10-01,10G025494(控制柜）,HGP-825-CO90,曳引驱动,12,12,12,825,1.5,2017-11-05,九里平山北路,,,
徐矿城小区,15号楼1单元,日立电梯,乘客电梯,31103203022012030309,20#,上海三菱电梯有限公司,2010-10-01,10G025507,HGP-825-CO90,曳引驱动,12,12,12,825,1.5,2017-11-05,九里平山北路,,,
徐矿城小区,15号楼2单元,日立电梯,乘客电梯,31103203022012030308,19#,上海三菱电梯有限公司,2011-01-01,10G025506（控制柜）,HGP-825-CO90,曳引驱动,12,12,12,825,1.5,2017-11-05,九里平山北路,,,
徐矿城小区,16号楼1单元,日立电梯,乘客电梯,31103203022012030311,22#,上海三菱电梯有限公司,2010-12-01,10G025507（控制柜）,HGP-825-CO90,曳引驱动,12,12,12,825,1.5,2017-11-05,九里平山北路,,,
徐矿城小区,16号楼2单元,日立电梯,乘客电梯,31103203022012030310,21#,上海三菱电梯有限公司,2010-10-01,10G025496（控制柜）,HGP-825-CO90,曳引驱动,12,12,12,825,1.5,2017-11-05,九里平山北路,,,
徐矿城小区,17号楼1单元,日立电梯,乘客电梯,31103203022012030313,24#,上海三菱电梯有限公司,2010-12-01,10G025499（控制柜）,HGP-825-CO90,曳引驱动,12,12,12,825,1.5,2017-11-05,九里平山北路,,,
徐矿城小区,17号楼2单元,日立电梯,乘客电梯,31103203022012030312,23#,上海三菱电梯有限公司,2010-10-01,10G02500（控制柜）,HGP-825-CO90,曳引驱动,12,12,12,825,1.5,2017-11-05,九里平山北路,,,
徐矿城小区,18号楼1单元,日立电梯,乘客电梯,31103203022012030315,26#,上海三菱电梯有限公司,2010-10-01,10G025503（控制柜）,HGP-825-CO90,曳引驱动,12,12,12,825,1.5,2017-11-05,九里平山北路,,,
徐矿城小区,18号楼2单元,日立电梯,乘客电梯,31103203022012030314,25#,上海三菱电梯有限公司,2010-12-01,10G025502（控制柜）,HGP-825-CO90,曳引驱动,12,12,12,825,1.5,2017-11-05,九里平山北路,,,
徐矿城小区,19号楼1单元,日立电梯,乘客电梯,31103203022012030319,28#,上海三菱电梯有限公司,2010-12-01,10G025505（控制柜）,HGP-825-CO90,曳引驱动,12,12,12,825,1.5,2017-11-05,九里平山北路,,,
徐矿城小区,19号楼2单元,日立电梯,乘客电梯,31103203022012030316,27#,上海三菱电梯有限公司,2010-12-01,10G025504（控制柜）,HGP-825-CO90,曳引驱动,12,12,12,825,1.5,2017-11-05,九里平山北路,,,
徐矿城小区,20号楼1单元,日立电梯,乘客电梯,31103203022012030318,30#,上海三菱电梯有限公司,2010-12-01,10G025501（控制柜）,HGP-825-CO90,曳引驱动,12,12,12,825,1.5,2017-11-05,九里平山北路,,,
徐矿城小区,20号楼2单元,日立电梯,乘客电梯,31103203022012030317,29#,上海三菱电梯有限公司,2010-12-01,10G025498（控制柜）,HGP-825-CO90,曳引驱动,12,12,12,825,1.5,2017-11-05,九里平山北路,,,
徐矿城小区,21号楼1单元,日立电梯,乘客电梯,31103203022012030321,32#,上海三菱电梯有限公司,2010-12-01,10G025508（控制柜）,HGP-825-CO90,曳引驱动,12,12,12,825,1.5,2017-11-05,九里平山北路,,,
徐矿城小区,21号楼2单元,日立电梯,乘客电梯,31103203022012030320,31#,上海三菱电梯有限公司,2010-12-01,10G025509（控制柜）,HGP-825-CO90,曳引驱动,12,12,12,825,1.5,2017-11-05,九里平山北路,,,
徐矿城社区卫生服务站,社区卫生服务站,日立电梯,乘客电梯,31303203022012040323,,上海三菱电梯有限公司,2012-04,,UAX-825-CO60,曳引驱动,3,3,3,825,1,2017-11-21,九里平山北路,,,
高铁时代广场,1#楼1单元东梯,广州广日电梯,乘客电梯,,,上海三菱电梯有限公司,,,MAX800-CO1.75,曳引驱动,29,29,29,800,1.75,2018-01-15,徐海路7号,,,
高铁时代广场,1#楼1单元西梯,广州广日电梯,乘客电梯,,,上海三菱电梯有限公司,,,MAX800-CO1.75,曳引驱动,29,29,29,800,1.75,2018-01-15,徐海路7号,,,
高铁时代广场,1#楼2单元东梯,广州广日电梯,乘客电梯,,,上海三菱电梯有限公司,,,MAX800-CO1.75,曳引驱动,29,29,29,800,1.75,2018-01-15,徐海路7号,,,
高铁时代广场,1#楼2单元西梯,广州广日电梯,乘客电梯,,,上海三菱电梯有限公司,,,MAX800-CO1.75,曳引驱动,29,29,29,800,1.75,2018-01-15,徐海路7号,,,
高铁时代广场,1#楼3单元东梯,广州广日电梯,乘客电梯,31103203032014050823,,上海三菱电梯有限公司,2013-06-01,12000333005,MAX800-CO1.75,曳引驱动,29,29,29,800,1.75,2018-01-15,徐海路7号,,,
高铁时代广场,1#楼3单元西梯,广州广日电梯,乘客电梯,31103203032014050822,,上海三菱电梯有限公司,2013-06-01,12000333006,MAX800-CO1.75,曳引驱动,29,29,29,800,1.75,2018-01-15,徐海路7号,,,
高铁时代广场,1#楼4单元东梯,广州广日电梯,乘客电梯,31103203032014050820,,上海三菱电梯有限公司,2013-06-01,12000333007,MAX800-CO1.75,曳引驱动,29,29,29,800,1.75,2018-01-15,徐海路7号,,,
高铁时代广场,1#楼4单元西梯,广州广日电梯,乘客电梯,31103203032014050821,,上海三菱电梯有限公司,2013-06-01,12000333008,MAX800-CO1.75,曳引驱动,29,29,29,800,1.75,2018-01-15,徐海路7号,,,
高铁时代广场,2#楼南侧东梯,广州广日电梯,乘客电梯,31103203032014050811,,上海三菱电梯有限公司,2013-07-01,12000333011,MAX1000-CO2.5,曳引驱动,24,24,24,1000,2.5,2018-01-15,徐海路7号,,,
高铁时代广场,2#楼南侧中梯,广州广日电梯,乘客电梯,31103203032014050812,,上海三菱电梯有限公司,2013-07-01,12000333012,MAX1000-CO2.5,曳引驱动,24,24,24,1000,2.5,2018-01-15,徐海路7号,,,
高铁时代广场,2#楼南侧西梯,广州广日电梯,乘客电梯,31103203032014050813,,上海三菱电梯有限公司,2013-07-01,12000333014,MAX1000-CO2.5,曳引驱动,24,24,24,1000,2.5,2018-01-15,徐海路7号,,,
高铁时代广场,2#楼北侧东梯,广州广日电梯,乘客电梯,31103203032014050809,,上海三菱电梯有限公司,2013-07-01,12000333010,MAX1000-CO2.5,曳引驱动,25,25,25,1000,2.5,2018-01-15,徐海路7号,,,
高铁时代广场,2#楼北侧西梯,广州广日电梯,乘客电梯,31103203032014050828,,上海三菱电梯有限公司,2013-06-01,12000333009,MAX1000-CO2.5,曳引驱动,25,25,25,1000,2.5,2018-01-15,徐海路7号,,,
高铁时代广场,2#楼北侧单梯,广州广日电梯,乘客电梯,31103203032014050810,,上海三菱电梯有限公司,2013-07-01,12000333013,MAX1000-CO2.5,曳引驱动,24,24,24,1000,2.5,2018-01-15,徐海路7号,,,
高铁时代广场,3#楼1单元南梯,广州广日电梯,乘客电梯,31103203032014050817,,上海三菱电梯有限公司,2013-06-01,12000333015,MAX800-CO2.0,曳引驱动,32,32,32,800,2,2018-01-15,徐海路7号,,,
高铁时代广场,3#楼1单元北梯,广州广日电梯,乘客电梯,31103203032014050818,,上海三菱电梯有限公司,2013-06-01,12000333016,MAX800-CO2.0,曳引驱动,32,32,32,800,2,2018-01-15,徐海路7号,,,
高铁时代广场,3#楼2单元南梯,广州广日电梯,乘客电梯,31103203032014050819,,上海三菱电梯有限公司,2013-06-01,12000333017,MAX800-CO2.0,曳引驱动,32,32,32,800,2,2018-01-15,徐海路7号,,,
高铁时代广场,3#楼2单元北梯,广州广日电梯,乘客电梯,31103203032014050815,,上海三菱电梯有限公司,2013-06-01,12000333018,MAX800-CO2.0,曳引驱动,32,32,32,800,2,2018-01-15,徐海路7号,,,
高铁时代广场,3#楼3单元南梯,广州广日电梯,乘客电梯,31103203032014050816,,上海三菱电梯有限公司,2013-06-01,12000333019,MAX800-CO2.0,曳引驱动,32,32,32,800,2,2018-01-15,徐海路7号,,,
高铁时代广场,3#楼3单元北梯,广州广日电梯,乘客电梯,31103203032014050814,,上海三菱电梯有限公司,2013-06-01,12000333020,MAX800-CO2.0,曳引驱动,32,32,32,800,2,2018-01-15,徐海路7号,,,
原香漫谷,1#楼1单元,上海三菱电梯,乘客电梯,31103203112015040283,,上海三菱电梯有限公司,2014-04-01,140402768,LEGY,曳引驱动,7,7,7,800,1,2018-05-02,秦郡路与太行路交汇处（大龙湖正北岸）,,,
原香漫谷,1#楼2单元,上海三菱电梯,乘客电梯,31103203112015040284,,上海三菱电梯有限公司,2014-04-01,140402769,LEGY,曳引驱动,7,7,7,800,1,2018-05-02,秦郡路与太行路交汇处（大龙湖正北岸）,,,
原香漫谷,2#楼1单元,上海三菱电梯,乘客电梯,31103203112015040285,,上海三菱电梯有限公司,2014-04-01,140402770,LEGY,曳引驱动,7,7,7,800,1,2018-05-02,秦郡路与太行路交汇处（大龙湖正北岸）,,,
原香漫谷,2#楼2单元,上海三菱电梯,乘客电梯,31103203112015040286,,上海三菱电梯有限公司,2014-04-01,140402771,LEGY,曳引驱动,7,7,7,800,1.6,2018-05-02,秦郡路与太行路交汇处（大龙湖正北岸）,,,
原香漫谷,2#楼3单元,上海三菱电梯,乘客电梯,31103203112015040287,,杭州西子奥的斯电梯有限公司,2014-04-01,140402772,LEGY,曳引驱动,7,7,7,800,1,2018-05-02,秦郡路与太行路交汇处（大龙湖正北岸）,,,
原香漫谷,3#楼1单元,上海三菱电梯,乘客电梯,31103203112015040288,,西子奥的斯电梯有限公司,2014-04-01,140402773,LEGY,曳引驱动,7,7,7,800,1,2018-05-02,秦郡路与太行路交汇处（大龙湖正北岸）,,,
原香漫谷,3#楼2单元,上海三菱电梯,乘客电梯,31103203112015040289,,上海三菱电梯有限公司,2014-04-01,140402774,LEGY,曳引驱动,7,7,7,800,1,2018-05-02,秦郡路与太行路交汇处（大龙湖正北岸）,,,
原香漫谷,3#楼3单元,上海三菱电梯,乘客电梯,31103203112015040290,,沈阳正达电梯有限公司,2014-04-01,140402775,LEGY,曳引驱动,7,7,7,800,1,2018-05-02,秦郡路与太行路交汇处（大龙湖正北岸）,,,
原香漫谷,4#楼1单元,上海三菱电梯,乘客电梯,31103203112015040291,,上海三菱电梯有限公司,2014-04-01,140402776,LEGY,曳引驱动,7,7,7,800,1,2018-05-02,秦郡路与太行路交汇处（大龙湖正北岸）,,,
原香漫谷,4#楼2单元,上海三菱电梯,乘客电梯,31103203112015040292,,上海三菱电梯有限公司,2014-04-01,140402777,LEGY,曳引驱动,7,7,7,800,1,2018-05-02,秦郡路与太行路交汇处（大龙湖正北岸）,,,
原香漫谷,4#楼3单元,上海三菱电梯,乘客电梯,31103203112015040293,,上海三菱电梯有限公司,2014-04-01,140402778,LEGY,曳引驱动,7,7,7,800,1,2018-05-02,秦郡路与太行路交汇处（大龙湖正北岸）,,,
原香漫谷,5#楼1单元,上海三菱电梯,乘客电梯,31103203112015040294,,上海三菱电梯有限公司,2014-04-01,140402779,LEGY,曳引驱动,7,7,7,800,1,2018-05-02,秦郡路与太行路交汇处（大龙湖正北岸）,,,
原香漫谷,5#楼2单元,上海三菱电梯,乘客电梯,31103203112015040295,,通力电梯有限公司,2014-04-01,140402780,LEGY,曳引驱动,7,7,7,800,1,2018-05-02,秦郡路与太行路交汇处（大龙湖正北岸）,,,
原香漫谷,5#楼3单元,上海三菱电梯,乘客电梯,31103203112015040296,,通力电梯有限公司,2014-04-01,140402781,LEGY,曳引驱动,7,7,7,800,1,2018-05-02,秦郡路与太行路交汇处（大龙湖正北岸）,,,
原香漫谷,6号楼东单元,上海三菱电梯,乘客电梯,31103203112015081060,,通力电梯有限公司,2014-05-01,140503515,LEGY,曳引驱动,8,8,8,800,1,2017-08-09,秦郡路与太行路交汇处（大龙湖正北岸）,,,
原香漫谷,6号楼中单元,上海三菱电梯,乘客电梯,31103203112015081061,,通力电梯有限公司,2014-05-01,140503516,LEGY,曳引驱动,8,8,8,800,1,2017-08-09,秦郡路与太行路交汇处（大龙湖正北岸）,,,
原香漫谷,6号楼西单元,上海三菱电梯,乘客电梯,31103203112015081062,,通力电梯有限公司,2014-05-01,140503517,LEGY,曳引驱动,8,8,8,800,1,2017-08-09,秦郡路与太行路交汇处（大龙湖正北岸）,,,
原香漫谷,7#楼1单元,上海三菱电梯,乘客电梯,31103203112015040297,,通力电梯有限公司,2014-04-01,140402782,LEGY,曳引驱动,7,7,7,800,1,2018-05-02,秦郡路与太行路交汇处（大龙湖正北岸）,,,
原香漫谷,7#楼2单元,上海三菱电梯,乘客电梯,31103203112015040298,,通力电梯有限公司,2014-04-01,140402783,LEGY,曳引驱动,7,7,7,800,1,2018-05-02,秦郡路与太行路交汇处（大龙湖正北岸）,,,
原香漫谷,7#楼3单元,上海三菱电梯,乘客电梯,31103203112015040299,,通力电梯有限公司,2014-04-01,140402784,LEGY,曳引驱动,7,7,7,800,1,2018-05-02,秦郡路与太行路交汇处（大龙湖正北岸）,,,
原香漫谷,8号楼东单元,上海三菱电梯,乘客电梯,31103203112015081063,,通力电梯有限公司,2014-05-01,140503518,LEGY,曳引驱动,8,8,8,800,1,2018-08-09,秦郡路与太行路交汇处（大龙湖正北岸）,,,
原香漫谷,8号楼中单元,上海三菱电梯,乘客电梯,31103203112015081064,,通力电梯有限公司,2014-05-01,140503519,LEGY,曳引驱动,8,8,8,800,1,2017-08-09,秦郡路与太行路交汇处（大龙湖正北岸）,,,
原香漫谷,8号楼西单元,上海三菱电梯,乘客电梯,31103203112015081065,,通力电梯有限公司,2014-05-01,140503520,LEGY,曳引驱动,8,8,8,800,1,2017-08-09,秦郡路与太行路交汇处（大龙湖正北岸）,,,
原香漫谷,9号楼东单元,上海三菱电梯,乘客电梯,31103203112015081066,,通力电梯有限公司,2014-05-01,140503521,LEGY,曳引驱动,8,8,8,800,1,2017-08-09,秦郡路与太行路交汇处（大龙湖正北岸）,,,
原香漫谷,9号楼中单元,上海三菱电梯,乘客电梯,31103203112015081067,,通力电梯有限公司,2014-05-01,140503522,LEGY,曳引驱动,8,8,8,800,1,2017-08-09,秦郡路与太行路交汇处（大龙湖正北岸）,,,
原香漫谷,9号楼西单元,上海三菱电梯,乘客电梯,31103203112015081068,,通力电梯有限公司,2014-05-01,140503523,LEGY,曳引驱动,8,8,8,800,1,2017-08-09,秦郡路与太行路交汇处（大龙湖正北岸）,,,
原香漫谷,10#楼1单元东梯,上海三菱电梯,乘客电梯,31103203112015040305,,通力电梯有限公司,2014-05-01,140503941,LEGY,曳引驱动,18,18,18,1050,1.6,2018-05-02,秦郡路与太行路交汇处（大龙湖正北岸）,,,
原香漫谷,10#楼1单元西梯,上海三菱电梯,乘客电梯,31103203112015040321,,通力电梯有限公司,2014-05-01,140505192,LEGY,曳引驱动,,,,,,2018-05-02,秦郡路与太行路交汇处（大龙湖正北岸）,,,
原香漫谷,10#楼2单元东梯,上海三菱电梯,乘客电梯,31103203112015040306,,通力电梯有限公司,2014-05-01,140503942,LEGY,曳引驱动,19,19,19,800,1.6,2018-05-02,秦郡路与太行路交汇处（大龙湖正北岸）,,,
原香漫谷,10#楼2单元西梯,上海三菱电梯,乘客电梯,31103203112015040322,,通力电梯有限公司,2014-05-01,140505193,LEGY,曳引驱动,18,18,18,1050,1.6,2018-05-02,秦郡路与太行路交汇处（大龙湖正北岸）,,,
原香漫谷,11#楼1单元,上海三菱电梯,乘客电梯,31103203112015040300,,通力电梯有限公司,2014-04-01,140402785,LEGY,曳引驱动,7,7,7,800,1,2018-05-02,秦郡路与太行路交汇处（大龙湖正北岸）,,,
原香漫谷,11#楼2单元,上海三菱电梯,乘客电梯,31103203112015040301,,通力电梯有限公司,2014-04-01,140402786,LEGY,曳引驱动,7,7,7,800,1,2018-05-02,秦郡路与太行路交汇处（大龙湖正北岸）,,,
原香漫谷,11#楼3单元,上海三菱电梯,乘客电梯,31103203112015040302,,通力电梯有限公司,2014-04-01,140402787,LEGY,曳引驱动,7,7,7,800,1,2018-05-02,秦郡路与太行路交汇处（大龙湖正北岸）,,,
原香漫谷,12号楼东单元,上海三菱电梯,乘客电梯,31103203112015081069,,通力电梯有限公司,2014-05-01,140503524,LEGY,曳引驱动,8,8,8,800,1,2017-08-09,秦郡路与太行路交汇处（大龙湖正北岸）,,,
原香漫谷,12号楼中单元,上海三菱电梯,乘客电梯,31103203112015081070,,通力电梯有限公司,2014-05-01,140503525,LEGY,曳引驱动,8,8,8,800,1,2017-08-09,秦郡路与太行路交汇处（大龙湖正北岸）,,,
原香漫谷,12号楼西单元,上海三菱电梯,乘客电梯,31103203112015081071,,通力电梯有限公司,2014-05-01,140503526,LEGY,曳引驱动,8,8,8,800,1,2017-08-09,秦郡路与太行路交汇处（大龙湖正北岸）,,,
原香漫谷,13号楼东单元,上海三菱电梯,乘客电梯,31103203112015081072,,通力电梯有限公司,2014-05-01,140503527,LEGY,曳引驱动,8,8,8,800,1,2017-08-09,秦郡路与太行路交汇处（大龙湖正北岸）,,,
原香漫谷,13号楼中单元,上海三菱电梯,乘客电梯,31103203112015081073,,通力电梯有限公司,2014-05-01,140503528,LEGY,曳引驱动,8,8,8,800,1,2017-08-09,秦郡路与太行路交汇处（大龙湖正北岸）,,,
原香漫谷,13号楼西单元,上海三菱电梯,乘客电梯,31103203112015081074,,通力电梯有限公司,2014-05-01,140503529,LEGY,曳引驱动,8,8,8,800,1,2017-08-09,秦郡路与太行路交汇处（大龙湖正北岸）,,,
原香漫谷,14#楼1单元东梯,上海三菱电梯,乘客电梯,31103203112015040323,,通力电梯有限公司,2014-05-01,140505194,LEGY,曳引驱动,18,18,18,1050,1.6,2018-05-02,秦郡路与太行路交汇处（大龙湖正北岸）,,,
原香漫谷,14#楼1单元西梯,上海三菱电梯,乘客电梯,31103203112015040307,,通力电梯有限公司,2014-05-01,140503943,LEGY,曳引驱动,19,19,19,800,1.6,2018-05-02,秦郡路与太行路交汇处（大龙湖正北岸）,,,
原香漫谷,14#楼2单元东梯,上海三菱电梯,乘客电梯,31103203112015040324,,上海三菱电梯有限公司,2014-05-01,140505195,LEGY,曳引驱动,18,18,18,1050,1.6,2018-05-02,秦郡路与太行路交汇处（大龙湖正北岸）,,,
原香漫谷,14#楼2单元西梯,上海三菱电梯,乘客电梯,31103203112015040308,,上海三菱电梯有限公司,2014-05-01,140503944,LEGY,曳引驱动,19,19,19,800,1.6,2018-05-02,秦郡路与太行路交汇处（大龙湖正北岸）,,,
原香漫谷,15#楼1单元东梯,上海三菱电梯,乘客电梯,31103203112015040309,,上海三菱电梯有限公司,2014-05-01,140503945,LEGY,曳引驱动,19,19,19,800,1.6,2018-05-02,秦郡路与太行路交汇处（大龙湖正北岸）,,,
原香漫谷,15#楼1单元西梯,上海三菱电梯,乘客电梯,31103203112015040325,,上海三菱电梯有限公司,2014-05-01,140505196,LEGY,曳引驱动,18,18,18,1050,1.6,2018-05-02,秦郡路与太行路交汇处（大龙湖正北岸）,,,
原香漫谷,15#楼2单元东梯,上海三菱电梯,乘客电梯,31103203112015040310,,上海三菱电梯有限公司,2014-05-01,140503946,LEGY,曳引驱动,,,,,,2018-05-02,秦郡路与太行路交汇处（大龙湖正北岸）,,,
原香漫谷,15#楼2单元西梯,上海三菱电梯,乘客电梯,31103203112015040326,,上海三菱电梯有限公司,2014-05-01,140505197,LEGY,曳引驱动,18,18,18,1050,1.6,2018-05-02,秦郡路与太行路交汇处（大龙湖正北岸）,,,
原香漫谷,16号楼东单元,上海三菱电梯,乘客电梯,31103203112015081075,,上海三菱电梯有限公司,2014-05-01,140503530,LEGY,曳引驱动,8,8,8,800,1,2017-08-09,秦郡路与太行路交汇处（大龙湖正北岸）,,,
原香漫谷,16号楼西单元,上海三菱电梯,乘客电梯,31103203112015081076,,上海三菱电梯有限公司,2014-05-01,140503531,LEGY,曳引驱动,8,8,8,800,1,2017-08-09,秦郡路与太行路交汇处（大龙湖正北岸）,,,
原香漫谷,17号楼东单元,上海三菱电梯,乘客电梯,31103203112015081077,,上海三菱电梯有限公司,2014-05-01,140503532,LEGY,曳引驱动,8,8,8,800,1,2017-08-09,秦郡路与太行路交汇处（大龙湖正北岸）,,,
原香漫谷,17号楼西单元,上海三菱电梯,乘客电梯,31103203112015081078,,上海三菱电梯有限公司,2014-05-01,140503533,LEGY,曳引驱动,8,8,8,800,1,2017-08-09,秦郡路与太行路交汇处（大龙湖正北岸）,,,
原香漫谷,18#楼1单元东梯,上海三菱电梯,乘客电梯,31103203112015040327,,上海三菱电梯有限公司,2014-05-01,140505198,LEGY,曳引驱动,,,,,,2018-05-02,秦郡路与太行路交汇处（大龙湖正北岸）,,,
原香漫谷,18#楼1单元西梯,上海三菱电梯,乘客电梯,31103203112015040311,,上海三菱电梯有限公司,2014-05-01,140503947,LEGY,曳引驱动,19,19,19,800,1.6,2018-05-02,秦郡路与太行路交汇处（大龙湖正北岸）,,,
原香漫谷,18#楼2单元东梯,上海三菱电梯,乘客电梯,31103203112015040328,,上海三菱电梯有限公司,2014-05-01,140505199,LEGY,曳引驱动,18,18,18,1050,1.6,2018-05-02,秦郡路与太行路交汇处（大龙湖正北岸）,,,
原香漫谷,18#楼2单元西梯,上海三菱电梯,乘客电梯,31103203112015040312,,上海三菱电梯有限公司,2014-05-01,140503948,LEGY,曳引驱动,18,18,18,800,1.6,2018-05-02,秦郡路与太行路交汇处（大龙湖正北岸）,,,
原香漫谷,19#楼1单元东梯,上海三菱电梯,乘客电梯,31103203112015040315,,上海三菱电梯有限公司,2014-05-01,140503951,LEGY,曳引驱动,18,18,18,1050,1.6,2018-05-02,秦郡路与太行路交汇处（大龙湖正北岸）,,,
原香漫谷,19#楼1单元西梯,上海三菱电梯,乘客电梯,31103203112015040331,,上海三菱电梯有限公司,2014-05-01,140505202,LEGY,曳引驱动,19,19,19,1050,1.6,2018-05-02,秦郡路与太行路交汇处（大龙湖正北岸）,,,
原香漫谷,19#楼2单元东梯,上海三菱电梯,乘客电梯,31103203112015040332,,上海三菱电梯有限公司,2014-05-01,140505203,LEGY,曳引驱动,19,19,19,1050,1.6,2018-05-02,秦郡路与太行路交汇处（大龙湖正北岸）,,,
原香漫谷,19#楼2单元西梯,上海三菱电梯,乘客电梯,31103203112015040316,,上海三菱电梯有限公司,2014-05-01,140503952,LEGY,曳引驱动,18,18,18,1050,1.6,2018-05-02,秦郡路与太行路交汇处（大龙湖正北岸）,,,
原香漫谷,20#楼1单元东梯,上海三菱电梯,乘客电梯,31103203112015040317,,上海三菱电梯有限公司,2014-05-01,140503953,LEGY,曳引驱动,18,18,18,1050,1.6,2018-05-02,秦郡路与太行路交汇处（大龙湖正北岸）,,,
原香漫谷,20#楼1单元西梯,上海三菱电梯,乘客电梯,31103203112015040333,,上海三菱电梯有限公司,2014-05-01,140505204,LEGY,曳引驱动,19,19,19,1050,1.6,2018-05-02,秦郡路与太行路交汇处（大龙湖正北岸）,,,
原香漫谷,20#楼2单元东梯,上海三菱电梯,乘客电梯,31103203112015040334,,上海三菱电梯有限公司,2014-05-01,140505205,LEGY,曳引驱动,19,19,19,1050,1.6,2018-05-02,秦郡路与太行路交汇处（大龙湖正北岸）,,,
原香漫谷,20#楼2单元西梯,上海三菱电梯,乘客电梯,31103203112015040318,,上海三菱电梯有限公司,2014-05-01,140503954,LEGY,曳引驱动,18,18,18,1050,1.6,2018-05-02,秦郡路与太行路交汇处（大龙湖正北岸）,,,
原香漫谷,21#楼1单元东梯,上海三菱电梯,乘客电梯,31103203112015040320,,上海三菱电梯有限公司,2014-05-01,140503956,LEGY,曳引驱动,18,18,18,800,1.6,2018-05-02,秦郡路与太行路交汇处（大龙湖正北岸）,,,
原香漫谷,21#楼1单元西梯,上海三菱电梯,乘客电梯,31103203112015040336,,上海三菱电梯有限公司,2014-05-01,140505207,LEGY,曳引驱动,19,19,19,1050,1.6,2018-05-02,秦郡路与太行路交汇处（大龙湖正北岸）,,,
原香漫谷,21#楼2单元东梯,上海三菱电梯,乘客电梯,31103203112015040335,,上海三菱电梯有限公司,2014-05-01,140505206,LEGY,曳引驱动,19,19,19,1050,1.6,2018-05-02,秦郡路与太行路交汇处（大龙湖正北岸）,,,
原香漫谷,21#楼2单元西梯,上海三菱电梯,乘客电梯,31103203112015040319,,上海三菱电梯有限公司,2014-05-01,140503955,LEGY,曳引驱动,18,18,18,800,1.6,2018-05-02,秦郡路与太行路交汇处（大龙湖正北岸）,,,
原香漫谷,22#楼1单元东梯,上海三菱电梯,乘客电梯,31103203112015040313,,上海三菱电梯有限公司,2014-05-01,140503949,LEGY,曳引驱动,19,19,19,1050,1.6,2018-05-02,秦郡路与太行路交汇处（大龙湖正北岸）,,,
原香漫谷,22#楼1单元西梯,上海三菱电梯,乘客电梯,31103203112015040329,,上海三菱电梯有限公司,2014-05-01,140505200,LEGY,曳引驱动,18,18,18,1050,1.6,2018-05-02,秦郡路与太行路交汇处（大龙湖正北岸）,,,
原香漫谷,22#楼2单元东梯,上海三菱电梯,乘客电梯,31103203112015040314,,上海三菱电梯有限公司,2014-05-01,140503950,LEGY,曳引驱动,19,19,19,800,1.6,2018-05-02,秦郡路与太行路交汇处（大龙湖正北岸）,,,
原香漫谷,22#楼2单元西梯,上海三菱电梯,乘客电梯,31103203112015040330,,天津奥的斯电梯有限公司,2014-05-01,140505201,LEGY,曳引驱动,18,18,18,1050,1.6,2018-05-02,秦郡路与太行路交汇处（大龙湖正北岸）,,,
原香漫谷,商业1号楼梯,上海三菱电梯,乘客电梯,31103203112015081081,74号梯,天津奥的斯电梯有限公司,2014-05-01,140505594,LEHY-MRL,曳引驱动,3,3,3,800,1,2017-08-09,秦郡路与太行路交汇处（大龙湖正北岸）,,,
原香漫谷,商业2号楼南梯,上海三菱电梯,乘客电梯,31103203112015081079,72号梯,通力电梯有限公司,2014-05-01,140505592,LEHY-MRL,曳引驱动,3,3,3,800,1,2017-08-09,秦郡路与太行路交汇处（大龙湖正北岸）,,,
原香漫谷,商业2号楼北梯,上海三菱电梯,乘客电梯,31103203112015081080,73号梯,通力电梯有限公司,2014-05-01,140505593,LEHY-MRL,曳引驱动,3,3,3,800,1,2017-08-09,秦郡路与太行路交汇处（大龙湖正北岸）,,,
国土大厦B座,办公楼南梯,西子奥的斯电梯,乘客电梯,31103203112005081795,2#,,2004-04-01,F8F01516B,TKJ1000/1.75-JX,曳引驱动,21,21,21,1000,1.75,2018-01-25,建国西路80号,,,
国土大厦B座,办公楼北梯,西子奥的斯电梯,乘客电梯,31103203112005081793,1#,,2004-04-01,F8F01516A,TKJ1000/1.75-JX,曳引驱动,21,21,21,1000,1.75,2018-01-25,建国西路80号,,,
行政中心办公楼,北二区东厅,上海三菱电梯,乘客电梯,31103203032008040118,30,,2006-04-01,OPY2630-B27-0-1,TKJ1050/1.0-JX,曳引驱动,3,3,3,1050,1,2018-01-25,江苏省徐州市云龙区昆仑大道1,,,
行政中心办公楼,北二区西北梯,沈阳正达电梯,杂物电梯,34003203032008040127,35,,2007-7-12,TWJ500/0.4-AS,曳引驱动,2,2,2,500,0.4,2018-01-25,江苏省徐州市云龙区昆仑大道1,,,
行政中心办公楼,北一区食堂东南梯,上海三菱电梯,乘客电梯,31103203032008040123,31,,2006-04-01,OPY2631-B27-0-1,TKJ630/1.0-JX,曳引驱动,3,3,3,630,1,2018-01-25,江苏省徐州市云龙区昆仑大道1,,,
行政中心办公楼,北一区食堂东侧北梯,上海三菱电梯,乘客电梯,31103203032008040125,32,,2006-04-01,OPY2632-B27-0-1,TKJ630/1.0-JX,曳引驱动,3,3,3,630,1,2018-01-25,江苏省徐州市云龙区昆仑大道1,,,
行政中心办公楼,北一区食堂西侧北梯,上海三菱电梯,乘客电梯,31103203032008040126,33,,2006-04-01,OPY2633-B27-0-1,TKJ630/1.0-JX,曳引驱动,3,3,3,630,1,2018-01-25,江苏省徐州市云龙区昆仑大道1,,,
行政中心办公楼,北一区食堂西南梯,上海三菱电梯,乘客电梯,31103203032008040124,34,,2006-04-01,OPY2634-B27-0-1,TKJ630/1.0-JX,曳引驱动,3,3,3,630,1,2018-01-25,江苏省徐州市云龙区昆仑大道1,,,
行政中心档案馆,西梯,通力电梯,乘客电梯,31303203032010010062,22,,2009-05-01,36540344,PW18/16-19,曳引驱动,6,6,6,1350,1.6,2018-01-25,江苏省徐州市云龙区昆仑大道1,,,
行政中心档案馆,北梯,通力电梯,乘客电梯,31303203032010010066,23,,2009-04-01,36543704,PW13/16-19,曳引驱动,6,6,6,1000,1.6,2018-01-25,江苏省徐州市云龙区昆仑大道1,,,
行政中心档案馆,东厅北梯,通力电梯,乘客电梯,31303203032010010064,24,,2009-04-01,36543699,PW13/16-19,曳引驱动,6,6,6,1000,1.6,2018-01-25,江苏省徐州市云龙区昆仑大道1,,,
行政中心档案馆,东厅南梯,通力电梯,乘客电梯,31303203032010010061,26,,2009-04-01,36543701,PW13/16-19,曳引驱动,6,6,6,1000,1.6,2018-01-25,江苏省徐州市云龙区昆仑大道1,,,
行政中心办公楼二期东区,南部东梯,通力电梯,乘客电梯,31303203032010010036,1号,,2009-03-01,36543687,PW15/16-19,曳引驱动,7,7,7,1150,1.6,2018-01-25,江苏省徐州市云龙区昆仑大道1,,,
行政中心办公楼二期东区,中部中梯,通力电梯,乘客电梯,31303203032010010035,2号,,2009-03-01,36543688,PW15/16-19,曳引驱动,7,7,7,1150,1.6,2018-01-25,江苏省徐州市云龙区昆仑大道1,,,
行政中心办公楼二期东区,北部中梯,通力电梯,乘客电梯,31303203032010010034,3号,,2009-03-01,36543689,PW15/16-19,曳引驱动,7,7,7,1150,1.6,2018-01-25,江苏省徐州市云龙区昆仑大道1,,,
行政中心办公楼二期东区,南部南梯,通力电梯,乘客电梯,31303203032010010033,6号,,2009-03-01,36543690,PW15/16-19,曳引驱动,6,6,6,1150,1.6,2018-01-25,江苏省徐州市云龙区昆仑大道1,,,
行政中心办公楼二期东区,南部中梯,通力电梯,乘客电梯,31303203032010010032,7号,,2009-03-01,36543691,PW15/16-19,曳引驱动,6,6,6,1150,1.6,2018-01-25,江苏省徐州市云龙区昆仑大道1,,,
行政中心办公楼二期东区,中部南梯,通力电梯,乘客电梯,31303203032010010037,8号,,2009-03-01,36543692,PW15/16-19,曳引驱动,6,6,6,1150,1.6,2018-01-25,江苏省徐州市云龙区昆仑大道1,,,
行政中心办公楼二期东区,中部北梯,通力电梯,乘客电梯,31303203032010010031,9号,,2009-03-01,36543693,PW15/16-19,曳引驱动,6,6,6,1150,1.6,2018-01-25,江苏省徐州市云龙区昆仑大道1,,,
行政中心办公楼二期东区,北部南梯,通力电梯,乘客电梯,31303203032010010038,8号,,2009-03-01,36543694,PW15/16-19,曳引驱动,6,6,6,1150,1.6,2018-01-25,江苏省徐州市云龙区昆仑大道1,,,
行政中心办公楼二期东区,北部北梯,通力电梯,乘客电梯,31303203032010010039,11号,,2009-03-01,36543695,PW15/16-19,曳引驱动,6,6,6,1150,1.6,2018-01-25,江苏省徐州市云龙区昆仑大道1,,,
行政中心办公楼二期西区,G楼东厅东梯,通力电梯,乘客电梯,31103203032010010049,2,,2009-04-01,36543129,PT1818-19,曳引驱动,6,6,6,1350,1.75,2018-01-25,江苏省徐州市云龙区昆仑大道1,,,
行政中心办公楼二期西区,F楼东厅北部西梯,通力电梯,乘客电梯,31103203032010010053,14,,2009-04-01,36543118,PT1818-19,曳引驱动,7,7,7,1350,1.75,2018-01-25,江苏省徐州市云龙区昆仑大道1,,,
行政中心办公楼二期西区,F楼东厅北部东梯,通力电梯,乘客电梯,31103203032010010054,15,,2009-04-01,36543122,PT1818-19,曳引驱动,7,7,7,1350,1.75,2018-01-25,江苏省徐州市云龙区昆仑大道1,,,
行政中心办公楼二期西区,F楼东厅南部东梯,通力电梯,乘客电梯,31103203032010010060,16,,2009-04-01,36543123,PT1818-19,曳引驱动,7,7,7,1350,1.75,2018-01-25,江苏省徐州市云龙区昆仑大道1,,,
行政中心办公楼二期西区,F楼东厅南部西梯,通力电梯,乘客电梯,31103203032010010051,15,,2009-04-01,36543125,PT1818-19,曳引驱动,7,7,7,1350,1.75,2018-01-25,江苏省徐州市云龙区昆仑大道1,,,
行政中心办公楼二期西区,E楼东厅西梯,通力电梯,乘客电梯,31103203032010010050,18,,2009-04-01,36543126,PT1818-19,曳引驱动,6,6,6,1350,1.75,2018-01-25,江苏省徐州市云龙区昆仑大道1,,,
行政中心办公楼二期西区,E楼东厅东梯,通力电梯,乘客电梯,31103203032010010048,19,,2009-04-01,36543127,PT1818-19,曳引驱动,6,6,6,1350,1.75,2018-01-25,江苏省徐州市云龙区昆仑大道1,,,
行政中心办公楼二期西区,G楼东厅西梯,通力电梯,乘客电梯,31103203032010010052,21,,2009-04-01,36543128,PT1818-19,曳引驱动,6,6,6,1350,1.75,2018-01-25,江苏省徐州市云龙区昆仑大道1,,,
行政中心办公楼二期西区,F楼西厅东梯,通力电梯,乘客电梯,31303203032010010067,4,,2009-04-01,36543700,PW18/16-19,曳引驱动,7,7,7,1350,1.6,2018-01-25,江苏省徐州市云龙区昆仑大道1,,,
行政中心办公楼二期西区,F梯西厅西梯,通力电梯,乘客电梯,31303203032010010068,5,,2009-04-01,36540343,PW18/16-19,曳引驱动,7,7,7,1350,1.6,2018-01-25,江苏省徐州市云龙区昆仑大道1,,,
行政中心办公楼二期西区,D楼东北梯,通力电梯,乘客电梯,31303203032010010059,12,,2009-04-01,36543696,PW13/16-19,曳引驱动,7,7,7,1000,1.6,2018-01-25,江苏省徐州市云龙区昆仑大道1,,,
行政中心办公楼二期西区,A楼东南梯,通力电梯,乘客电梯,31303203032010010058,13,,2009-04-01,36543700,PW18/16-19,曳引驱动,7,7,7,1000,1.6,2018-01-25,江苏省徐州市云龙区昆仑大道1,,,
行政中心服务中心办公楼,西厅南梯,通力电梯,乘客电梯,31303203032010010056,25,,2009-04-01,36543702,PW13/16-19,曳引驱动,6,6,6,1000,1.6,2018-01-25,江苏省徐州市云龙区昆仑大道1,,,
行政中心服务中心办公楼,西厅北梯,通力电梯,乘客电梯,31303203032010010065,27,,2009-04-01,36543700,PW13/16-19,曳引驱动,6,6,6,1000,1.6,2018-01-25,江苏省徐州市云龙区昆仑大道1,,,
行政中心服务中心办公楼,东厅南梯,通力电梯,乘客电梯,31303203032010010063,29,,2009-04-01,36543698,PW13/16-19,曳引驱动,5,5,5,1000,1.6,2018-01-25,江苏省徐州市云龙区昆仑大道1,,,
行政中心服务中心办公楼,东厅北梯,通力电梯,乘客电梯,31303203032010010057,28,,2009-04-01,36543703,PW13/16-19,曳引驱动,5,5,5,1000,1.6,2018-01-25,江苏省徐州市云龙区昆仑大道1,,,
行政中心办公楼东二区,北梯,上海三菱电梯,乘客电梯,31103203032008040116,6,,2006-04-01,OPY2606-B27-0-1,TKJ1050/1.75-JX,曳引驱动,7,7,7,1050,1.75,2018-01-25,江苏省徐州市云龙区昆仑大道1,,,
行政中心办公楼东二区,大厅北梯,上海三菱电梯,乘客电梯,31103203032008040122,20,,2006-04-01,OPY2620-B27-0-1,TKJ1350/1.75-JX,曳引驱动,7,7,7,1350,1.75,2018-01-25,江苏省徐州市云龙区昆仑大道1,,,
行政中心办公楼东二区,大厅南梯,上海三菱电梯,乘客电梯,31103203032008040113,21,,2006-04-01,OPY2621-B27-0-1,TKJ1350/1.75-JX,曳引驱动,7,7,7,1350,1.75,2018-01-25,江苏省徐州市云龙区昆仑大道1,,,
行政中心办公楼东三区,西北梯,上海三菱电梯,乘客电梯,31103203032008040111 ,7,,2006-04-01,OP-Y2607-B27-0-1,TKJ1050/1.75-JX,曳引驱动,7,7,7,1050,1.75,2018-01-25,江苏省徐州市云龙区昆仑大道1,,,
行政中心办公楼东三区,西南梯,上海三菱电梯,乘客电梯,31103203032008040101,8,,2006-04-01,OP-Y2608-B27-0-1,TKJ1050/1.75-JX,曳引驱动,7,7,7,1050,1.75,2018-01-25,江苏省徐州市云龙区昆仑大道1,,,
行政中心办公楼东三区,东南厅南梯,上海三菱电梯,乘客电梯,31103203032008040102,9,,2006-04-01,OP-Y2609-B27-0-1,TKJ1050/1.75-BL,曳引驱动,7,7,7,1050,1.75,2018-01-25,江苏省徐州市云龙区昆仑大道1,,,
行政中心办公楼东三区,东南厅北梯,上海三菱电梯,乘客电梯,31103203032008040103,10,,2006-04-01,OP-Y2610-B27-0-1,TKJ1050/1.75-BL,曳引驱动,7,7,7,1050,1.75,2018-01-25,江苏省徐州市云龙区昆仑大道1,,,
行政中心办公楼东三区,东北梯,上海三菱电梯,乘客电梯,31103203032008040175,11,,2006-04-01,OP-Y2611-B27-0-1,TKJ1050/1.75-JX,曳引驱动,7,7,7,1050,1.75,2018-01-25,江苏省徐州市云龙区昆仑大道1,,,
行政中心办公楼东三区,西厅北梯,上海三菱电梯,乘客电梯,31103203032008040121,22,,2006-04-01,OPY2622-B27-0-1,TKJ1350/1.75-BL,曳引驱动,7,7,7,1350,1.75,2018-01-25,江苏省徐州市云龙区昆仑大道1,,,
行政中心办公楼东三区,西厅南梯,上海三菱电梯,乘客电梯,31103203032008040119,23,,2006-04-01,OPY2623-B27-0-1,TKJ1350/1.75-BL,曳引驱动,7,7,7,1350,1.75,2018-01-25,江苏省徐州市云龙区昆仑大道1,,,
行政中心办公楼东三区,东厅南梯,上海三菱电梯,乘客电梯,31103203032008040176,24,,2006-04-01,OPY2624-B27-0-1,TKJ1350/1.75-BL,曳引驱动,7,7,7,1350,1.75,2018-01-25,江苏省徐州市云龙区昆仑大道1,,,
行政中心办公楼东三区,东厅北梯,上海三菱电梯,乘客电梯,31103203032008040177,25,,2006-04-01,OPY2625-B27-0-1,TKJ1350/1.75-BL,曳引驱动,7,7,7,1350,1.75,2018-01-25,江苏省徐州市云龙区昆仑大道1,,,
行政中心办公楼东一区,西北梯,上海三菱电梯,乘客电梯,31103203032008040112,14,,2006-04-01,OP-Y2614-B27-0-1,TKJ1050/1.75-JX,曳引驱动,10,10,10,1050,1.75,2018-01-25,江苏省徐州市云龙区昆仑大道1,,,
行政中心办公楼东一区,大厅北部东梯,上海三菱电梯,乘客电梯,31103203032008040181,15,,2006-04-01,OPY2615-B27-0-1,TKJ1050/1.75-JX,曳引驱动,10,10,10,1050,1.75,2018-01-25,江苏省徐州市云龙区昆仑大道1,,,
行政中心办公楼东一区,大厅北部西梯,上海三菱电梯,乘客电梯,31103203032008040172,28,,2006-04-01,OPY2628-B27-0-1,TKJ1350/1.75-JX,曳引驱动,10,10,10,1350,1.75,2018-01-25,江苏省徐州市云龙区昆仑大道1,,,
行政中心办公楼东一区,大厅南梯,上海三菱电梯,乘客电梯,31103203032008040173,29,,2006-04-01,OPY2629-B27-0-1,TKJ1350/1.75-JX,曳引驱动,10,10,10,1350,1.75,2018-01-25,江苏省徐州市云龙区昆仑大道1,,,
行政中心办公楼西二区,北梯,上海三菱电梯,乘客电梯,31103203032008040110 ,5,,2006-04-01,OPY2605-B27-0-1,TKJ1050/1.75-JX,曳引驱动,7,7,7,1050,1.75,2018-01-25,江苏省徐州市云龙区昆仑大道1,,,
行政中心办公楼西二区,大厅北梯,上海三菱电梯,乘客电梯,31103203032008040178,18,,2006-04-01,OPY2618-B27-0-1,TKJ1350/1.75-JX,曳引驱动,7,7,7,1350,1.75,2018-01-25,江苏省徐州市云龙区昆仑大道1,,,
行政中心办公楼西二区,大厅南梯,上海三菱电梯,乘客电梯,31103203032008040174,19,,2006-04-01,OPY2619-B27-0-1,TKJ1350/1.75-JX,曳引驱动,7,7,7,1350,1.75,2018-01-25,江苏省徐州市云龙区昆仑大道1,,,
行政中心办公楼西三区,北大厅北梯,上海三菱电梯,乘客电梯,31103203032008040117,1,,2006-04-01,OP-Y2601-B27-0-1,GPS-III,曳引驱动,7,7,7,1050,1.75,2018-01-25,江苏省徐州市云龙区昆仑大道1,,,
行政中心办公楼西三区,西大厅北梯,上海三菱电梯,乘客电梯,31103203032008040120,2,,2006-04-01,OP-Y2602-B27-0-1,TKJ1050/1.75-JX,曳引驱动,7,7,7,1050,1.75,2018-01-25,江苏省徐州市云龙区昆仑大道1,,,
行政中心办公楼西三区,西大厅南梯,上海三菱电梯,乘客电梯,31103203032008040114,3,,2006-04-01,OP-Y2603-B27-0-1,TKJ1050/1.75-JX,曳引驱动,7,7,7,1050,1.75,2018-01-25,江苏省徐州市云龙区昆仑大道1,,,
行政中心办公楼西三区,西小厅南梯,上海三菱电梯,乘客电梯,31103203032008040115,4,,2006-04-01,OP-Y2604-B27-0-1,TKJ1050/1.75-JX,曳引驱动,7,7,7,1050,1.75,2018-01-25,江苏省徐州市云龙区昆仑大道1,,,
行政中心办公楼西三区,东厅北梯,上海三菱电梯,乘客电梯,31103203032008040180,16,,2006-04-01,OPY2616-B27-0-1,TKJ1350/1.75-JX,曳引驱动,7,7,7,1350,1.75,2018-01-25,江苏省徐州市云龙区昆仑大道1,,,
行政中心办公楼西三区,东厅南梯,上海三菱电梯,乘客电梯,31103203032008040179,17,,2006-04-01,OPY2617-B27-0-1,TKJ1350/1.75-JX,曳引驱动,7,7,7,1350,1.75,2018-01-25,江苏省徐州市云龙区昆仑大道1,,,
行政中心办公楼西一区,大厅北部西梯,上海三菱电梯,乘客电梯,31103203032008030084 ,12,,2006-04-01,OPY2612-B27-0-1,TKJ1050/1.75-JX,曳引驱动,10,10,10,1050,1.75,2018-01-25,江苏省徐州市云龙区昆仑大道1,,,
行政中心办公楼西一区,东北梯,上海三菱电梯,乘客电梯,31103203032008040099 ,13,,2006-04-01,OP-Y2613-B27-0-1,TKJ1050/1.75-JX,曳引驱动,10,10,10,1050,1.75,2018-01-25,江苏省徐州市云龙区昆仑大道1,,,
行政中心办公楼西一区,大厅北部南梯,上海三菱电梯,乘客电梯,31103203032008040100,26,,2006-04-01,OP-Y2626-B27-0-1,TKJ1350/1.75-JX,曳引驱动,10,10,10,1350,1.75,2018-01-25,江苏省徐州市云龙区昆仑大道1,,,
行政中心办公楼西一区,大厅北部东梯,上海三菱电梯,乘客电梯,31103203032008030085,27,,2006-04-01,OPY2627-B27-0-1,TKJ1350/1.75-JX,曳引驱动,10,10,10,1350,1.75,2018-01-25,江苏省徐州市云龙区昆仑大道1,,,
会议中心,西南梯,天津奥的斯电梯,乘客电梯,31503203032007120629,37,,2007-05-01,OP-Y2637-B27-0-1,TKJ1000/1.0-JX,曳引驱动,3,3,3,1000,1,2018-01-25,江苏省徐州市云龙区昆仑大道1,,,
会议中心,东南梯,天津奥的斯电梯,乘客电梯,31503203032007120628,38,,2007-05-01,OP-Y2638-B27-0-1,TKJ1000/1.0-JX,曳引驱动,3,3,3,1000,1,2018-01-25,江苏省徐州市云龙区昆仑大道1,,,
新城区机关医院,南梯,通力电梯,乘客电梯,31703203032010010030,1,,2009-07-01,36551521,BT21/10-19,曳引驱动,5,5,5,1600,1,2018-01-25,宣武路与铁货街交叉口北100米,,,
新城区机关医院,北梯,通力电梯,乘客电梯,31703203032010010029,2,,2009-07-01,36551520,BT21/10-19,曳引驱动,5,5,5,1600,1,2018-01-25,宣武路与铁货街交叉口北100米,,,
