富丽水岸,5#楼,巨人通力,乘客电梯,31104211262017020043,,巨人通力,2016-7-8,42704895,TKJ1000/1.75,曳引驱动,,,,1000,1.75,2016-10-24,蕲州二里湖大道,蕲春金翔物业管理有限公司,,
富丽水岸,5#楼,巨人通力,乘客电梯,31104211262017020042,,巨人通力,2016-7-8,42704896,TKJ800/1.75,曳引驱动,,,,800,1.75,2016-10-24,蕲州二里湖大道,蕲春金翔物业管理有限公司,,
湖北蕲春农村商业银行,2#,三菱电机,乘客电梯,31104211262015080023,,三菱电机,2015-3-11,E-01-M0902,TKJ1000/1.75,曳引驱动,,,,1000,1.75,2017-7-31,蕲春大道,湖北蕲春农村商业银行,,
湖北蕲春农村商业银行,1#,三菱电机,乘客电梯,31104211262015080024,,三菱电机,2015-3-11,E-01-M1001,MAXIEZ-LZ,曳引驱动,2,2,2,1050,1,2017-7-31,蕲春大道,湖北蕲春农村商业银行,,
蕲春东昌汽车运输有限公司,1#,武汉智能,乘客电梯,31104211262015120001,,武汉智能,2015-7-8,201505-1189,INPE,曳引驱动,,,,1600,1,2016-11-18,七里桥,蕲春东昌汽车运输有限公司,,
武汉普提金物业服务有限公司,1栋3单元5#,大连星玛电梯有限公司,乘客电梯,31104201062009086664,,大连星玛电梯有限公司,2009-3-1,2008F6111E01-4,MMR,曳引驱动,,,,1000,2,2016-8-5,春树里小区,武汉普提金物业服务有限公司,,
武汉普提金物业服务有限公司,1栋3单元6#,大连星玛电梯有限公司,乘客电梯,31104201062009086665,,大连星玛电梯有限公司,2009-3-1,2008F6111E01-1,MMR,曳引驱动,,,,1000,2,2016-8-5,春树里小区,武汉普提金物业服务有限公司,,
武汉普提金物业服务有限公司,1栋2单元4#,大连星玛电梯有限公司,乘客电梯,31104201062009086663,,大连星玛电梯有限公司,2009-3-1,2008F6111E01-4#,MMR,曳引驱动,,,,1000,2,2016-8-5,春树里小区,武汉普提金物业服务有限公司,,
武汉普提金物业服务有限公司,1栋2单元7#,大连星玛电梯有限公司,乘客电梯,31104201062009086666,,大连星玛电梯有限公司,2009-3-1,2008F6111E03-7#,MMR,曳引驱动,,,,600,1.75,2016-8-5,春树里小区,武汉普提金物业服务有限公司,,
武汉普提金物业服务有限公司,1栋2单元3#,大连星玛电梯有限公司,乘客电梯,31104201062009086662,,大连星玛电梯有限公司,2009-3-1,2008F6111E01,MMR,曳引驱动,,,,1000,2,2016-8-5,春树里小区,武汉普提金物业服务有限公司,,
武汉普提金物业服务有限公司,1栋1单元2#,大连星玛电梯有限公司,乘客电梯,31104201062009086661,,大连星玛电梯有限公司,2009-3-1,2008F6111E02,MMR,曳引驱动,,,,,2,2016-8-5,春树里小区,武汉普提金物业服务有限公司,,
武汉普提金物业服务有限公司,1栋1单元1#,大连星玛电梯有限公司,乘客电梯,31104201062009086660,,大连星玛电梯有限公司,,,MMR,曳引驱动,,,,,2,2016-8-5,春树里小区,武汉普提金物业服务有限公司,,
湖北龙全房地产开发有限公司,1#,三菱电机,乘客电梯,31104211262015050001,,三菱电机,2013-11-6,E-Y4-Q7901,TKJ1000/1.6,曳引驱动,7,7,7,1050,1.6,2017-4-30,蕲州二里湖大道,湖北龙全房地产开发有限公司,,
薇庭酒店,1#,双菱,乘客电梯,TK 10900,,双菱,,1702079G,SGT800/1.5WVF,曳引驱动,,,,800,1.5,2017-6-26,蕲春县三路,蕲春县微庭酒店,,
蕲河金岸,3栋,通力,乘客电梯,TK 09291,,通力,2016-7-1,1136634899,TKJ1000/2.0,曳引驱动,,,,1000,2,2017-1-6,蕲河金岸,麻城百瑞物业服务有限公司蕲春分公司,,
蕲河金岸,3栋,通力,乘客电梯,TK 09290,,通力,2016-7-1,11366034989,TKJ800/2.0,曳引驱动,,,,800,2,2017-1-6,蕲河金岸,麻城百瑞物业服务有限公司蕲春分公司,,
蕲河金岸,5栋,通力,乘客电梯,TK 08636,,通力,2016-7-1,1136618292,TKJ1000/2.0,曳引驱动,,,,1000,2,2017-1-6,蕲河金岸,麻城百瑞物业服务有限公司蕲春分公司,,
蕲河金岸,5栋,通力,乘客电梯,TK 08635,,通力,2016-7-1,1136618293,TKJ1000/2.0,曳引驱动,,,,1000,2,2017-1-6,蕲河金岸,麻城百瑞物业服务有限公司蕲春分公司,,
蕲河金岸,4#楼,通力,乘客电梯,TK 08023,,通力,2016-5-10,1136610172,TKJ800/2.0,曳引驱动,32,32,32,800,2,2016-8-16,蕲河金岸,麻城百瑞物业服务有限公司蕲春分公司,,
蕲河金岸,4#,通力,乘客电梯,TK 08022,,通力,2016-5-10,1136610173,TKJ1000/2.0,曳引驱动,,,,1000,2,2016-8-16,蕲河金岸,麻城百瑞物业服务有限公司蕲春分公司,,
蕲河金岸,1#,通力,乘客电梯,TK 08704,,通力,2016-4-6,1136603097,TKJ800/2.0,曳引驱动,,,,800,2,2016-7-25,蕲河金岸,麻城百瑞物业服务有限公司蕲春分公司,,
蕲河金岸,1#,通力,乘客电梯,TK 08703,,通力,2016-4-6,1136603099,TKJ1000/2.0,曳引驱动,,,,1000,2,2016-7-25,蕲河金岸,麻城百瑞物业服务有限公司蕲春分公司,,
蕲河金岸,2#楼,通力,乘客电梯,TK 08702,,通力,2016-4-6,1136603098,TKJ800/2.0,曳引驱动,,,,800,2,2016-7-25,蕲河金岸,麻城百瑞物业服务有限公司蕲春分公司,,
蕲河金岸,2#楼,通力,乘客电梯,TK 08701,,通力,2016-4-6,1136603100,TKJ1000/2.0,曳引驱动,33,33,33,1000,2,2016-7-25,蕲河金岸,麻城百瑞物业服务有限公司蕲春分公司,,
中天国际,2月14日,奥的斯 ,乘客电梯,31104211262015080014,,奥的斯 ,2014-12-9,F8N32716,RF11000/2.0,曳引驱动,,,,1000,2,2017-7-14,湖北蕲春,麻城百瑞物业服务有限公司蕲春分公司,,
中天国际,1月14日,奥的斯 ,乘客电梯,31104211262015080013,,奥的斯 ,2014-12-9,F8N32715,RF11000/2.0,曳引驱动,,,,1000,2,2017-7-14,湖北蕲春,麻城百瑞物业服务有限公司蕲春分公司,,
中天国际,2月13日,奥的斯 ,乘客电梯,31104211262015080012,,奥的斯 ,,F8N32714,TKJ1000/2.0,曳引驱动,,,,1000,2,2017-7-14,湖北蕲春,麻城百瑞物业服务有限公司蕲春分公司,,
中天国际,1月13日,奥的斯 ,乘客电梯,31104211262015080011,,奥的斯 ,2014-12-9,F8N32713,TKJ1000/2.0,曳引驱动,,,,1000,2,2017-7-14,湖北蕲春大道,武汉格林物业管理有限公司,,
中天国际,3-2#,奥的斯 ,乘客电梯,31104211262015080010,,奥的斯 ,2014-12-9,F8N32687,TKJ800/1.75,曳引驱动,,,,800,1.75,2017-6-14,湖北蕲春,武汉格林物业管理有限公司,,
中天国际,3-1#,奥的斯 ,乘客电梯,31104211262015080009,,奥的斯 ,2014-12-9,F8N32688,TKJ800/1.75,曳引驱动,,,,800,1.75,2017-6-14,湖北蕲春,麻城百瑞物业服务有限公司蕲春分公司,,
中天国际,11-2#,奥的斯 ,乘客电梯,31104211262015080008,,奥的斯 ,2014-12-9,F8N32708,TKJ1000/2.0,曳引驱动,,,,1000,2,2017-7-14,湖北蕲春,麻城百瑞物业服务有限公司蕲春分公司,,
中天国际,11-1#,奥的斯 ,乘客电梯,31104211262015080007,,奥的斯 ,2014-12-9,F8N32707,TKJ1000/2.0,曳引驱动,,,,1000,1.75,2017-6-14,湖北蕲春,武汉格林物业管理有限公司,,
中天国际,10-1-2#,奥的斯 ,乘客电梯,31104211262015080006,,奥的斯 ,2014-12-9,F8N32710,TKJ1000/2.0,曳引驱动,,,,1000,2,2017-6-14,湖北蕲春,麻城百瑞物业服务有限公司蕲春分公司,,
中天国际,10-1-1#,奥的斯 ,乘客电梯,31104211262015080005,,奥的斯 ,2014-12-9,F8N32709,TKJ1000/2.0,曳引驱动,,,,1000,2,2017-6-14,湖北蕲春,麻城百瑞物业服务有限公司蕲春分公司,,
中天国际,12-2#,奥的斯 ,乘客电梯,31104211262015080004,,奥的斯 ,2014-12-9,F8N32712,TKJ800/1.75,曳引驱动,,,,800,1.75,2017-6-14,湖北蕲春,麻城百瑞物业服务有限公司蕲春分公司,,
中天国际,12-1#,奥的斯 ,乘客电梯,31104211262015080003,,奥的斯 ,2014-12-9,F8N32711,TKJ800/1.75,曳引驱动,,,,800,1.75,2016-6-14,湖北蕲春,麻城百瑞物业服务有限公司蕲春分公司,,
中天国际,4-2#,奥的斯 ,乘客电梯,31104211262015080002,,奥的斯 ,2014-12-9,F8N32685,TKJ800/1.75,曳引驱动,,,,800,1.75,2016-6-14,湖北蕲春,麻城百瑞物业服务有限公司蕲春分公司,,
中天国际,4-1#,奥的斯 ,乘客电梯,31104211262015080001,,奥的斯 ,2014-12-9,F8N32686,TKJ800/1.75,曳引驱动,,,,800,1.75,2017-6-14,湖北蕲春,麻城百瑞物业服务有限公司蕲春分公司,,
彭誉明私人,1#,广州广日,乘客电梯,TK10901,,广州广日,2017-3-1,17084033001,MAX-E825/1.0,曳引驱动,6,6,6,825,1,2017-6-23,蕲春县实验中学,彭誉明私人,,
中共蕲春县老干部工作局,3# 楼,广州广日,乘客电梯,TK10532,,广州广日,,16033833003,MAX-E/1050,曳引驱动,,,,1050,1.5,2017-4-10,蕲春大道,中共蕲春县委老干部工作局,,
中共蕲春县老干部工作局,1#,广州广日,乘客电梯,TK10531,,广州广日,,16033833001,MAX-E/1050,曳引驱动,,,,1050,1.5,2017-4-10,蕲春大道,中共蕲春县委老干部工作局,,
中共蕲春县老干部工作局,2#,广州广日,乘客电梯,TK10530,,广州广日,2016-12-1,16033833002,MAX-E/1050,曳引驱动,,,,1050,1.5,2017-4-10,蕲春大道,中共蕲春县委老干部工作局,,
湖北第二师范学院,6#货梯,富士,载货电梯,30134201152009110002,,富士,2008-9-17,2007B-244F,THJ1000/1.0,曳引驱动,,,,1000,1,2016-9-9,湖北第二师范学院图书馆,湖北第二师范学院,,
湖北第二师范学院,5#客梯,富士,乘客电梯,30104201152009110008,,富士,2008-9-17,2007B-244E,TKJ1150/1.0,曳引驱动,,,,1150,1,2016-9-9,湖北第二师范学院图书馆,湖北第二师范学院,,
湖北第二师范学院,4#客梯,富士,乘客电梯,30104201152009110007,,富士,2008-9-17,2007B-244D,TKJ1150/1.0,曳引驱动,,,,1150,1,2016-9-9,湖北第二师范学院图书馆,湖北第二师范学院,,
湖北第二师范学院,3#梯号,富士,乘客电梯,30104201152009110006,,富士,2008-9-17,2007B-244C,TKJ1150/1.0,曳引驱动,,,,1150,1,2016-9-9,湖北第二师范学院图书馆,湖北第二师范学院,,
湖北第二师范学院,2#客梯,富士,乘客电梯,30104201152009110005,,富士,2008-9-17,2007B-244B,TKJ1150/1.0,曳引驱动,,,,1150,1,2016-9-9,湖北第二师范学院图书馆,湖北第二师范学院,,
湖北第二师范学院,1#客梯,富士,乘客电梯,30104201152009110004,,富士,2008-9-17,2007B-244C,TKJ1150/1.0,曳引驱动,,,,1150,1,2016-9-9,湖北第二师范学院图书馆,湖北第二师范学院,,
武汉欢乐格林酒店有限公司,1#,汾湖,乘客电梯,30104201112013060091,,汾湖,2013-3-1,FH20120121,WTKJ800/1.0m/s,曳引驱动,,,,,1,2016-8-2,1+8城市酒店内,武汉欢乐格林酒店有限公司,,
新八世纪华城,5# 楼A单元,奥的斯 ,乘客电梯,31104211262017030048,,奥的斯 ,2016-1-5,F8NOD340,TKJ1000/1.75,曳引驱动,,,,1000,1.75,2016-6-22,蕲春县漕河镇枫树林社区居委会,蕲春华罗利物业管理有限公司,,
新八世纪华城,5# 楼A单元,奥的斯 ,乘客电梯,31104211262017030051,,奥的斯 ,2016-1-5,F8NOD339,TKJ1000/1.75,曳引驱动,28,28,28,1000,1.75,2016-6-22,蕲春县漕河镇枫树林社区居委会,蕲春华罗利物业管理有限公司,,
新八世纪华城,5# 楼B单元,奥的斯 ,乘客电梯,31104211262017030047,,奥的斯 ,2016-1-5,F8NOD338,TKJ1000/1.75,曳引驱动,30,30,30,1000,1.75,2016-6-22,蕲春县漕河镇枫树林社区居委会,蕲春华罗利物业管理有限公司,,
新八世纪华城,5# 楼,奥的斯 ,乘客电梯,31104211262017030049,,奥的斯 ,2016-1-5,F8NOD337,TKJ1000/1.75,曳引驱动,31,31,31,1000,1.75,2016-6-22,蕲春县漕河镇枫树林社区居委会,蕲春华罗利物业管理有限公司,,
新八世纪华城,04#楼,奥的斯 ,乘客电梯,31104211262017030060,,奥的斯 ,2015-10-29,F8NOD336,TKJ1000/2.0,曳引驱动,34,34,34,1000,2,2016-6-22,蕲春县漕河镇枫树林社区居委会,蕲春华罗利物业管理有限公司,,
新八世纪华城,4# 楼,奥的斯 ,乘客电梯,31104211262017030061,,奥的斯 ,2015-10-29,F8NOD335,TKJ1000/2.0,曳引驱动,34,34,34,1000,2,2016-6-22,蕲春县漕河镇枫树林社区居委会,蕲春华罗利物业管理有限公司,,
新八世纪华城,3# 楼B单元,奥的斯 ,乘客电梯,31104211262017030045,,奥的斯 ,2016-1-5,F8NOD334,TKJ1000/1.75,曳引驱动,,,,1000,1.75,2016-6-22,蕲春县漕河镇枫树林社区居委会,蕲春华罗利物业管理有限公司,,
新八世纪华城,3# 楼B单元,奥的斯 ,乘客电梯,31104211262017030046,,奥的斯 ,2016-1-5,F8NOD333,TKJ1000/1.75,曳引驱动,27,27,27,1000,1.75,2016-6-22,蕲春县漕河镇枫树林社区居委会,蕲春华罗利物业管理有限公司,,
新八世纪华城,3# 楼A单元,奥的斯 ,乘客电梯,31104211262017030050,,奥的斯 ,2016-1-5,F8NOD332,TKJ1000/1.75,曳引驱动,,,,1000,1.75,2016-6-22,蕲春县漕河镇枫树林社区居委会,蕲春华罗利物业管理有限公司,,
新八世纪华城,16,奥的斯 ,乘客电梯,31104211262017030044,,奥的斯 ,2016-1-5,F8NOD331,TKJ1000/1.75,曳引驱动,31,31,31,1000,1.75,2016-6-22,蕲春县漕河镇枫树林社区居委会,蕲春华罗利物业管理有限公司,,
新八世纪华城,07#,奥的斯 ,乘客电梯,31104211262017030053,,奥的斯 ,2015-5-11,F8NOD330,GeN2-MR,曳引驱动,26,26,26,1000,1.75,2016-6-22,蕲春县漕河镇枫树林社区居委会,蕲春华罗利物业管理有限公司,,
新八世纪华城,2#,奥的斯 ,乘客电梯,31104211262017030058,,奥的斯 ,2015-5-11,F8NOD329,GeN2-MR,曳引驱动,,,,1000,1.75,2016-6-22,蕲春县漕河镇枫树林社区居委会,蕲春华罗利物业管理有限公司,,
新八世纪华城,03#,奥的斯 ,乘客电梯,31104211262017030057,,奥的斯 ,2015-5-11,F8NOD328,GeN2-MR,曳引驱动,26,26,26,1000,1.75,2016-6-22,蕲春县漕河镇枫树林社区居委会,蕲春华罗利物业管理有限公司,,
新八世纪华城,04#,奥的斯 ,乘客电梯,31104211262017030056,,奥的斯 ,2015-5-11,F8NOD327,GeN2-MR,曳引驱动,27,27,27,1000,1.75,2016-6-22,蕲春县漕河镇枫树林社区居委会,蕲春华罗利物业管理有限公司,,
新八世纪华城,01#,奥的斯 ,乘客电梯,31104211262017030059,,奥的斯 ,2015-5-11,F8NOD326,GeN2-MR,曳引驱动,26,26,26,1000,1.75,2016-6-22,蕲春县漕河镇枫树林社区居委会,蕲春华罗利物业管理有限公司,,
新八世纪华城,05#,奥的斯 ,乘客电梯,31104211262017030055,,奥的斯 ,2015-5-11,F8NOD325,GeN2-MR,曳引驱动,,,,1000,1.75,2016-6-22,蕲春县漕河镇枫树林社区居委会,蕲春华罗利物业管理有限公司,,
新八世纪华城,06#,奥的斯 ,乘客电梯,31104211262017030054,,奥的斯 ,2015-5-11,F8NOD324,GeN2-MR,曳引驱动,26,26,26,1000,1.75,2016-6-22,蕲春县漕河镇枫树林社区居委会,蕲春华罗利物业管理有限公司,,
新八世纪华城,08#,奥的斯 ,乘客电梯,31104211262017030052,,奥的斯 ,2015-5-11,F8NOD323,GeN2-MR,曳引驱动,,,,1000,1.75,2016-6-22,蕲春县漕河镇枫树林社区居委会,蕲春华罗利物业管理有限公司,,
学府佳苑,4# 楼2#,巨人通力,乘客电梯,31104211262017050098,,巨人通力,2016-3-9,42583273,TKJ1000/1.75,曳引驱动,,,,1000,1.75,2016-6-20,蕲春县漕河镇,蕲春祥和物业服务有限公司,,
学府佳苑,3# 楼二单元2#,巨人通力,乘客电梯,31104211262017050097,,巨人通力,2016-3-9,42583272,TKJ1000/1.75,曳引驱动,,,,1000,1.75,2016-6-20,蕲春县漕河镇,蕲春祥和物业服务有限公司,,
学府佳苑,3# 楼一单元2#,巨人通力,乘客电梯,31104211262017050096,,巨人通力,2016-3-9,42583271,TKJ1000/1.75,曳引驱动,,,,1000,1.75,2016-6-20,蕲春县漕河镇,蕲春祥和物业服务有限公司,,
学府佳苑,2# 楼二单元2#,巨人通力,乘客电梯,31104211262017050095,,巨人通力,2016-3-9,42583270,TKJ1000/1.75,曳引驱动,18,18,18,1000,1.75,2016-6-20,蕲春县漕河镇,蕲春祥和物业服务有限公司,,
学府佳苑,2# 楼一单元2#,巨人通力,乘客电梯,31104211262017050094,,巨人通力,2016-3-9,42583269,TKJ1000/1.75,曳引驱动,,,,1000,1.75,2016-6-20,蕲春县漕河镇,蕲春祥和物业服务有限公司,,
学府佳苑,4# 楼1#,巨人通力,乘客电梯,31104211262017050101,,巨人通力,2016-3-9,42583268,TKJ1000/1.75,曳引驱动,18,18,18,1000,1.75,2016-6-20,蕲春县漕河镇,蕲春祥和物业服务有限公司,,
学府佳苑,3# 楼二单元,巨人通力,乘客电梯,31104211262017050100,,巨人通力,2016-3-9,42583267,TKJ1000/1.75,曳引驱动,,,,1000,1.75,2016-6-20,蕲春县漕河镇,蕲春祥和物业服务有限公司,,
学府佳苑,3# 楼一单元,巨人通力,乘客电梯,31104211262017050093,,巨人通力,2016-3-9,42583266,TKJ1000/1.75,曳引驱动,,,,1000,1.75,2016-6-20,蕲春县漕河镇,蕲春祥和物业服务有限公司,,
学府佳苑,2# 楼二单元,巨人通力,乘客电梯,31104211262017050099,,巨人通力,2016-3-9,42583265,TKJ1000/1.75,曳引驱动,,,,1000,1.75,2016-6-20,蕲春县漕河镇,蕲春祥和物业服务有限公司,,
学府佳苑,2# 楼一单元,巨人通力,乘客电梯,31104211262017050092,,巨人通力,2016-3-9,42583264,TKJ1000/1.75,曳引驱动,18,18,18,1000,1.75,2016-6-20,蕲春县漕河镇,蕲春祥和物业服务有限公司,,
蕲春县实验小学,食堂,双菱,乘客电梯,TK10610,,双菱,2017-1-22,1701022K,SPT1150/1.0WVF,曳引驱动,3,3,3,1150,1,2017-3-1,蕲春县漕河镇付畈大道,蕲春县实验小学,,
蕲春县世府购物广场有限公司,一楼左,杭州西尼电梯有限公司,乘客电梯,33104211262015100001,,杭州西尼电梯有限公司,2015-8-25,XN-FZ15-417-1508-1288,XNT30B800,曳引驱动,,,,800,0.5,2016-10-15,湖北蕲春,蕲春县世府购物广场有限公司,,
蕲春县世府购物广场有限公司,一楼右,西尼电梯（杭州）有限公司,乘客电梯,33104211262015100002,,西尼电梯（杭州）有限公司,,XN-FZ15-417-1508-1289,XNT30B800,曳引驱动,,,,800,0.5,2016-10-3,湖北蕲春,蕲春县世府购物广场有限公司,,
付畈顺祥小区,9月1日,双菱,乘客电梯,TK09942,,双菱,2016-4-17,1511020,SPT1050/1.75WVF,曳引驱动,,,,1050,1.75,2017-4-5,蕲春县漕河镇付畈大道,蕲春县国建投资有限公司,,
付畈顺祥小区,6月2日,双菱,乘客电梯,TK09941,,双菱,2016-4-17,1511019,SPT1050/1.75WVF,曳引驱动,,,,1050,1.75,2017-4-5,蕲春县漕河镇付畈大道,蕲春县国建投资有限公司,,
付畈顺祥小区,2月1日,双菱,乘客电梯,TK09940,,双菱,2016-4-17,1509078,SPT1050/1.75WVF,曳引驱动,18,18,18,1050,1.75,2017-4-5,蕲春县漕河镇付畈大道,蕲春县国建投资有限公司,,
付畈顺祥小区,5月2日,双菱,乘客电梯,TK09939,,双菱,2016-4-17,1509085,SPT1050/1.75WVF,曳引驱动,,,,1050,1.75,2017-4-5,蕲春县漕河镇付畈大道,蕲春县国建投资有限公司,,
付畈顺祥小区,3月2日,双菱,乘客电梯,TK09938,,双菱,2016-4-17,1509084,SPT1050/1.75WVF,曳引驱动,18,18,18,1050,1.75,2017-4-5,蕲春县漕河镇付畈大道,蕲春县国建投资有限公司,,
付畈顺祥小区,5月1日,双菱,乘客电梯,TK09937,,双菱,2016-4-17,1509082,SPT1050/1.75WVF,曳引驱动,,,,1050,1.75,2017-4-5,蕲春县漕河镇付畈大道,蕲春县国建投资有限公司,,
付畈顺祥小区,3A-1#,双菱,乘客电梯,TK09936,,双菱,2016-4-17,1509081,SPT1050/1.75WVF,曳引驱动,18,18,18,1050,1.75,2017-4-5,蕲春县漕河镇付畈大道,蕲春县国建投资有限公司,,
付畈顺祥小区,2月2日,双菱,乘客电梯,TK09935,,双菱,2016-4-17,1509080,SPT1050/1.75WVF,曳引驱动,19,19,19,1050,1.75,2017-4-5,蕲春县漕河镇付畈大道,蕲春县国建投资有限公司,,
付畈顺祥小区,1月2日,双菱,乘客电梯,TK09934,,双菱,2016-4-17,1509079,SPT1050/1.75WVF,曳引驱动,,,,1050,1.75,2017-4-5,蕲春县漕河镇付畈大道,蕲春县国建投资有限公司,,
付畈顺祥小区,1月1日,双菱,乘客电梯,TK09933,,双菱,2016-4-17,1509077,SPT1050/1.75WVF,曳引驱动,18,18,18,1050,1.75,2017-4-5,蕲春县漕河镇付畈大道,蕲春县国建投资有限公司,,
付畈顺祥小区,7月1日,双菱,乘客电梯,TK09932,,双菱,2016-4-17,1511024,SPT1050/1.75WVF,曳引驱动,24,24,24,1050,1.75,2017-4-5,蕲春县漕河镇付畈大道,蕲春县国建投资有限公司,,
付畈顺祥小区,9月2日,双菱,乘客电梯,TK09931,,双菱,2017-4-17,1511023,SPT1050/1.75WVF,曳引驱动,24,24,24,1050,1.75,2017-4-5,蕲春县漕河镇付畈大道,蕲春县国建投资有限公司,,
付畈顺祥小区,6-1#,双菱,乘客电梯,TK09930,,双菱,2016-4-17,1511022,SPT1050/1.75WVF,曳引驱动,24,24,24,1050,1.75,2017-4-5,蕲春县漕河镇付畈大道,蕲春县国建投资有限公司,,
付畈顺祥小区,7-2#,双菱,乘客电梯,TK09929,,双菱,2016-4-17,1511021,SPT1050/1.75WVF,曳引驱动,25,25,25,1050,1.75,2017-4-5,蕲春县漕河镇付畈大道,蕲春县国建投资有限公司,,
付畈顺祥小区,3A-2#,双菱,乘客电梯,TK09928,,双菱,2016-4-17,1509086,SPT1050/1.75WVF,曳引驱动,,,,1050,1.75,2017-4-5,蕲春县漕河镇付畈大道,蕲春县国建投资有限公司,,
付畈顺祥小区,3-1#,双菱,乘客电梯,TK09927,,双菱,2016-4-17,1509083,SPT1050/1.75WVF,曳引驱动,18,18,18,1050,1.75,2017-4-5,蕲春县漕河镇付畈大道,蕲春县国建投资有限公司,,
付畈公共租赁房,17-1#,蒂森克虏伯（上海）有限公司,乘客电梯,TK10145,,蒂森克虏伯（上海）有限公司,2016-5-31,M/50004639.002,RF11000/1.75,曳引驱动,18,18,18,1000,1.75,2017-4-1,蕲春县漕河镇付畈,蕲春县房地产管理局,,
付畈公共租赁房,17-3#,蒂森克虏伯（上海）有限公司,乘客电梯,TK10144,,蒂森克虏伯（上海）有限公司,2016-5-31,M/50004639.003,RF11000/1.75,曳引驱动,,,,1000,1.75,2017-4-1,蕲春县漕河镇付畈,蕲春县房地产管理局,,
付畈公共租赁房,17-2#,蒂森克虏伯（上海）有限公司,乘客电梯,TK10143,,蒂森克虏伯（上海）有限公司,2016-5-31,M/50004639.001,RF11000/1.75,曳引驱动,18,18,18,1000,1.75,2017-4-1,蕲春县漕河镇付畈,蕲春县房地产管理局,,
文民,1#,苏州德奥电梯有限公司,乘客电梯,TK10612,,苏州德奥电梯有限公司,,201612106,DP35（630/1.0-JXW-VVVF）,曳引驱动,,,,630,1,2017-5-22,湖北蕲春,文民,,
黄朝清（私人）,1#,双菱,乘客电梯,TK10793,,双菱,2017-3-15,1702043K,SPT1000/1.75WVF,曳引驱动,,,,1000,1.75,2017-5-22,蕲春县,黄朝清（私人）,,
蕲春县漕河七路伍总,1#,双菱,乘客电梯,TK10792,,双菱,2017-3-2,1702027,SGT800/1.5-WVF,曳引驱动,,,,800,1.5,2017-4-28,蕲春县,蕲春县漕河七路（伍总）,,
武汉仁和路建材家居市场有限公司,6#,东莞快意电梯有限公司,乘客电梯,31104201072009117122,,东莞快意电梯有限公司,2009-7-1,IFE-K04987,METIS-IIII000/1.0,曳引驱动,,,,1000,1,2014-4-23,仁和路建材家居市场,武汉仁和路建材家居市场有限公司,,
武汉仁和路建材家居市场有限公司,4#,东莞快意电梯有限公司,乘客电梯,31104201072009117120,,东莞快意电梯有限公司,2009-7-1,IFE-K04985,METIS-IIII000/1.0,曳引驱动,,,,,1,2014-4-23,仁和路建材家居市场,武汉仁和路建材家居市场有限公司,,
锦绣苑,1#楼左,盖普,乘客电梯,20161053,,盖普,2015-4-30,4X22308001,VITA-P1000/1.75,曳引驱动,,,,1000,1.75,2016-6-12,湖北黄冈,黄冈市中百房地产开发有限公司,,
锦绣苑,3#楼右,盖普,乘客电梯,20161052,,盖普,2015-4-30,4X22308006,VITA-P1000/1.75,曳引驱动,26,26,26,1000,1.75,2016-6-12,湖北黄冈,黄冈市中百房地产开发有限公司,,
锦绣苑,1#楼右,盖普,乘客电梯,20161051,,盖普,,4X22308002,VITA-P1000/1.75,曳引驱动,26,26,26,1000,1.75,2016-6-12,湖北黄冈,黄冈市中百房地产开发有限公司,,
锦绣苑,4# 楼右,盖普,乘客电梯,20161050,,盖普,2015-4-30,4X22308008,VITA-P1000/1.75,曳引驱动,26,26,26,1000,1.75,2016-6-12,湖北黄冈,黄冈市中百房地产开发有限公司,,
锦绣苑,3#楼左,盖普,乘客电梯,20161049,,盖普,2015-4-30,4X22308005,VITA1000/1.75,曳引驱动,25,25,25,1000,1.75,2016-6-12,湖北黄冈,黄冈市中百房地产开发有限公司,,
锦绣苑,4# 楼左,盖普,乘客电梯,20161048,,盖普,2015-4-30,4X22308007,V1TA-P1000/1.75,曳引驱动,25,25,25,1000,1.75,2016-6-12,湖北黄冈,黄冈市中百房地产开发有限公司,,
锦绣苑,2#楼左,盖普,乘客电梯,201610047,,盖普,2015-4-30,4X22308004,V1TA1000/1.75,曳引驱动,25,25,25,1000,1.75,2016-6-12,湖北黄冈,黄冈市中百房地产开发有限公司,,
锦绣苑,2#楼右,盖普,乘客电梯,20161046,,盖普,2015-4-30,4X22308004,VITA1000/1.75,曳引驱动,26,26,26,1000,1.75,2016-6-12,湖北黄冈,黄冈市中百房地产开发有限公司,,
浠水盈德.花满庭,3#,沃克斯电梯（中国)有限公司,乘客电梯,TK09925,,沃克斯电梯（中国)有限公司,,V16N4750,TKJ800/1.5,曳引驱动,15,15,15,800,1.5,2017-5-5,湖北浠水,浠水盈德实业有限公司,,
浠水盈德.花满庭,5#,沃克斯电梯（中国)有限公司,乘客电梯,TK09924,,沃克斯电梯（中国)有限公司,,V16N4755,TKJ1000/1.5,曳引驱动,15,15,15,1000,1.5,2017-5-5,湖北浠水,浠水盈德实业有限公司,,
浠水盈德.花满庭,3#,沃克斯电梯（中国)有限公司,乘客电梯,TK09923,,沃克斯电梯（中国)有限公司,,V16N4754,TKJ1000/1.5,曳引驱动,15,15,15,1000,1.5,2017-5-5,湖北浠水,浠水盈德实业有限公司,,
浠水盈德.花满庭,4#,沃克斯电（中国）梯有限公司,乘客电梯,TK09922,,沃克斯电（中国）梯有限公司,,V16N4753,TKJ1000/1.5,曳引驱动,15,15,15,1000,1.5,2017-5-5,湖北浠水,浠水盈德实业有限公司,,
浠水盈德.花满庭,4#,沃克斯电梯（中国)有限公司,乘客电梯,TK09921,,沃克斯电梯（中国)有限公司,,V16N4752,TKJ800/1.5,曳引驱动,15,15,15,800,1.5,2017-5-5,湖北浠水,浠水盈德实业有限公司,,
浠水盈德.花满庭,5#,沃克斯电梯（中国)有限公司,乘客电梯,TK09920,,沃克斯电梯（中国)有限公司,2016-10-28,V16N4751,TKJ800/1.5,曳引驱动,15,15,15,800,1.5,2017-5-5,湖北浠水,浠水盈德实业有限公司,,
蕲阳新区二期,B9栋2单元,蒂森克虏伯（上海）有限公司,乘客电梯,TK10142,,蒂森克虏伯（上海）有限公司,2015-12-25,E/30038052.003,TKJ800/1.75,曳引驱动,19,19,19,800,1.75,2017-4-17,蕲春县漕河镇付畈大道北段,蕲春县国建投资有限公司,,
蕲阳新区二期,B8栋2单元,蒂森克虏伯（上海）有限公司,乘客电梯,TK10141,,蒂森克虏伯（上海）有限公司,2016-1-21,E/30038052.002,TKJ800/1.75,曳引驱动,18,18,18,800,1.75,2017-4-17,蕲春县漕河镇付畈大道北段,蕲春县国建投资有限公司,,
蕲阳新区二期,B7栋,蒂森克虏伯（上海）有限公司,乘客电梯,TK10140,,蒂森克虏伯（上海）有限公司,2016-1-21,E/30038052.018,TKJ800/1.75,曳引驱动,18,18,18,800,1.75,2017-4-17,蕲春县漕河镇付畈大道北段,蕲春县国建投资有限公司,,
蕲阳新区二期,B9栋1单元,蒂森克虏伯（上海）有限公司,乘客电梯,TK10139,,蒂森克虏伯（上海）有限公司,2016-1-21,E/30040494.010,TKJ800/1.75,曳引驱动,18,18,18,800,1.75,2017-4-17,蕲春县漕河镇付畈大道北段,蕲春县国建投资有限公司,,
蕲阳新区二期,B8栋1单元,蒂森克虏伯（上海）有限公司,乘客电梯,TK10138,,蒂森克虏伯（上海）有限公司,2015-12-25,E/30040494.020,TKJ1000/1.75,曳引驱动,18,18,18,800,1.75,2017-4-17,蕲春县漕河镇付畈大道北段,蕲春县国建投资有限公司,,
蕲阳新区二期,B2栋,蒂森克虏伯（上海）有限公司,乘客电梯,TK10137,,蒂森克虏伯（上海）有限公司,2015-12-25,E/30040494.001,TKJ800/1.75,曳引驱动,19,19,19,800,1.75,2017-4-17,蕲春县漕河镇付畈大道北段,蕲春县国建投资有限公司,,
蕲阳新区二期,B11栋,蒂森克虏伯（上海）有限公司,乘客电梯,TK10136,,蒂森克虏伯（上海）有限公司,2015-12-25,E/30038052.007,TKJ800/1.75,曳引驱动,19,19,19,800,1.75,2017-4-17,蕲春县漕河镇付畈大道北段,蕲春县国建投资有限公司,,
蕲阳新区二期,B2栋,蒂森克虏伯（上海）有限公司,乘客电梯,TK10135,,蒂森克虏伯（上海）有限公司,2015-12-25,E/30038052.005,TKJ800/1.75,曳引驱动,19,19,19,800,1.75,2017-4-17,蕲春县漕河镇付畈大道北段,蕲春县国建投资有限公司,,
蕲阳新区二期,B9栋1单元,蒂森克虏伯（上海）有限公司,乘客电梯,TK10134,,蒂森克虏伯（上海）有限公司,2015-12-25,E/30038052.013,TKJ800/1.75,曳引驱动,19,19,19,800,1.75,2017-4-17,蕲春县漕河镇付畈大道北段,蕲春县国建投资有限公司,,
蕲阳新区二期,B3栋,蒂森克虏伯（上海）有限公司,乘客电梯,TK10133,,蒂森克虏伯（上海）有限公司,2015-12-25,E/30038052.019,TKJ800/1.75,曳引驱动,19,19,19,800,1.75,2017-4-17,蕲春县漕河镇付畈大道北段,蕲春县国建投资有限公司,,
蕲阳新区二期,B9栋二单元,蒂森克虏伯（上海）有限公司,乘客电梯,TK10132,,蒂森克虏伯（上海）有限公司,2015-12-25,E/30038052.009,TKJ800/1.75,曳引驱动,19,19,19,800,1.75,2017-4-17,蕲春县漕河镇付畈大道北段,蕲春县国建投资有限公司,,
蕲阳新区二期,B6栋,蒂森克虏伯（上海）有限公司,乘客电梯,TK10131,,蒂森克虏伯（上海）有限公司,2015-12-25,E/30038052.017,TKJ800/1.75,曳引驱动,19,19,19,800,1.75,2017-4-17,蕲春县漕河镇付畈大道北段,蕲春县国建投资有限公司,,
蕲阳新区二期,B11栋,蒂森克虏伯（上海）有限公司,乘客电梯,TK10130,,蒂森克虏伯（上海）有限公司,2015-12-15,E/30038052.011,TKJ800/1.75,曳引驱动,,,,800,1.75,2017-4-17,蕲春县漕河镇付畈大道北段,蕲春县国建投资有限公司,,
蕲阳新区二期,B3栋,蒂森克虏伯（上海）有限公司,乘客电梯,TK10129,,蒂森克虏伯（上海）有限公司,2015-12-15,E/30038052.015,TKJ800/1.75,曳引驱动,,,,800,1.75,2017-4-17,蕲春县漕河镇付畈大道北段,蕲春县国建投资有限公司,,
蕲阳新区二期,B8栋二单元,蒂森克虏伯（上海）有限公司,乘客电梯,TK10128,,蒂森克虏伯（上海）有限公司,,E/30038052.014,TKJ800/1.75,曳引驱动,18,18,18,800,1.75,2017-4-17,蕲春县漕河镇付畈大道北段,蕲春县国建投资有限公司,,
蕲阳新区二期,B8栋一单元,蒂森克虏伯（上海）有限公司,乘客电梯,TK10127,,蒂森克虏伯（上海）有限公司,2016-4-21,E/30038052.012,TKJ800/1.75,曳引驱动,,,,800,1.75,2017-4-17,蕲春县漕河镇付畈大道北段,蕲春县国建投资有限公司,,
蕲阳新区二期,B5栋,蒂森克虏伯（上海）有限公司,乘客电梯,TK10126,,蒂森克虏伯（上海）有限公司,2016-1-21,E/30038052.016,TKJ800/1.75,曳引驱动,,,,800,1.75,2017-4-17,蕲春县漕河镇付畈大道北段,蕲春县国建投资有限公司,,
蕲阳新区二期,B7栋,蒂森克虏伯（上海）有限公司,乘客电梯,TK10125,,蒂森克虏伯（上海）有限公司,2016-1-21,E/30038052.006,TKJ800/1.75,曳引驱动,,,,800,1.75,2017-4-17,蕲春县漕河镇付畈大道北段,蕲春县国建投资有限公司,,
蕲阳新区二期,B6栋,蒂森克虏伯（上海）有限公司,乘客电梯,TK10124,,蒂森克虏伯（上海）有限公司,2016-1-21,E/30038052.008,TKJ800/1.75,曳引驱动,,,,800,1.75,2017-4-17,蕲春县漕河镇付畈大道北段,蕲春县国建投资有限公司,,
蕲阳新区二期,B5栋,蒂森克虏伯（上海）有限公司,乘客电梯,TK10123,,蒂森克虏伯（上海）有限公司,2016-1-21,E/30038052.004,TKJ800/1.75,曳引驱动,,,,800,1.75,2017-4-17,蕲春县漕河镇付畈大道北段,蕲春县国建投资有限公司,,
蓬莱酒店,1#,西继迅达电梯有限公司,乘客电梯,TK09667,,西继迅达电梯有限公司,2016-8-20,1604043EB-001,TKJ1000/1.0,曳引驱动,,,,1000,1,2017-4-10,蕲春县建材城,王继宏,,
武汉仁和路建材家居市场有限公司,1#,东莞快意电梯有限公司,医用电梯,31704201072009117117,,东莞快意电梯有限公司,2009-7-1,IFE-H03292,FPB-III600/1.0,曳引驱动,,,,,1,2016-7-28,仁和路建材家居市场,武汉仁和路建材家居市场有限公司,,
武汉仁和路建材家居市场有限公司,5#,东莞快意电梯有限公司,乘客电梯,31104201072009117123,,东莞快意电梯有限公司,2009-7-1,TFE-K04986,METIS-IIII000/1.0,曳引驱动,,,,,1,2016-7-28,仁和路建材家居市场,武汉仁和路建材家居市场有限公司,,
武汉仁和路建材家居市场有限公司,2#,东莞快意电梯有限公司,医用电梯,31704201072009117118,,东莞快意电梯有限公司,2009-7-1,IFE-H03293,FPB-III600/1.0,曳引驱动,,,,,1,2016-7-28,仁和路建材家居市场,武汉仁和路建材家居市场有限公司,,
武汉仁和路建材家居市场有限公司,3#,东莞快意电梯有限公司,乘客电梯,31104201072009117119,,东莞快意电梯有限公司,2009-7-1,IFE-K04984,FPB-III600/1.0,曳引驱动,,,,,1,2016-7-28,仁和路建材家居市场,武汉仁和路建材家居市场有限公司,,
武汉市九鸿园物业管理有限公司,21-1#,奥的斯 ,乘客电梯,31104201112009050014,,奥的斯 ,2006-9-30,F8NU0581,0H5100,曳引驱动,,,,,1,2016-6-22,东湖庭园,武汉市九鸿园物业管理有限公司,,
武汉市九鸿园物业管理有限公司,15-1#,奥的斯 ,乘客电梯,31104201112009050007,,奥的斯 ,2006-9-30,F8NU0570,0H5100,曳引驱动,,,,,1,2016-6-22,东湖庭园,武汉市九鸿园物业管理有限公司,,
武汉市九鸿园物业管理有限公司,20-2#,奥的斯 ,乘客电梯,31104201112009060026,,奥的斯 ,2006-9-30,F8NU0606,0H5100,曳引驱动,,,,,1.75,2016-6-22,东湖庭园,武汉市九鸿园物业管理有限公司,,
武汉市九鸿园物业管理有限公司,20-1#,奥的斯 ,乘客电梯,31104201112009060025,,奥的斯 ,2006-9-30,F8NU0607,0H5100,曳引驱动,,,,,1.75,2016-6-22,东湖庭园,武汉市九鸿园物业管理有限公司,,
武汉市九鸿园物业管理有限公司,14-1-2#,奥的斯 ,乘客电梯,31104201112009060024,,奥的斯 ,2006-9-30,F8NU0604,0H5100,曳引驱动,,,,,1.75,2016-6-22,东湖庭园,武汉市九鸿园物业管理有限公司,,
武汉市九鸿园物业管理有限公司,9-4#,奥的斯 ,乘客电梯,31104201112008060011,,奥的斯 ,2007-9-11,F8NP9082,0H5100,曳引驱动,,,,,1,2016-6-22,东湖庭园,武汉市九鸿园物业管理有限公司,,
武汉市九鸿园物业管理有限公司,10-1#,奥的斯 ,乘客电梯,31104201112009050001,,奥的斯 ,2006-9-30,F8NU0568,0H5100,曳引驱动,,,,,1,2016-6-22,东湖庭园,武汉市九鸿园物业管理有限公司,,
武汉市九鸿园物业管理有限公司,32-2-1#,奥的斯 ,乘客电梯,31104201112009060048,,奥的斯 ,2006-9-30,F8NU0627,0H5100,曳引驱动,,,,,1.75,2016-6-22,东湖庭园,武汉市九鸿园物业管理有限公司,,
武汉市九鸿园物业管理有限公司,21-4#,奥的斯 ,乘客电梯,31104201112009050017,,奥的斯 ,2006-9-30,F8NU0584,0H5100,曳引驱动,,,,,1,2016-6-22,东湖庭园,武汉市九鸿园物业管理有限公司,,
武汉市九鸿园物业管理有限公司,14-1-1#,奥的斯 ,乘客电梯,31104201112009060023,,奥的斯 ,2006-9-30,F8NU0605,0H5100,曳引驱动,,,,,1.75,2016-6-22,东湖庭园,武汉市九鸿园物业管理有限公司,,
武汉市九鸿园物业管理有限公司,11-3#,奥的斯 ,乘客电梯,31104201112009050006,,奥的斯 ,2006-9-30,F8NU0579,0H5100,曳引驱动,,,,,1,2016-6-22,东湖庭园,武汉市九鸿园物业管理有限公司,,
武汉市九鸿园物业管理有限公司,15-2#,奥的斯 ,乘客电梯,31104201112009050008,,奥的斯 ,2006-9-30,F8NU0577,0H5100,曳引驱动,,,,,1,2016-6-22,东湖庭园,武汉市九鸿园物业管理有限公司,,
武汉市九鸿园物业管理有限公司,27-1-2#,奥的斯 ,乘客电梯,31104201112009050022,,奥的斯 ,2006-9-30,F8NU0588,0H5100,曳引驱动,,,,,1.75,2016-6-22,东湖庭园,武汉市九鸿园物业管理有限公司,,
武汉市九鸿园物业管理有限公司,27-2-1#,奥的斯 ,乘客电梯,31104201112009050023,,奥的斯 ,2006-9-30,F8NU0857,0H5100,曳引驱动,,,,,1.75,2016-6-22,东湖庭园,武汉市九鸿园物业管理有限公司,,
武汉市九鸿园物业管理有限公司,11-2#,奥的斯 ,乘客电梯,31104201112009050005,,奥的斯 ,2006-9-30,F8NU0567,0H5100,曳引驱动,,,,,1,2016-6-22,东湖庭园,武汉市九鸿园物业管理有限公司,,
武汉市九鸿园物业管理有限公司,24-1#,奥的斯 ,乘客电梯,31104201112009060027,,奥的斯 ,2006-9-30,F8NU0606,0H5100,曳引驱动,,,,,1.75,2016-6-22,东湖庭园,武汉市九鸿园物业管理有限公司,,
武汉市九鸿园物业管理有限公司,27-1-1#,奥的斯 ,乘客电梯,31104201112009050021,,奥的斯 ,2006-9-30,F8NU0593,0H5100,曳引驱动,,,,,1.75,2016-6-22,东湖庭园,武汉市九鸿园物业管理有限公司,,
武汉市九鸿园物业管理有限公司,21-3#,奥的斯 ,乘客电梯,31104201112009050016,,奥的斯 ,2006-9-30,F8NU0583,0H5100,曳引驱动,,,,,1,2016-6-22,东湖庭园,武汉市九鸿园物业管理有限公司,,
武汉市九鸿园物业管理有限公司,25-2#,奥的斯 ,乘客电梯,31104201112009060031,,奥的斯 ,2006-9-30,F8NU0608,0H5100,曳引驱动,,,,,1.75,2016-6-22,东湖庭园,武汉市九鸿园物业管理有限公司,,
武汉市九鸿园物业管理有限公司,24-3#,奥的斯 ,乘客电梯,31104201112009060029,,奥的斯 ,2006-9-30,F8NU0625,0H5100,曳引驱动,,,,,1,2016-6-22,东湖庭园,武汉市九鸿园物业管理有限公司,,
武汉市九鸿园物业管理有限公司,16-4#,奥的斯 ,乘客电梯,31104201112009050013,,奥的斯 ,2006-9-30,F8NU0573,0H5100,曳引驱动,,,,,1,2016-6-22,东湖庭园,武汉市九鸿园物业管理有限公司,,
武汉市九鸿园物业管理有限公司,24-2#,奥的斯 ,乘客电梯,31104201112009060028,,奥的斯 ,2006-9-30,F8NU0580,0H5100,曳引驱动,,,,,1.75,2016-6-22,东湖庭园,武汉市九鸿园物业管理有限公司,,
武汉市九鸿园物业管理有限公司,27-2-2#,奥的斯 ,乘客电梯,31104201112009050024,,奥的斯 ,2006-9-30,F8NU0879,0H5100,曳引驱动,,,,,1.75,2016-6-22,东湖庭园,武汉市九鸿园物业管理有限公司,,
武汉市九鸿园物业管理有限公司,16-2#,奥的斯 ,乘客电梯,31104201112009050011,,奥的斯 ,2006-9-30,F8NU0576,0H5100,曳引驱动,,,,,1,2016-6-22,东湖庭园,武汉市九鸿园物业管理有限公司,,
武汉市九鸿园物业管理有限公司,10-3#,奥的斯 ,乘客电梯,31104201112009050003,,奥的斯 ,2006-9-30,F8NU0575,0H5100,曳引驱动,,,,,1,2016-6-22,东湖庭园,武汉市九鸿园物业管理有限公司,,
武汉市九鸿园物业管理有限公司,30-2-2#,奥的斯 ,乘客电梯,31104201112009060037,,奥的斯 ,2008-8-21,F8NU0614,0H5100,曳引驱动,,,,,1.75,2016-6-22,东湖庭园,武汉市九鸿园物业管理有限公司,,
武汉市九鸿园物业管理有限公司,15-3#,奥的斯 ,乘客电梯,31104201112009050009,,奥的斯 ,2006-9-30,F8NU0601,0H5100,曳引驱动,,,,,1,2016-6-22,东湖庭园,武汉市九鸿园物业管理有限公司,,
武汉市九鸿园物业管理有限公司,9-3#,奥的斯 ,乘客电梯,31104201112008060010,,奥的斯 ,2007-9-11,F8NP9080,0H5100,曳引驱动,,,,,1,2016-6-22,东湖庭园,武汉市九鸿园物业管理有限公司,,
武汉市九鸿园物业管理有限公司,11-1#,奥的斯 ,乘客电梯,31104201112009050004,,奥的斯 ,2006-9-30,F8NU0582,0H5100,曳引驱动,,,,,1,2016-6-22,东湖庭园,武汉市九鸿园物业管理有限公司,,
武汉市九鸿园物业管理有限公司,21-2#,奥的斯 ,乘客电梯,31104201112009050015,,奥的斯 ,2006-9-30,F8NU0585,0H5100,曳引驱动,,,,,1,2016-6-22,东湖庭园,武汉市九鸿园物业管理有限公司,,
武汉市九鸿园物业管理有限公司,10-2#,奥的斯 ,乘客电梯,31104201112009050002,,奥的斯 ,2006-9-30,F8NU0572,0H5100,曳引驱动,,,,,1,2016-6-22,东湖庭园,武汉市九鸿园物业管理有限公司,,
武汉市九鸿园物业管理有限公司,16-1#,奥的斯 ,乘客电梯,31104201112009050010,,奥的斯 ,2006-9-30,F8NU0574,0H5100,曳引驱动,,,,,1,2016-6-22,东湖庭园,武汉市九鸿园物业管理有限公司,,
武汉市九鸿园物业管理有限公司,30-2-1#,奥的斯 ,乘客电梯,31104201112009060036,,奥的斯 ,2008-8-21,F8NU0615,0H5100,曳引驱动,,,,,1.75,2016-6-22,东湖庭园,武汉市九鸿园物业管理有限公司,,
武汉市九鸿园物业管理有限公司,32-3-1#,奥的斯 ,乘客电梯,31104201112009060050,,奥的斯 ,2006-9-30,F8NU0625,0H5100,曳引驱动,,,,,1.75,2016-6-22,东湖庭园,武汉市九鸿园物业管理有限公司,,
武汉市九鸿园物业管理有限公司,29-1-1#,奥的斯 ,乘客电梯,31104201112009050029,,奥的斯 ,2008-9-4,F8NU0600,0H5100,曳引驱动,,,,,1.75,2016-6-22,东湖庭园,武汉市九鸿园物业管理有限公司,,
武汉市九鸿园物业管理有限公司,32-3-2#,奥的斯 ,乘客电梯,31104201112009060051,,奥的斯 ,2006-9-30,F8NU0624,0H5100,曳引驱动,,,,,1.75,2016-6-22,东湖庭园,武汉市九鸿园物业管理有限公司,,
武汉市九鸿园物业管理有限公司,16-3#,奥的斯 ,乘客电梯,31104201112009050012,,奥的斯 ,2006-9-30,F8NU0569,0H5100,曳引驱动,,,,,1,2016-6-22,东湖庭园,武汉市九鸿园物业管理有限公司,,
武汉市九鸿园物业管理有限公司,9-2#,奥的斯 ,乘客电梯,31104201112008060009,,奥的斯 ,2007-9-11,F8NP9081,0H5100,曳引驱动,,,,,1,2016-6-22,东湖庭园,武汉市九鸿园物业管理有限公司,,
武汉市九鸿园物业管理有限公司,25-1#,奥的斯 ,乘客电梯,31104201112009060030,,奥的斯 ,2006-9-30,F8NU0809,0H5100,曳引驱动,,,,,1.75,2016-6-22,东湖庭园,武汉市九鸿园物业管理有限公司,,
武汉市九鸿园物业管理有限公司,30-3-2#,奥的斯 ,乘客电梯,31104201112009060039,,奥的斯 ,2008-8-21,F8NU0613,0H5100,曳引驱动,,,,,1.75,2016-6-22,东湖庭园,武汉市九鸿园物业管理有限公司,,
武汉市九鸿园物业管理有限公司,30-1-2#,奥的斯 ,乘客电梯,31104201112009060035,,奥的斯 ,2008-8-21,F8NU0616,0H5100,曳引驱动,,,,,1.75,2016-6-22,东湖庭园,武汉市九鸿园物业管理有限公司,,
武汉市九鸿园物业管理有限公司,29-1-2#,奥的斯 ,乘客电梯,31104201112009050030,,奥的斯 ,2008-9-4,F8NU0599,0H5100,曳引驱动,,,,,1.75,2016-6-22,东湖庭园,武汉市九鸿园物业管理有限公司,,
武汉市九鸿园物业管理有限公司,30-1-1#,奥的斯 ,乘客电梯,31104201112009060034,,奥的斯 ,2008-8-21,F8NU0617,0H5100,曳引驱动,,,,,1.75,2016-6-22,东湖庭园,武汉市九鸿园物业管理有限公司,,
武汉市九鸿园物业管理有限公司,29-3-1#,奥的斯 ,乘客电梯,31104201112009050033,,奥的斯 ,2008-9-4,F8NU0598,0H5100,曳引驱动,,,,,1.75,2016-6-22,东湖庭园,武汉市九鸿园物业管理有限公司,,
武汉市九鸿园物业管理有限公司,29-3-2#,奥的斯 ,乘客电梯,31104201112009050034,,奥的斯 ,2008-9-4,F8NU0592,0H5100,曳引驱动,,,,,1.75,2016-6-22,东湖庭园,武汉市九鸿园物业管理有限公司,,
武汉市九鸿园物业管理有限公司,29-2-2#,奥的斯 ,乘客电梯,31104201112009050032,,奥的斯 ,2008-9-4,F8NU0596,0H5100,曳引驱动,,,,,1.75,2016-6-22,东湖庭园,武汉市九鸿园物业管理有限公司,,
武汉市九鸿园物业管理有限公司,30-3-1#,奥的斯 ,乘客电梯,31104201112009060038,,奥的斯 ,2008-8-21,,0H5100,曳引驱动,,,,,1.75,2016-6-22,东湖庭园,武汉市九鸿园物业管理有限公司,,
武汉市九鸿园物业管理有限公司,9-1#,奥的斯 ,乘客电梯,31104201112008060008,,奥的斯 ,2007-9-11,F8NP9079,0H5100,曳引驱动,,,,,1,2016-6-22,东湖庭园,武汉市九鸿园物业管理有限公司,,
武汉市九鸿园物业管理有限公司,26-2#,奥的斯 ,乘客电梯,31104201112009060033,,奥的斯 ,2006-9-30,F8NU0610,0H5100,曳引驱动,,,,,1.75,2016-6-22,东湖庭园,武汉市九鸿园物业管理有限公司,,
武汉市九鸿园物业管理有限公司,26-1#,奥的斯 ,乘客电梯,31104201112009060032,,奥的斯 ,2006-9-30,F8NU0611,0H5100,曳引驱动,,,,,1.75,2016-6-22,东湖庭园,武汉市九鸿园物业管理有限公司,,
武汉市九鸿园物业管理有限公司,31-2-1#,奥的斯 ,乘客电梯,31104201112009060042,,奥的斯 ,2006-9-30,F8NU0621,0H5100,曳引驱动,,,,,1.75,2016-6-22,东湖庭园,武汉市九鸿园物业管理有限公司,,
武汉市九鸿园物业管理有限公司,31-1-2#,奥的斯 ,乘客电梯,31104201112009060041,,奥的斯 ,2006-9-30,F8NU0622,0H5100,曳引驱动,,,,,1.75,2016-6-22,东湖庭园,武汉市九鸿园物业管理有限公司,,
武汉市九鸿园物业管理有限公司,31-2-2#,奥的斯 ,乘客电梯,31104201112009060043,,奥的斯 ,2006-9-30,F8NU0620,0H5100,曳引驱动,,,,,1.75,2016-6-22,东湖庭园,武汉市九鸿园物业管理有限公司,,
武汉市九鸿园物业管理有限公司,31-3-1#,奥的斯 ,乘客电梯,31104201112009060044,,奥的斯 ,2006-9-30,F8NU0619,0H5100,曳引驱动,,,,,1.75,2016-6-22,东湖庭园,武汉市九鸿园物业管理有限公司,,
武汉市九鸿园物业管理有限公司,31-3-2#,奥的斯 ,乘客电梯,31104201112009060045,,奥的斯 ,2006-9-30,F8NU0618,0H5100,曳引驱动,,,,,1.75,2016-6-22,东湖庭园,武汉市九鸿园物业管理有限公司,,
武汉市九鸿园物业管理有限公司,22-2#,奥的斯 ,乘客电梯,31104201112009050019,,奥的斯 ,2006-9-30,F8NU0578,0H5100,曳引驱动,,,,,1,2016-6-22,东湖庭园,武汉市九鸿园物业管理有限公司,,
武汉市九鸿园物业管理有限公司,22-3#,奥的斯 ,乘客电梯,31104201112009050020,,奥的斯 ,2006-9-30,F8NU0571,0H5100,曳引驱动,,,,,1,2016-6-22,东湖庭园,武汉市九鸿园物业管理有限公司,,
武汉市九鸿园物业管理有限公司,22-1#,奥的斯 ,乘客电梯,31104201112009050018,,奥的斯 ,2006-9-30,F8NU0602,0H5100,曳引驱动,,,,,1,2016-6-22,东湖庭园,武汉市九鸿园物业管理有限公司,,
武汉市九鸿园物业管理有限公司,29-2-1#,奥的斯 ,乘客电梯,31104201112009050031,,奥的斯 ,2008-9-4,F8NU0597,0H5100,曳引驱动,,,,,1.75,2016-6-22,东湖庭园,武汉市九鸿园物业管理有限公司,,
武汉市九鸿园物业管理有限公司,32-1-1#,奥的斯 ,乘客电梯,31104201112009060046,,奥的斯 ,2006-9-30,F8NU0629,0H5100,曳引驱动,,,,,1.75,2016-6-22,东湖庭园,武汉市九鸿园物业管理有限公司,,
武汉市九鸿园物业管理有限公司,32-1-2#,奥的斯 ,乘客电梯,31104201112009060047,,奥的斯 ,2006-9-30,F8NU0628,0H5100,曳引驱动,,,,,1.75,2016-6-22,东湖庭园,武汉市九鸿园物业管理有限公司,,
武汉市九鸿园物业管理有限公司,32-2-2#,奥的斯 ,乘客电梯,31104201112009060049,,奥的斯 ,2006-9-30,F8NU0626,0H5100,曳引驱动,,,,,1.75,2016-6-22,东湖庭园,武汉市九鸿园物业管理有限公司,,
武汉市九鸿园物业管理有限公司,31-1-1#,奥的斯 ,乘客电梯,31104201112009060040,,奥的斯 ,2006-9-30,F8NU0623,0H5100,曳引驱动,,,,,1.75,2016-6-22,东湖庭园,武汉市九鸿园物业管理有限公司,,
武汉市九鸿园物业管理有限公司,4-2#,奥的斯 ,乘客电梯,31104201112007070007,,奥的斯 ,2006-9-30,F8NK9815,0H5100,曳引驱动,,,,,1,2016-6-12,东湖庭园,武汉市九鸿园物业管理有限公司,,
武汉市九鸿园物业管理有限公司,3-1#,奥的斯 ,乘客电梯,31104201112007070003,,奥的斯 ,2006-9-30,F8NK9816,0H5100,曳引驱动,,,,,1,2016-6-12,东湖庭园,武汉市九鸿园物业管理有限公司,,
武汉市九鸿园物业管理有限公司,2-1#,奥的斯 ,乘客电梯,31104201112007070002,,奥的斯 ,2006-9-30,F8NK9821,0H5100,曳引驱动,,,,,1,2016-6-12,东湖庭园,武汉市九鸿园物业管理有限公司,,
武汉市九鸿园物业管理有限公司,1-1#,奥的斯 ,乘客电梯,31104201112007070001,,奥的斯 ,2006-9-30,F8NK9820,0H5100,曳引驱动,,,,,1,2016-6-12,东湖庭园,武汉市九鸿园物业管理有限公司,,
武汉市九鸿园物业管理有限公司,3-3#,奥的斯 ,乘客电梯,31104201112007070005,,奥的斯 ,2006-9-30,F8NK9819,0H5100,曳引驱动,,,,,1,2016-6-12,东湖庭园,武汉市九鸿园物业管理有限公司,,
武汉市九鸿园物业管理有限公司,4-3#,奥的斯 ,乘客电梯,31104201112007070008,,奥的斯 ,2006-9-30,F8NK9814,0H5100,曳引驱动,,,,,1,2016-6-12,东湖庭园,武汉市九鸿园物业管理有限公司,,
武汉市九鸿园物业管理有限公司,3-2#,奥的斯 ,乘客电梯,31104201112007070004,,奥的斯 ,2006-9-30,F8NK9817,0H5100,曳引驱动,,,,,1,2016-6-12,东湖庭园,武汉市九鸿园物业管理有限公司,,
武汉市九鸿园物业管理有限公司,4-1#,奥的斯 ,乘客电梯,31104201112007070006,,奥的斯 ,2006-9-30,F8NK9818,0H5100,曳引驱动,,,,,1,2016-6-12,东湖庭园,武汉市九鸿园物业管理有限公司,,
武汉市九鸿园物业管理有限公司,28-1-2#,奥的斯 ,乘客电梯,30104201112009050026,,奥的斯 ,2008-9-3,F8NU0590,0H5100,曳引驱动,,,,,1.75,2016-11-29,东湖庭园二期,武汉市九鸿园物业管理有限公司,,
武汉市九鸿园物业管理有限公司,28-1-1#,奥的斯 ,乘客电梯,30104201112009050025,,奥的斯 ,2008-9-3,F8NU0594,0H5100,曳引驱动,,,,,1.75,2016-11-29,东湖庭园二期,武汉市九鸿园物业管理有限公司,,
武汉市九鸿园物业管理有限公司,2017/2/2,东芝电梯（中国）有限公司,乘客电梯,31104201112009117141,,东芝电梯（中国）有限公司,2009-9-2,EL090039-230,CV330A,曳引驱动,,,,,1.75,2016-11-29,东湖庭园二期,武汉市九鸿园物业管理有限公司,,
武汉市九鸿园物业管理有限公司,2012/3/6,东芝电梯（中国）有限公司,乘客电梯,31104201112009086759,,东芝电梯（中国）有限公司,2009-2-26,GA081528-160,CV330A,曳引驱动,,,,,1.75,2016-11-29,东湖庭园二期,武汉市九鸿园物业管理有限公司,,
武汉市九鸿园物业管理有限公司,2013/1/1,东芝电梯（中国）有限公司,乘客电梯,31104201112009086760,,东芝电梯（中国）有限公司,2009-2-26,GA081528-080,CV330A,曳引驱动,,,,,1,2016-11-29,东湖庭园二期,武汉市九鸿园物业管理有限公司,,
武汉市九鸿园物业管理有限公司,2013/2/2,东芝电梯（中国）有限公司,乘客电梯,31104201112009086761,,东芝电梯（中国）有限公司,2009-2-26,GA081528-040,CV330A,曳引驱动,,,,,1,2016-11-29,东湖庭园二期,武汉市九鸿园物业管理有限公司,,
武汉市九鸿园物业管理有限公司,2013/3/3,东芝电梯（中国）有限公司,乘客电梯,31104201112009086762,,东芝电梯（中国）有限公司,2009-2-26,GA081528-090,CV330A,曳引驱动,,,,,1,2016-11-29,东湖庭园二期,武汉市九鸿园物业管理有限公司,,
武汉市九鸿园物业管理有限公司,2013/4/4,东芝电梯（中国）有限公司,乘客电梯,31104201112009086763,,东芝电梯（中国）有限公司,2009-2-26,GA081528-050,CV330A,曳引驱动,,,,,1,2016-11-29,东湖庭园二期,武汉市九鸿园物业管理有限公司,,
武汉市九鸿园物业管理有限公司,2018/2/2,东芝电梯（中国）有限公司,乘客电梯,31104201112009086765,,东芝电梯（中国）有限公司,2009-2-26,GA081528-110,CV330A,曳引驱动,,,,,1,2016-11-29,东湖庭园二期,武汉市九鸿园物业管理有限公司,,
武汉市九鸿园物业管理有限公司,2018/1/1,东芝电梯（中国）有限公司,乘客电梯,31104201112009086764,,东芝电梯（中国）有限公司,2009-2-26,GA081528-060,CV330A,曳引驱动,,,,,1,2016-11-29,东湖庭园二期,武汉市九鸿园物业管理有限公司,,
武汉市九鸿园物业管理有限公司,2018/3/3,东芝电梯（中国）有限公司,乘客电梯,31104201112009086766,,东芝电梯（中国）有限公司,2009-2-26,GA081528-120,CV330A,曳引驱动,,,,,1,2016-11-29,东湖庭园二期,武汉市九鸿园物业管理有限公司,,
武汉市九鸿园物业管理有限公司,2019/1/1,东芝电梯（中国）有限公司,乘客电梯,31104201112009086767,,东芝电梯（中国）有限公司,2009-2-26,GA081528-020,CV330A,曳引驱动,,,,,1,2016-11-29,东湖庭园二期,武汉市九鸿园物业管理有限公司,,
武汉市九鸿园物业管理有限公司,2019/2/2,东芝电梯（中国）有限公司,乘客电梯,31104201112009086768,,东芝电梯（中国）有限公司,2009-2-26,GA081528-070,CV330A,曳引驱动,,,,,1,2016-11-29,东湖庭园二期,武汉市九鸿园物业管理有限公司,,
武汉市九鸿园物业管理有限公司,2019/3/3,东芝电梯（中国）有限公司,乘客电梯,31104201112009086769,,东芝电梯（中国）有限公司,2009-2-26,GA081528-130,CV330A,曳引驱动,,,,,1,2016-11-29,东湖庭园二期,武汉市九鸿园物业管理有限公司,,
武汉市九鸿园物业管理有限公司,2023/2/2,东芝电梯（中国）有限公司,乘客电梯,31104201112009086771,,东芝电梯（中国）有限公司,2009-2-26,GA081528-030,CV330A,曳引驱动,,,,,1,2016-11-29,东湖庭园二期,武汉市九鸿园物业管理有限公司,,
武汉市九鸿园物业管理有限公司,2023/1/1,东芝电梯（中国）有限公司,乘客电梯,3110420111200986770,,东芝电梯（中国）有限公司,2009-2-26,GA081528-010,CV330A,曳引驱动,,,,,1,2016-11-29,东湖庭园二期,武汉市九鸿园物业管理有限公司,,
武汉市九鸿园物业管理有限公司,2023/3/3,东芝电梯（中国）有限公司,乘客电梯,31104201112009086772,,东芝电梯（中国）有限公司,2009-2-26,GA081528-100,CV330A,曳引驱动,,,,,1,2016-11-29,东湖庭园二期,武汉市九鸿园物业管理有限公司,,
武汉市九鸿园物业管理有限公司,2017/1/1,东芝电梯（中国）有限公司,乘客电梯,31104201112009117138,,东芝电梯（中国）有限公司,2009-9-2,EL090039-210,CV330A,曳引驱动,,,,,1.75,2016-11-29,东湖庭园二期,武汉市九鸿园物业管理有限公司,,
武汉市九鸿园物业管理有限公司,2017/1/2,东芝电梯（中国）有限公司,乘客电梯,31104201112009117139,,东芝电梯（中国）有限公司,2009-9-2,EL090039-200,CV330A,曳引驱动,,,,,1.75,2016-11-29,东湖庭园二期,武汉市九鸿园物业管理有限公司,,
武汉市九鸿园物业管理有限公司,2017/2/1,东芝电梯（中国）有限公司,乘客电梯,31104201112009117140,,东芝电梯（中国）有限公司,2009-9-2,EL090039-220,CV330A,曳引驱动,,,,,1.75,2016-11-29,东湖庭园二期,武汉市九鸿园物业管理有限公司,,
武汉市九鸿园物业管理有限公司,2012/2/4,东芝电梯（中国）有限公司,乘客电梯,31104201112009086757,,东芝电梯（中国）有限公司,2009-2-26,GA081528-190,CV330A,曳引驱动,,,,,1.75,2016-11-29,东湖庭园二期,武汉市九鸿园物业管理有限公司,,
武汉市九鸿园物业管理有限公司,2012/1/2,东芝电梯（中国）有限公司,乘客电梯,31104201062009086755,,东芝电梯（中国）有限公司,2009-2-26,GA081528-170,CV330A,曳引驱动,,,,,1.75,2016-11-29,东湖庭园二期,武汉市九鸿园物业管理有限公司,,
武汉市九鸿园物业管理有限公司,2012/1/1,东芝电梯（中国）有限公司,乘客电梯,31104201112009086754,,东芝电梯（中国）有限公司,2009-2-26,GA081528-150,CV330A,曳引驱动,,,,,1.75,2016-11-29,东湖庭园二期,武汉市九鸿园物业管理有限公司,,
武汉市九鸿园物业管理有限公司,28-2-2#,奥的斯 ,乘客电梯,30104201112009050028,,奥的斯 ,2008-9-3,F8NU0591,0H5100,曳引驱动,,,,,1.75,2016-11-29,东湖庭园二期,武汉市九鸿园物业管理有限公司,,
武汉市九鸿园物业管理有限公司,28-2-1#,奥的斯 ,乘客电梯,30104201112009050027,,奥的斯 ,2008-9-3,F8NU0595,0H5100,曳引驱动,,,,,1.75,2016-11-29,东湖庭园二期,武汉市九鸿园物业管理有限公司,,
武汉市九鸿园物业管理有限公司,2012/2/3,东芝电梯（中国）有限公司,乘客电梯,31104201112009086756,,东芝电梯（中国）有限公司,2009-2-26,GA081528-180,CV330A,曳引驱动,,,,,1.75,2016-11-29,东湖庭园二期,武汉市九鸿园物业管理有限公司,,
武汉市九鸿园物业管理有限公司,2012/3/5,东芝电梯（中国）有限公司,乘客电梯,31104201112009086758,,东芝电梯（中国）有限公司,2009-2-26,GA081528-140,CV330A,曳引驱动,,,,,1.75,2016-11-29,东湖庭园二期,武汉市九鸿园物业管理有限公司,,
国网湖北省电力公司黄冈供电公司,2#,上海三菱电梯有限公司,乘客电梯,TK10420,,上海三菱电梯有限公司,2016-11-1,161102320,LEHY-111-CX7S,曳引驱动,,,,1050,1.75,2017-3-30,湖北黄冈,国网湖北省电力公司黄冈供电公司,,
国网湖北省电力公司黄冈供电公司,1#,上海三菱电梯有限公司,乘客电梯,TK10419,,上海三菱电梯有限公司,2016-11-1,161102319,LEHY-111-CX7S,曳引驱动,,,,1050,1.75,2017-3-30,湖北黄冈,国网湖北省电力公司黄冈供电公司,,
李席国,1#,双菱,乘客电梯,TK10208,,双菱,2016-11-10,1610053G,SGT800/1.0-wvf,曳引驱动,,,,800,1,2017-3-20,湖北浠水,浠水李总（李席国）,,
浠水县雨露学校,2#,蒂森克虏伯（上海）有限公司,乘客电梯,TK10062,,蒂森克虏伯（上海）有限公司,2016-4-29,E/30040494.002,RF2,曳引驱动,,,,1000,1,2017-1-16,湖北浠水,浠水县雨露学校,,
浠水县雨露学校,1#,蒂森克虏伯（上海）有限公司,乘客电梯,TK10063,,蒂森克虏伯（上海）有限公司,2016-4-29,E/30040494.001,RF1,曳引驱动,,,,1000,1.75,2017-1-16,湖北浠水,浠水县雨露学校,,
饶金国,住宅楼,双菱,乘客电梯,TK09397,,双菱,2016-4-29,1608098K,SPT1000/1.0WVF,曳引驱动,,,,1000,1,2017-1-16,湖北浠水,浠水饶氏商住楼（饶金国）,,
湖北浠水精神病医院,医院主楼,双菱,乘客电梯,TK08639,,双菱,,1606041K,SPT1350/1.0WVF,曳引驱动,,,,1350,1,2017-1-16,湖北浠水,浠水县精神病医院,,
浠水县人民医院,消毒室,双菱,乘客电梯,TK10060,,双菱,2016-5-11,1604095K,SPT1350/1.0WVF,曳引驱动,,,,1350,1,2017-1-16,湖北浠水,浠水县人民医院,,
浠水县人民医院,消毒室,双菱,乘客电梯,TK10061,,双菱,2016-5-11,1604094,SPT1350/1.0WVF,曳引驱动,,,,1350,1,2017-1-16,湖北浠水,浠水县人民医院,,
武汉普提金物业服务有限公司,8栋A 座9#,日立电梯（中国）有限公司,乘客电梯,31104201062012060041,,日立电梯（中国）有限公司,2010-8-18,10G004135,HGP-825-C0120,曳引驱动,,,,,2,2016-8-5,春树里小区,武汉普提金物业服务有限公司,,
武汉兆富国际大厦,2#,广州广日,乘客电梯,31104201112017010104,,广州广日,2016-11-1,16024333002,G？EXC,曳引驱动,,,,1050,2,2017-2-9,兆富国际大厦,武汉合纵佳物业管理有限公司,,
武汉普提金物业服务有限公司,平安银行1栋3单元L1,日立电梯（中国）有限公司,乘客电梯,31104201062009086712,,日立电梯（中国）有限公司,2009-3-3,,HGP-825-C060,曳引驱动,,,,,1,2016-8-5,春树里小区,武汉普提金物业服务有限公司,,
武汉普提金物业服务有限公司,8栋A 座10#,日立电梯（中国）有限公司,乘客电梯,31104201062012060040,,日立电梯（中国）有限公司,2010-8-18,,HGP-825-C0120,曳引驱动,,,,,2,2016-8-5,春树里小区,武汉普提金物业服务有限公司,,
武汉普提金物业服务有限公司,7栋2#,日立电梯（中国）有限公司,乘客电梯,31104201062010067596,,日立电梯（中国）有限公司,2009-11-1,,HGP-1050-C060,曳引驱动,,,,,2.5,2016-8-5,春树里小区,武汉普提金物业服务有限公司,,
武汉普提金物业服务有限公司,7栋1#,日立电梯（中国）有限公司,乘客电梯,31104201062010067589,,日立电梯（中国）有限公司,2009-11-1,,HGP-1050-C060,曳引驱动,,,,,2.5,2016-8-5,春树里小区,武汉普提金物业服务有限公司,,
武汉普提金物业服务有限公司,6栋2#,日立电梯（中国）有限公司,乘客电梯,31104201062010067592,,日立电梯（中国）有限公司,2009-11-1,,HGP-1050-C060,曳引驱动,,,,,2.5,2016-8-5,春树里小区,武汉普提金物业服务有限公司,,
武汉普提金物业服务有限公司,6栋1#,日立电梯（中国）有限公司,乘客电梯,31104201062010067591,,日立电梯（中国）有限公司,2009-11-1,,HGP-1050-C060,曳引驱动,,,,,2.5,2016-8-5,春树里小区,武汉普提金物业服务有限公司,,
武汉普提金物业服务有限公司,4栋2单元2#,日立电梯（中国）有限公司,乘客电梯,31104201062009086705,,日立电梯（中国）有限公司,2009-3-3,,HGP-1050-CO150,曳引驱动,,,,,2.5,2016-8-25,春树里小区,武汉普提金物业服务有限公司,,
武汉普提金物业服务有限公司,4栋2单元1#,日立电梯（中国）有限公司,乘客电梯,31104201062009086704,,日立电梯（中国）有限公司,2009-3-3,,HGP-1050-CO150,曳引驱动,,,,,2.5,2016-8-25,春树里小区,武汉普提金物业服务有限公司,,
武汉普提金物业服务有限公司,4栋1单元2#,日立电梯（中国）有限公司,乘客电梯,31104201062009086703,,日立电梯（中国）有限公司,2009-3-3,,HGP-1050-CO150,曳引驱动,,,,,2.5,2016-8-25,春树里小区,武汉普提金物业服务有限公司,,
武汉普提金物业服务有限公司,4栋1单元1#,日立电梯（中国）有限公司,乘客电梯,31104201062009086702,,日立电梯（中国）有限公司,2009-3-3,,HGP-1050-CO150,曳引驱动,,,,,2.5,2016-8-25,春树里小区,武汉普提金物业服务有限公司,,
武汉普提金物业服务有限公司,3栋2#,日立电梯（中国）有限公司,乘客电梯,31104201062009086709,,日立电梯（中国）有限公司,2009-3-3,,HGP-1350-CO150,曳引驱动,,,,,2.5,2016-8-5,春树里小区,武汉普提金物业服务有限公司,,
武汉普提金物业服务有限公司,3栋1#,日立电梯（中国）有限公司,乘客电梯,31104201062009086708,,日立电梯（中国）有限公司,2009-3-3,,HGP-1050-CO150,曳引驱动,,,,,2.5,2016-8-5,春树里小区,武汉普提金物业服务有限公司,,
武汉普提金物业服务有限公司,2栋2#,日立电梯（中国）有限公司,乘客电梯,31104201062009086707,,日立电梯（中国）有限公司,2009-3-3,,HGP-1050-CO150,曳引驱动,,,,,2.5,2016-8-5,春树里小区,武汉普提金物业服务有限公司,,
武汉普提金物业服务有限公司,8栋A 座3#,日立电梯（中国）有限公司,乘客电梯,31104201062010117945,,日立电梯（中国）有限公司,2009-11-1,,HGP-1350-CO150,曳引驱动,,,,,2.5,2016-8-5,春树里小区,武汉普提金物业服务有限公司,,
武汉普提金物业服务有限公司,2栋1#,日立电梯（中国）有限公司,乘客电梯,31104201062009086706,,日立电梯（中国）有限公司,2009-3-3,,HGP-1050-CO150,曳引驱动,,,,,2.5,2016-8-5,春树里小区,武汉普提金物业服务有限公司,,
武汉普提金物业服务有限公司,8栋B 座4#,日立电梯（中国）有限公司,乘客电梯,31104201062010117940,,日立电梯（中国）有限公司,2009-11-1,,HGP-1350-CO150,曳引驱动,,,,,2.5,2016-8-25,春树里小区,武汉普提金物业服务有限公司,,
武汉普提金物业服务有限公司,8栋B座3#,日立电梯（中国）有限公司,乘客电梯,31104201062010117941,,日立电梯（中国）有限公司,2009-11-1,,HGP-1350-CO150,曳引驱动,,,,,2.5,2016-8-25,春树里小区,武汉普提金物业服务有限公司,,
武汉普提金物业服务有限公司,8栋B 座2#,日立电梯（中国）有限公司,乘客电梯,31104201062010117930,,日立电梯（中国）有限公司,2009-11-1,,HGP-1350-CO150,曳引驱动,,,,,2.5,2016-8-25,春树里小区,武汉普提金物业服务有限公司,,
武汉普提金物业服务有限公司,8栋B 座1#,日立电梯（中国）有限公司,乘客电梯,31104201062010117939,,日立电梯（中国）有限公司,2009-11-1,,HGP-1350-CO150,曳引驱动,,,,,2.5,2016-8-25,春树里小区,武汉普提金物业服务有限公司,,
武汉普提金物业服务有限公司,8栋A 座2#,日立电梯（中国）有限公司,乘客电梯,31104201062010117942,,日立电梯（中国）有限公司,2009-11-1,,HGP-1350-CO150,曳引驱动,,,,,2.5,2016-8-5,春树里小区,武汉普提金物业服务有限公司,,
武汉普提金物业服务有限公司,8栋A座1#,日立电梯（中国）有限公司,乘客电梯,31104201062010117943,,日立电梯（中国）有限公司,2009-11-1,,HGP-1350-CO150,曳引驱动,,,,,2.5,2016-8-5,春树里小区,武汉普提金物业服务有限公司,,
武汉普提金物业服务有限公司,8栋A 座4#,日立电梯（中国）有限公司,乘客电梯,31104201062010117944,,日立电梯（中国）有限公司,2009-11-1,,HGP-1350-CO150,曳引驱动,,,,,2.5,2016-8-5,春树里小区,武汉普提金物业服务有限公司,,
蕲春县第三高级中学,1#,长春市申菱北方电梯有限公司,乘客电梯,TK09388,,长春市申菱北方电梯有限公司,2016-7-18,2016082201-01,TWJ200,曳引驱动,,,,200,0.4,2017-2-28,蕲春刘河,蕲春县第三高级中学,,
张榜世纪大楼,1#,杭州西子奥的斯电梯公司,乘客电梯,31104211262014110001,,杭州西子奥的斯电梯公司,2014-8-11,XOKA15455,TKJ800/1.0,曳引驱动,,,,800,1,2016-12-28,蕲春县张榜镇,张榜世纪大楼,,
十里贩还建小区,1#,蒂森克虏伯（上海）有限公司,乘客电梯,1-3-2,,蒂森克虏伯（上海）有限公司,2014-6-24,E/30025970.010,TKJ800/1.75,曳引驱动,,,,800,1.75,2016-8-16,湖北蕲春,蕲春县国建投资有限公司,,
十里贩还建小区,5#,蒂森克虏伯（上海）有限公司,乘客电梯,5-2,,蒂森克虏伯（上海）有限公司,2014-8-27,E/30025970.011,TKJ800/1.75,曳引驱动,,,,800,1.75,2016-8-16,湖北蕲春,蕲春县国建投资有限公司,,
十里贩还建小区,1#,蒂森克虏伯（上海）有限公司,乘客电梯,1-2-2,,蒂森克虏伯（上海）有限公司,2014-6-24,E/30025970.008,TKJ800/1.75,曳引驱动,,,,800,1.75,2016-8-16,湖北蕲春,蕲春县国建投资有限公司,,
十里贩还建小区,1#,蒂森克虏伯（上海）有限公司,乘客电梯,1-1-2,,蒂森克虏伯（上海）有限公司,2014-6-24,E/30025970.006,TKJ800/1.75,曳引驱动,,,,800,1.75,2016-8-16,湖北蕲春,蕲春县国建投资有限公司,,
十里贩还建小区,2#,蒂森克虏伯（上海）有限公司,乘客电梯,2-1-2,,蒂森克虏伯（上海）有限公司,2015-5-14,E/30025970.004,TKJ800/1.75,曳引驱动,,,,800,1.75,2016-8-16,湖北蕲春,蕲春县国建投资有限公司,,
十里贩还建小区,2#,蒂森克虏伯（上海）有限公司,乘客电梯,2-2-2,,蒂森克虏伯（上海）有限公司,2014-5-14,E/30025970.002,TKJ800/1.75,曳引驱动,,,,800,1.75,2016-8-16,湖北蕲春,蕲春县国建投资有限公司,,
十里贩还建小区,5#,蒂森克虏伯（上海）有限公司,乘客电梯,5-1,,蒂森克虏伯（上海）有限公司,2014-8-27,E/30025970.012,TKJ1000/1.75,曳引驱动,,,,1000,1.75,2016-8-16,湖北蕲春,蕲春县国建投资有限公司,,
十里贩还建小区,1#,蒂森克虏伯（上海）有限公司,乘客电梯,1-3-1,,蒂森克虏伯（上海）有限公司,2014-6-24,E/30025970.009,TKJ1000/1.75,曳引驱动,,,,1000,1.75,2016-8-16,湖北蕲春,蕲春县国建投资有限公司,,
十里贩还建小区,1#,蒂森克虏伯（上海）有限公司,乘客电梯,1-2-1,,蒂森克虏伯（上海）有限公司,2014-5-24,E/30025970.007,TKJ1000/1.75,曳引驱动,,,,1000,1.75,2016-8-16,湖北蕲春,蕲春县国建投资有限公司,,
十里贩还建小区,1#,蒂森克虏伯（上海）有限公司,乘客电梯,1-1-1,,蒂森克虏伯（上海）有限公司,2014-6-24,E/30025970.005,TKJ1000/1.75,曳引驱动,,,,1000,1.75,2016-8-16,湖北蕲春,蕲春县国建投资有限公司,,
十里贩还建小区,2#,蒂森克虏伯电梯（上海）有限公司,乘客电梯,2-1-1,,蒂森克虏伯电梯（上海）有限公司,2014-5-14,E/30025970.003,TKJ1000/1.75,曳引驱动,,,,1000,1.75,2016-8-16,湖北蕲春,蕲春县国建投资有限公司,,
十里贩还建小区,2#,蒂森克虏伯电梯（上海）有限公司,乘客电梯,2-2-1,,蒂森克虏伯电梯（上海）有限公司,2014-5-14,E/30025970.001,TKJ1000/1.75,曳引驱动,,,,1000,1.75,2016-8-16,湖北蕲春,蕲春县国建投资有限公司,,
李时珍医药港还建小区,4#,双菱,乘客电梯,TK09555,,双菱,2015-9-14,1506060K,TKJ800/1.75,曳引驱动,,,,800,1.75,2016-10-17,湖北蕲春,湖北兴旺建筑安装工程有限责任公司,,
李时珍医药港还建小区,5#,双菱,乘客电梯,TK09567,,双菱,2016-7-19,1506055K,TKJ800/1.75,曳引驱动,,,,800,1.75,2016-10-17,湖北蕲春,湖北兴旺建筑安装工程有限责任公司,,
李时珍医药港还建小区,5#,双菱,乘客电梯,TK09562,,双菱,2015-7-29,1506049K,TKJ1000/1.75,曳引驱动,,,,1000,1.75,2016-10-17,湖北蕲春,湖北兴旺建筑安装工程有限责任公司,,
李时珍医药港还建小区,2#,双菱,乘客电梯,TK09559,,双菱,2015-7-29,1506042K,TKJ1000/1.75,曳引驱动,,,,1000,1.75,2016-10-17,湖北蕲春,湖北兴旺建筑安装工程有限责任公司,,
李时珍医药港还建小区,5#,双菱,乘客电梯,TK09564,,双菱,2015-7-29,1506051K,TKJ1000/1.75,曳引驱动,,,,1000,1.75,2016-10-17,湖北蕲春,湖北兴旺建筑安装工程有限责任公司,,
李时珍医药港还建小区,1#,双菱,乘客电梯,TK09546,,双菱,2015-7-29,1506045K,TKJ800/1.75,曳引驱动,,,,800,1.75,2016-10-17,湖北蕲春,湖北兴旺建筑安装工程有限责任公司,,
李时珍医药港还建小区,1#,双菱,乘客电梯,TK09557,,双菱,2015-7-29,1506041K,TKJ1000/1.75,曳引驱动,,,,1000,1.75,2016-10-17,湖北蕲春,湖北兴旺建筑安装工程有限责任公司,,
李时珍医药港还建小区,2#,双菱,乘客电梯,TK09545,,双菱,2015-7-29,1506038K,TKJ1000/1.75,曳引驱动,,,,1000,1.75,2016-10-17,湖北蕲春,湖北兴旺建筑安装工程有限责任公司,,
李时珍医药港还建小区,3#,双菱,乘客电梯,TK09565,,双菱,2015-7-29,1506052K,TKJ1000/1.75,曳引驱动,,,,1000,1.75,2016-10-17,湖北蕲春,湖北兴旺建筑安装工程有限责任公司,,
李时珍医药港还建小区,4#,双菱,乘客电梯,TK09553,,双菱,2015-7-29,1506058K,TKJ800/1.75,曳引驱动,,,,800,1.75,2016-10-17,湖北蕲春,湖北兴旺建筑安装工程有限责任公司,,
李时珍医药港还建小区,5#,双菱,乘客电梯,TK09547,,双菱,2016-7-29,1506057K,TKJ800/1.75,曳引驱动,,,,800,1.75,2016-10-17,湖北蕲春,湖北兴旺建筑安装工程有限责任公司,,
李时珍医药港还建小区,3#,双菱,乘客电梯,TK09554,,双菱,2015-7-29,1506059K,TKJ800/1.75,曳引驱动,,,,800,1.75,2016-10-17,湖北蕲春,湖北兴旺建筑安装工程有限责任公司,,
李时珍医药港还建小区,2#,双菱,乘客电梯,TK09558,,双菱,2015-7-29,1506040K,TKJ1000/1.75,曳引驱动,,,,1000,1.75,2016-10-17,湖北蕲春,湖北兴旺建筑安装工程有限责任公司,,
李时珍医药港还建小区,1#,双菱,乘客电梯,TK09551,,双菱,2015-7-29,1506044K,TKJ800/1.75,曳引驱动,,,,800,1.75,2016-10-17,湖北蕲春,湖北兴旺建筑安装工程有限责任公司,,
李时珍医药港还建小区,2#,双菱,乘客电梯,TK09552,,双菱,2015-7-29,1506043K,TKJ800/1.75,曳引驱动,,,,800,1.75,2016-10-17,湖北蕲春,湖北兴旺建筑安装工程有限责任公司,,
李时珍医药港还建小区,4#,双菱,乘客电梯,TK09563,,双菱,2015-7-29,1506050K,TKJ1000/1.75,曳引驱动,,,,1000,1.75,2016-10-17,湖北蕲春,湖北兴旺建筑安装工程有限责任公司,,
李时珍医药港还建小区,4#,双菱,乘客电梯,TK09548,,双菱,2015-9-14,1506061K,TKJ800/1.75,曳引驱动,,,,800,1.75,2016-10-17,湖北蕲春,湖北兴旺建筑安装工程有限责任公司,,
李时珍医药港还建小区,2#,双菱,乘客电梯,TK09560,,双菱,2015-9-14,1506046K,TKJ800/1.75,曳引驱动,,,,800,1.75,2016-10-17,湖北蕲春,湖北兴旺建筑安装工程有限责任公司,,
李时珍医药港还建小区,2#,双菱,乘客电梯,TK09549,,双菱,,1506047K,TKJ800/1.75,曳引驱动,,,,800,1.75,2015-9-14,湖北蕲春,湖北兴旺建筑安装工程有限责任公司,,
李时珍医药港还建小区,3#,双菱,乘客电梯,TK09566,,双菱,2015-9-14,1506054K,TKJ1000/1.75,曳引驱动,,,,1000,1.75,2016-10-17,湖北蕲春,湖北兴旺建筑安装工程有限责任公司,,
李时珍医药港还建小区,1#,双菱,乘客电梯,TK09544,,双菱,2015-7-29,1506039K,TKJ1000/1.5,曳引驱动,,,,1000,1.75,2016-10-17,湖北蕲春,湖北兴旺建筑安装工程有限责任公司,,
李时珍医药港还建小区,4#,双菱,乘客电梯,TK09550,,双菱,2015-9-14,1506053K,TKJ1000/1.75,曳引驱动,,,,1000,1.75,2016-10-17,湖北蕲春,湖北兴旺建筑安装工程有限责任公司,,
李时珍医药港还建小区,5#,双菱,乘客电梯,TK09561,,双菱,2015-7-29,1506048K,TKJ1000/1.75,曳引驱动,,,,1000,1.75,2016-10-17,湖北蕲春,湖北兴旺建筑安装工程有限责任公司,,
李时珍医药港还建小区,5#,双菱,乘客电梯,TK09556,,双菱,2015-7-29,1506056K,TKJ800/1.75,曳引驱动,,,,800,1.75,2016-10-17,湖北蕲春,湖北兴旺建筑安装工程有限责任公司,,
湖北蕲春鑫源公馆,2#,东奥克虏伯电梯（苏州）有限公司,乘客电梯,31104211262016030018,,东奥克虏伯电梯（苏州）有限公司,2015-8-19,201508191,TKJ800/1.5,曳引驱动,,,,800,1.5,2016-3-18,湖北蕲春鑫源公馆,湖北蕲春鑫源公馆,,
湖北蕲春鑫源公馆,1#,东奥克虏伯电梯（苏州）有限公司,乘客电梯,31104211262016030020,,东奥克虏伯电梯（苏州）有限公司,2015-8-19,201508193,TKJ1000/1.5,曳引驱动,,,,1000,1.5,2016-3-18,湖北蕲春鑫源公馆,湖北蕲春鑫源公馆,,
湖北蕲春鑫源公馆,1#,东奥克虏伯电梯（苏州）有限公司,乘客电梯,31104211262016030021,,东奥克虏伯电梯（苏州）有限公司,2015-8-19,201508194,TKJ1000/1.5,曳引驱动,,,,1000,1.5,2016-3-11,湖北蕲春鑫源公馆,湖北蕲春鑫源公馆,,
湖北蕲春鑫源公馆,2#,东奥克虏伯电梯（苏州）有限公司,乘客电梯,31104211262016030019,,东奥克虏伯电梯（苏州）有限公司,2015-8-19,201508192,TKJ800/1.5,曳引驱动,,,,800,1.5,2016-3-18,湖北蕲春鑫源公馆,湖北蕲春鑫源公馆,,
综合楼,2#,奥的斯电梯有限公司,乘客电梯,TK10099,,奥的斯电梯有限公司,2016-11-7,F8N7P914,GeN2-MR,曳引驱动,,,,1000,1.75,2017-1-3,湖北黄冈,国网湖北省电力公司黄冈供电公司,,
蕲河金岸,10#,通力,乘客电梯,31104211262015120007,,通力,2015-8-12,1136541646,TKJ1000/2.0,曳引驱动,,,,1000,2,2016-12-29,蕲河金岸,蕲春富地置业有限公司,,
蕲河金岸,10#,通力,乘客电梯,31104211262015120008,,通力,2015-8-12,1136541645,TKJ800/2.0,曳引驱动,,,,800,2,2016-12-29,蕲河金岸,蕲春富地置业有限公司,,
黄冈市社会福利中心（医院）,2#,上海三菱电梯有限公司,乘客电梯,31704211022014120002,,上海三菱电梯有限公司,2014-4-21,SL-T1307-14,TBJ1600/1.0,曳引驱动,,,,1600,1,2017-1-6,湖北黄冈,黄冈市社会福利中心（医院）,,
黄冈市社会福利中心（医院）,1#,上海三菱电梯有限公司,乘客电梯,31704211022014120001,,上海三菱电梯有限公司,2014-4-21,SL-T1306-14,TBJ1600/1.0,曳引驱动,,,,1600,1,2017-1-6,湖北黄冈,黄冈市社会福利中心（医院）,,
武穴市石佛寺中心卫生院,2#,西继迅达（许昌）电梯,乘客电梯,TK08678,,西继迅达（许昌）电梯,,1605077EB-001,TBK1600/1.5,曳引驱动,,,,1600,1.5,2016-11-4,湖北武穴,武穴市石佛寺中心卫生院,,
武穴市石佛寺中心卫生院,1#,西继迅达（许昌）电梯,乘客电梯,TK8677,,西继迅达（许昌）电梯,2016-7-2,1605077EB-002,TBJ1600/1.5,曳引驱动,,,,1600,1.5,2016-11-4,湖北武穴,武穴市石佛寺中心卫生院,,
武汉兆富国际大厦,1#,广州广日,乘客电梯,31104201112016110120,,广州广日,2016-10-1,16024333001,G.Exc1050-C02.0,曳引驱动,,,,1050,2,2016-12-12,湖北武汉,武汉合纵佳物业管理有限公司,,
走马岭（童总）,01#,双菱,乘客电梯,TK09166,,双菱,2016-8-8,1606044K,TKJ630/1.5,曳引驱动,,,,630,1.5,2016-12-18,蕲春,走马岭（童总）,,
御景湾花园小区,1-2#,双菱,乘客电梯,TK09524,,双菱,,1506138K,SPT800/1.75-WVF,曳引驱动,,,,800,1.75,2016-11-18,湖北蕲春,湖北和建置业有限公司（和建御景湾）,,
御景湾花园小区,2-1#,双菱,乘客电梯,TK09523,,双菱,2015-7-16,,SPT800/1.75-WVF,曳引驱动,,,,800,1.75,2016-11-18,湖北蕲春,湖北和建置业有限公司（和建御景湾）,,
御景湾花园小区,1-1#,双菱,乘客电梯,TK09522,,双菱,,1506139K,SPT800/1.75-WVF,曳引驱动,,,,800,1.75,2016-11-18,湖北蕲春,湖北和建置业有限公司（和建御景湾）,,
御景湾花园小区,2-2#,双菱,乘客电梯,TK09521,,双菱,,1506141K,SPT800/1.75-WVF,曳引驱动,,,,800,1.75,2016-12-18,湖北蕲春,湖北和建置业有限公司（和建御景湾）,,
御景湾花园小区,5-2#,双菱,乘客电梯,TK09619,,双菱,,1504049,SPT630/1.0-WVF,曳引驱动,,,,630,1,2015-6-12,湖北蕲春,湖北和建置业有限公司（和建御景湾）,,
御景湾花园小区,3-2#,双菱,乘客电梯,TK09618,,双菱,,1504046K,SPT 800/1.75-WVF,曳引驱动,,,,800,1.758,2016-11-18,湖北蕲春,湖北和建置业有限公司（和建御景湾）,,
御景湾花园小区,5-1#,双菱,乘客电梯,TK09617,,双菱,2015-5-12,1504048K,SPT630/1.0-WVF,曳引驱动,,,,630,1,2016-11-18,湖北蕲春,湖北和建置业有限公司（和建御景湾）,,
御景湾花园小区,3-1#,双菱,乘客电梯,TK09616,,双菱,2015-5-12,1504047K,SPT800/1.75-WVF,曳引驱动,,,,800,1.75,2016-11-18,湖北蕲春,湖北和建置业有限公司（和建御景湾）,,
蕲春县公安局,1#,日立电梯（中国）有限公司,乘客电梯,TK08562,,日立电梯（中国）有限公司,2015-12-1,15G024350,MCA-1050-C0105,曳引驱动,,,,1050,1.75,2016-9-9,蕲春县中轴线,湖北蕲春县公安局,,
蕲春县公安局,A#,双菱,乘客电梯,TK08561,,双菱,2015-12-1,15G024350,MCA-1050-C0105,曳引驱动,,,,1050,1.75,2016-9-9,蕲春县中轴线,湖北蕲春县公安局,,
蕲春张榜时代广场,5-1--4#,双菱,乘客电梯,TK09297,,双菱,,1511103K,TKJ800/1.75,曳引驱动,,,,800,1.75,2016-10-15,蕲北时代广场5号楼1单元,湖北松琪置业有限公司,,
蕲春张榜时代广场,5-2-3#,双菱,乘客电梯,TK09296,,双菱,,1511103K,TKJ800/1.75,曳引驱动,15,15,15,800,1.75,2016-11-15,蕲北时代广场5号楼1单元,湖北松琪置业有限公司,,
蕲春张榜时代广场,2#,双菱,乘客电梯,TK09295,,双菱,2015-12-9,1511106K,TKJ800/1.75,曳引驱动,,,,800,1.75,2016-11-15,蕲北时代广场5号楼1单元,湖北松琪置业有限公司,,
蕲春张榜时代广场,1#,双菱,乘客电梯,TK09294,,双菱,2015-12-9,1511105K,TKJ1000/1.75,曳引驱动,,,,1000,1.75,2016-11-15,蕲北时代广场5号楼1单元,湖北松琪置业有限公司,,
蕲春县云雾山茶叶股份有限公司,1#,双菱,乘客电梯,TK08168,,双菱,2016-9-19,1605006K,SPT1000,曳引驱动,,,,1000,1.5,2016-11-1,公司大楼,蕲春雾云山茶叶有限公司,,
私人（丁伦华）,1#,双菱,乘客电梯,TK09601,,双菱,,1605007K,TKJ800/1.75,曳引驱动,,,,800,1.75,2016-11-4,蕲春县漕河镇新一路,私人（丁伦华）,,
湖北华宏物质有限公司,1#,双菱,乘客电梯,TK07799,,双菱,2016-5-6,1604013K,TKJ800/1.0,曳引驱动,,,,800,1,2016-10-8,蕲春县漕河镇杨四岭,湖北华宏物质有限公司,,
枫树林老年公寓,1#,双菱,乘客电梯,TK07851,,双菱,2016-5-4,1604019K,TKJ800/1.75,曳引驱动,,,,800,1.75,2016-10-10,枫树林老年公寓,枫树林老年公寓,,
彭思骊城小区,16-2#,台州富士电梯制造有限公司,乘客电梯,31104211262015110026,,台州富士电梯制造有限公司,,121253,TKJ800/1.5-JXW,曳引驱动,,,,800,1.5,2016-9-9,湖北蕲春,蕲春县骊城物业管理有限责任公司,,
彭思骊城小区,16-1#,台州富士电梯制造有限公司,乘客电梯,31104211262015110025,,台州富士电梯制造有限公司,,121252,TKJ800/1.5-JXW,曳引驱动,,,,800,1.5,2016-9-9,蕲春县彭思镇兴港大道18号,蕲春县骊城物业管理有限责任公司,,
彭思骊城小区,12-2#,台州富士电梯制造有限公司,乘客电梯,31104211262015080022,,台州富士电梯制造有限公司,2014-11-6,FS1410358,TKJ1000/1.5,曳引驱动,,,,1000,1.5,2016-9-9,湖北蕲春,湖北橘颂房地产开发有限公司,,
彭思骊城小区,12-1#,台州富士电梯制造有限公司,乘客电梯,31104211262015080021,,台州富士电梯制造有限公司,2014-11-6,FS1410357,TKJ1000/1.5,曳引驱动,,,,1000,1.5,2016-9-9,蕲春县彭思镇兴港大道18号,湖北橘颂房地产开发有限公司,,
蕲春县质量技术监督局,1#,蒂森克虏伯（上海）有限公司,乘客电梯,TK08619,,蒂森克虏伯（上海）有限公司,2016-4-20,E/30041652.001,TE-GL,曳引驱动,,,,1000,1.6,2016-11-7,湖北蕲春,蕲春县质量技术监督局,,
湖北小公牛鞋业有限责任公司,2#,双菱,载货电梯,TK07800,,双菱,2016-5-11,1604085H,SFT3000/0.5-JXW,曳引驱动,,,,3000,0.5,2016-8-22,湖北蕲春,湖北小公牛鞋业有限责任公司,,
湖北小公牛鞋业有限责任公司,2#,双菱,乘客电梯,TK07801,,双菱,2016-5-11,160408,SFT3000/0.5-JXW,曳引驱动,4,4,4,3000,1.5,2016-8-22,湖北蕲春,湖北小公牛鞋业有限责任公司,,
浠水县新农村电影院线有限公司,1#,天奥电梯,乘客电梯,31104211252014050001,,天奥电梯,2014-1-16,G2014-0101/L1,TKJ 800/1.0,曳引驱动,,,,800,1,2016-10-8,湖北浠水,浠水县新农村数字电影院线有限公司,,
浠水县环球娱乐责任有限公司,1#,广东菱电电梯有限公司,乘客电梯,31304211252014120003,,广东菱电电梯有限公司,2014-9-28,L1400128,TKJ1000/1.0,曳引驱动,,,,1000,1,2016-11-4,浠水县丽文大道143号,浠水县环球娱乐责任有限公司,,
浠水迷你时代主题定制酒店,1#,苏州快速,观光电梯,31104211252016040001,,苏州快速,2015-11-6,E5177,DGK,曳引驱动,,,,800,1,2016-3-31,浠水县,浠水迷你时代酒店管理有限公司,,
盘龙小区,1-1#,西尼电梯（杭州）有限公司,乘客电梯,31104211252015120001,,西尼电梯（杭州）有限公司,2015-4-7,XN-KZ15-0351-1503-0792,TKJ1000/1.75-VVVF,曳引驱动,,,,1000,1.75,2016-10-21,湖北浠水,浠水县炜创物业服务有限责任公司,,
盘龙小区,1-2#,西尼电梯（杭州）有限公司,乘客电梯,31104211252015120002,,西尼电梯（杭州）有限公司,2015-4-7,XN-KZ15-0351-1503-0793,TKJ800/1.75-VVVVF,曳引驱动,,,,800,1.75,2016-10-21,浠水县清泉镇新华正街16号,浠水县炜创物业服务有限责任公司,,
盘龙小区,2-1#,杭州西尼电梯有限公司,乘客电梯,31104211252015120003,,杭州西尼电梯有限公司,,XN-KZ15-0351-1503-0794,TKJ1000/1.75VVVF,曳引驱动,,,,1000,1.75,2016-10-21,浠水县清泉镇新华正街16号,浠水县炜创物业服务有限责任公司,,
盘龙小区,2-2#,杭州西尼电梯有限公司,乘客电梯,31104211252015120004,,杭州西尼电梯有限公司,2015-4-7,XN-KZ15-0351-1503-0795,TKJ800/1.75-V VVF,曳引驱动,,,,800,1.75,2016-10-21,湖北浠水,浠水县炜创物业服务有限责任公司,,
湖北望江山生态养老度假中心,1#,双菱,乘客电梯,TK08967,,双菱,2016-7-13,1606076K,TKJ1000/1.0-JXW,曳引驱动,,,,1000,1,2016-12-18,湖北浠水,湖北望江山生态养老度假中心,,
富丽水岸,8#,康力电梯股份有限公司,乘客电梯,31104211262015100009,,康力电梯股份有限公司,2014-12-15,10025284-0040,KLK1/VF800/1.75,曳引驱动,,,,800,1.75,2016-10-15,蕲州二里湖大道,蕲春金翔物业管理有限公司,,
富丽水岸,7#,康力电梯股份有限公司,乘客电梯,31104211262015100008,,康力电梯股份有限公司,,10025284-0030,KLK1/VF800/1.75,曳引驱动,11,11,11,800,1.75,2016-10-15,蕲州二里湖大道,蕲春金翔物业管理有限公司,,
富丽水岸,6#,康力电梯股份有限公司,乘客电梯,31104211262015100007,,康力电梯股份有限公司,2014-12-15,10025284-0020,KLK1/VF1000/1.75,曳引驱动,,,,1000,1.75,2016-10-15,蕲州二里湖大道,蕲春金翔物业管理有限公司,,
富丽水岸,5#,康力电梯股份有限公司,乘客电梯,31104211262015100006,,康力电梯股份有限公司,2014-12-15,10025284-00110,KLK1/VF800/1.75,曳引驱动,,,,800,1.75,2016-10-15,蕲州二里湖大道,蕲春金翔物业管理有限公司,,
富丽水岸,4#,康力电梯股份有限公司,乘客电梯,31104211262015100005,,康力电梯股份有限公司,2014-10-11,10025571-0040,KLK1/VF800/1.75,曳引驱动,,,,800,1.75,2016-10-15,蕲州二里湖大道,蕲春金翔物业管理有限公司,,
富丽水岸,3#,康力电梯股份有限公司,乘客电梯,31104211262015100004,,康力电梯股份有限公司,2014-10-11,10025571-0030,KLK1/VF800/1.75,曳引驱动,,,,800,1.75,2016-10-15,蕲州二里湖大道,蕲春金翔物业管理有限公司,,
富丽水岸,2#,康力电梯股份有限公司,乘客电梯,31104211262015100003,,康力电梯股份有限公司,2014-10-11,10025571-0020,KLK1/VF1000/1.75,曳引驱动,,,,1000,1.75,2016-10-15,蕲州二里湖大道,蕲春金翔物业管理有限公司,,
富丽水岸,1#,康力电梯股份有限公司,乘客电梯,31104211262015100002,,康力电梯股份有限公司,2014-10-11,10025571-0010,KLK1/VF800/1.75,曳引驱动,,,,800,1.75,2016-10-15,蕲州二里湖大道,蕲春金翔物业管理有限公司,,
蕲州湖景广场,11#,克莱斯电梯（中国）有限公司,乘客电梯,31104211262015110017,,克莱斯电梯（中国）有限公司,,CH140621B-10,TKJ1000/1.75-JXW,曳引驱动,,,,1000,1.75,2016-11-3,湖北蕲州,湖北龙全房地产开发有限公司,,
蕲州湖景广场,10#,克莱斯电梯（中国）有限公司,乘客电梯,31104211262015110016,,克莱斯电梯（中国）有限公司,2014-12-30,GH140621B-9,TKJ1000/1.75-JXW,曳引驱动,,,,1000,1.75,2016-11-3,湖北蕲州,湖北龙全房地产开发有限公司,,
蕲州湖景广场,9#,克莱斯电梯（中国）有限公司,乘客电梯,31104211262015110015,,克莱斯电梯（中国）有限公司,2014-12-30,GH140621B-8,TKJ1000/1.75-JXW,曳引驱动,,,,1000,1.75,2016-11-3,湖北蕲州,湖北龙全房地产开发有限公司,,
蕲州湖景广场,8#,克莱斯电梯（中国）有限公司,乘客电梯,31104211262015110014,,克莱斯电梯（中国）有限公司,2014-12-30,GH140621B-7,TKJ1350/1.75-JXW,曳引驱动,,,,1350,1.75,2016-11-3,湖北蕲州,湖北龙全房地产开发有限公司,,
蕲州湖景广场,7#,克莱斯电梯（中国）有限公司,乘客电梯,31104211262015110013,,克莱斯电梯（中国）有限公司,2014-12-30,CH140621B-6,TKJ1000/1.75-JXW,曳引驱动,,,,1000,1.75,2016-11-3,湖北蕲州,湖北龙全房地产开发有限公司,,
蕲州湖景广场,6#,克莱斯电梯（中国）有限公司,乘客电梯,31104211262015110012,,克莱斯电梯（中国）有限公司,2014-12-30,GH140621B-5,TKJ1350/1.75-JXW,曳引驱动,,,,1350,1.75,2016-11-3,湖北蕲州,湖北龙全房地产开发有限公司,,
黄州新港路2号农业银行,1#,奥的斯 ,乘客电梯,31104211022014080019,,奥的斯 ,,R2NM4709,TKJ1000/1.75,曳引驱动,,,,1000,1.75,2016-9-8,湖北黄冈,黄州新港路号农业银行,,
黄州新港路2号农业银行,2#,奥的斯 ,乘客电梯,31104211022014070019,,奥的斯 ,,R2NM4710,TKJ1000/1.75,曳引驱动,,,,1000,1.75,2016-9-8,湖北黄冈,黄州新港路号农业银行,,
（刘河锦绣新城）,4#,上海长江斯迈普电梯有限公司,乘客电梯,31104211262015080018,,上海长江斯迈普电梯有限公司,2014-5-4,D14-0330-114,3-MAPG6,曳引驱动,,,,800,1.5,2016-5-4,湖北锦绣新城,湖北德茂兴置业有限公司（锦绣新城）,,
（刘河锦绣新城）,3#,上海长江斯迈普电梯有限公司,乘客电梯,31104211262015080017,,上海长江斯迈普电梯有限公司,2014-5-4,D14-0330-113,3-MAPG6,曳引驱动,,,,800,1.5,2016-7-30,湖北锦绣新城,湖北德茂兴置业有限公司（锦绣新城）,,
（刘河锦绣新城）,2#,上海长江斯迈普电梯有限公司,乘客电梯,31104211262015080016,,上海长江斯迈普电梯有限公司,2014-5-4,D14-0332-112,3-MAPG6,曳引驱动,,,,800,1.5,2016-7-30,湖北锦绣新城,湖北德茂兴置业有限公司（锦绣新城）,,
（刘河锦绣新城）,1#,上海长江斯迈普电梯有限公司,乘客电梯,31104211262015080015,,上海长江斯迈普电梯有限公司,2014-5-4,D14-0330-2015,3-MAPG6,曳引驱动,,,,800,1.5,2016-7-30,湖北锦绣新城,湖北德茂兴置业有限公司（锦绣新城）,,
艾晶大酒店,1#,哈尔滨顺达机电设备有限公司,杂物电梯,34004211262013020001,,哈尔滨顺达机电设备有限公司,,Z1212-5,TWJ200/0.4,曳引驱动,,,,200,0.4,2015-10-15,湖北蕲春,万豪大酒店,,
艾晶大酒店,1#,武汉利科电梯有限公司,杂物电梯,34304211262015110002,,武汉利科电梯有限公司,,1403023,LKTWJ200,曳引驱动,,,,200,0.4,2015-10-15,湖北蕲春,万豪大酒店,,
艾晶大酒店,1#,武汉利科电梯有限公司,杂物电梯,34304211262015110001,,武汉利科电梯有限公司,2014-3-8,1403022,LKTWJ200,曳引驱动,5,5,5,200,0.4,2015-10-15,湖北蕲春,万豪大酒店,,
艾晶大酒店,2#,奥的斯 ,观光电梯,311042111262012060008,,奥的斯 ,,,TGJ10001.75,曳引驱动,,,,1000,1.75,2015-10-15,湖北蕲春,万豪大酒店,,
艾晶大酒店,1#,奥的斯 ,观光电梯,31104211262012060007,,奥的斯 ,,,TGJ1000/1.75,曳引驱动,,,,1000,1.75,2015-10-15,湖北蕲春,万豪大酒店,,
艾晶大酒店,4#,奥的斯 ,乘客电梯,3110421126201060010,,奥的斯 ,,,TGJ1000/1.5,曳引驱动,,,,1000,1.5,2015-10-15,湖北蕲春,万豪大酒店,,
艾晶大酒店,3#,奥的斯 ,观光电梯,31104211262012060009,,奥的斯 ,,,TGJ1000/1.5,曳引驱动,,,,1000,1.5,2015-10-15,湖北蕲春,万豪大酒店,,
艾晶大酒店,05#,奥的斯 ,乘客电梯,31104211262012040001,,奥的斯 ,,,TKJ1000/1.75,曳引驱动,,,,1000,1.75,2015-10-15,湖北蕲春,万豪大酒店,,
艾晶大酒店,6#,奥的斯 ,乘客电梯,31104211262012040002,,奥的斯 ,,,TKJ1000/1.0,曳引驱动,,,,1000,1,2015-10-15,湖北蕲春,万豪大酒店,,
黄州东坡外滩,4#,东芝电梯（中国）有限公司,杂物电梯,34304211012015070002,,东芝电梯（中国）有限公司,2015-3-18,BH20150318,TWJ200/0.4,曳引驱动,4,4,4,200,0.4,2016-7-4,湖北黄冈,湖北眉州东坡餐饮管理有限公司,,
黄州东坡外滩,1#,东芝电梯（中国）有限公司,观光电梯,31104211012015070018,,东芝电梯（中国）有限公司,2014-9-25,GA-141383-020,TGJ1050/1.0,曳引驱动,,,,1050,1,2016-7-4,湖北黄冈,湖北眉州东坡餐饮管理有限公司,,
黄州东坡外滩,3#,东芝电梯（中国）有限公司,杂物电梯,34304211012015070001,,东芝电梯（中国）有限公司,2015-3-18,BH20150319,TWJ200/0.4,曳引驱动,4,4,4,200,0.4,2016-7-4,湖北黄冈,湖北眉州东坡餐饮管理有限公司,,
黄州东坡外滩,2#,东芝电梯（中国）有限公司,观光电梯,31104211012015070019,,东芝电梯（中国）有限公司,2014-9-25,GA-141383-010,TGJ1050/1.0,曳引驱动,4,4,4,1050,1,2016-7-4,湖北黄冈,湖北眉州东坡餐饮管理有限公司,,
黄冈市农业局,1#,蒂森克虏伯（上海）有限公司,乘客电梯,31104211022012070002,,蒂森克虏伯（上海）有限公司,,E/30012358.001,TKJ1000/1.75,曳引驱动,9,9,9,,1.75,2016-7-8,湖北黄冈,黄冈市农业局,,
清华花园小区,2-2#,东芝电梯（中国）有限公司,乘客电梯,31104211022014100009,,东芝电梯（中国）有限公司,,GA-122911-060,TKJ825/1.75,曳引驱动,,,,825,1.75,2016-5-26,湖北黄冈,黄冈添乐物业服务有限公司,,
清华花园小区,3-1#,东芝电梯（中国）有限公司,乘客电梯,31104211022014100010,,东芝电梯（中国）有限公司,,GA-122911-070,TKJ825/1.75,曳引驱动,,,,825,1.75,2015-5-26,湖北黄冈,黄冈添乐物业服务有限公司,,
清华花园小区,1-2-2#,东芝电梯（中国）有限公司,乘客电梯,31104211022014100007,,东芝电梯（中国）有限公司,,GA-122911-040,TKJ825/1.75,曳引驱动,,,,825,1.75,2016-5-26,湖北黄冈,黄冈添乐物业服务有限公司,,
清华花园小区,1-2-1#,东芝电梯（中国）有限公司,乘客电梯,31104211022014100006,,东芝电梯（中国）有限公司,,GA-122911-010,TKJ825/1.75,曳引驱动,,,,825,1.75,2016-5-26,湖北黄冈,黄冈添乐物业服务有限公司,,
清华花园小区,3-2#,东芝电梯（中国）有限公司,乘客电梯,31104211022014100011,,东芝电梯（中国）有限公司,,,TKJ825/1.75,曳引驱动,,,,825,1.75,2016-5-26,湖北黄冈,黄冈添乐物业服务有限公司,,
清华花园小区,1-1-1#,东芝电梯（中国）有限公司,乘客电梯,31104211022014100004,,东芝电梯（中国）有限公司,,,TKJ825/1.75,曳引驱动,,,,825,1.75,2016-5-26,湖北黄冈,黄冈添乐物业服务有限公司,,
清华花园小区,9#,东芝电梯（中国）有限公司,乘客电梯,31104211012015120013,,东芝电梯（中国）有限公司,,GA-122911-090,SPACEL-III,曳引驱动,,,,825,1.75,2016-5-26,湖北黄冈,黄冈添乐物业服务有限公司,,
清华花园小区,1-1-2#,东芝电梯（中国）有限公司,乘客电梯,31104211022014100005,,东芝电梯（中国）有限公司,,GA-122911-020,TKJ825/1.75,曳引驱动,,,,825,1.75,2016-5-26,湖北黄冈,黄冈添乐物业服务有限公司,,
清华花园小区,2-1#,东芝电梯（中国）有限公司,乘客电梯,31104211022014100008,,东芝电梯（中国）有限公司,,GA-122911-080,TKJ825/1.75,曳引驱动,,,,825,1.75,2016-5-26,湖北黄冈,黄冈添乐物业服务有限公司,,
黄冈香格里拉国际音乐会,1#,戈尔电梯（天津）有限公司,乘客电梯,31104211022015090003,,戈尔电梯（天津）有限公司,2015-7-3,GE150198,GEE,曳引驱动,5,5,5,800,1,2015-8-10,湖北黄冈,黄冈香格里拉国际音乐会所,,
黄冈市春尔美节能电器有限公司（吴中火）,2#,双菱,乘客电梯,31104211022016010036,,双菱,2015-8-31,1508016K,SPT800/1.0-WVF,曳引驱动,10,10,10,800,1,2015-12-28,湖北黄冈,黄冈市春尔美节能电器有限公司（吴火）,,
黄冈市春尔美节能电器有限公司（吴中火）,1#,双菱,乘客电梯,31104211022016010037,,双菱,2015-8-31,1508017K,SPT800/1.0-WVF,曳引驱动,10,10,10,800,1,2015-12-28,湖北黄冈,黄冈市春尔美节能电器有限公司（吴火）,,
国网湖北省电力公司黄冈供电公司,1#,奥的斯 ,乘客电梯,31104211012010050003,,奥的斯 ,2009-11-2,X091027-H7-24,TKJ1000/1.0,曳引驱动,,,,1000,1,2016-3-15,中国湖北省黄冈市蕲春县,国网湖北省电力公司黄冈供电公司,,
黄冈东源大酒店有限公司,2#,双菱,杂物电梯,34304211022016020001,,双菱,2015-11-25,1511043W,SWJ200/0.4-AC,曳引驱动,4,4,4,200,0.4,2016-3-15,中国湖北省黄冈市蕲春县,黄冈东源大酒店有限公司,,
黄冈东源大酒店有限公司,1#,双菱,杂物电梯,34304211022016020002,,双菱,2015-11-25,1511044W,SWJ200/0.4-AC,曳引驱动,,,,200,0.4,2016-3-15,黄冈东源大酒店有限公司,黄冈东源大酒店有限公司,,
靓之彩服饰有限公司,1#,广东菱王电梯有限公司,杂物电梯,31204211252015100001,,广东菱王电梯有限公司,2015-4-30,15H000392,THJ2000/0.5,曳引驱动,,,,2000,0.5,2015-8-27,湖北浠水,靓之彩服饰有限公司,,
湖北李时珍蕲艾产业园有限公司,1#,湖北东洋电梯有限公司,杂物电梯,34304211262016050001,,湖北东洋电梯有限公司,2015-12-19,DY-151219115,TWJ300/0.4,曳引驱动,,,,300,0.4,2016-5-5,中国湖北省黄冈市蕲春县,湖北李时珍蕲艾产业园有限公司,,
蕲春陈为群,2#,双菱,乘客电梯,31104211262016040004,,双菱,2015-12-22,1509054G,TKJ800/1.75,曳引驱动,,,,800,1.75,2016-4-13,中国湖北省黄冈市蕲春县,蕲春陈为群,,
蕲春陈为群,1#,双菱,乘客电梯,31104211262016040005,,双菱,2015-12-22,1509055K,TKJ800/1.75,曳引驱动,12,12,12,800,1.75,2016-4-13,中国湖北省黄冈市蕲春县,蕲春陈为群,,
湖北东福春保健有限公司,1#,双菱,乘客电梯,31204211262016040001,,双菱,2016-3-2,1602001H,THJ2000/0.5,曳引驱动,2,2,2,2000,0.5,2016-4-14,中国湖北省黄冈市蕲春县,湖北东福春保健有限公司,,
蕲春县红旗宾馆,1#,双菱,乘客电梯,31104211262016040006,,双菱,2016-3-2,1602003K,TKJ400/1.75,曳引驱动,,,,400,1.75,2016-4-14,中国湖北省黄冈市蕲春县,蕲春县红旗宾馆,,
湖北湘里味道餐饮管理有限公司,3#,双菱,乘客电梯,31104211252016040003,,双菱,2016-3-2,1602009K,TKJ630/1.75,曳引驱动,,,,630,1.75,2016-4-12,中国湖北省黄冈市蕲春县,湖北湘里味道餐饮管理有限公司,,
湖北湘里味道餐饮管理有限公司,2#,双菱,乘客电梯,31104211252016040002,,双菱,2016-3-2,1602008K,TKJ630/1.75,曳引驱动,,,,630,1.75,2016-4-12,中国湖北省黄冈市蕲春县,湖北湘里味道餐饮管理有限公司,,
浠水县烟草专卖局,1#,奥的斯电梯有限公司,乘客电梯,31104211252013110001,,奥的斯电梯有限公司,2013-7-4,R2NK5010,TKJ630/1.0,曳引驱动,,,,630,1,2015-11-11,中国湖北省黄冈市蕲春县,浠水县烟草专卖局,,
蕲阳新区,05#,蒂森克虏伯（上海）有限公司,乘客电梯,31104211262016040007,,蒂森克虏伯（上海）有限公司,2012-11-27,E30018818.005,TKJ800/1.75,曳引驱动,,,,800,1.75,2016-4-13,中国湖北省黄冈市蕲春县,蕲春县国建投资有限公司,,
蕲阳新区,4#,蒂森克虏伯（上海）有限公司,乘客电梯,31104211262016040008,,蒂森克虏伯（上海）有限公司,2012-11-27,E30018818.006,TKJ800/1.75,曳引驱动,,,,800,1.75,2016-4-13,中国湖北省黄冈市蕲春县,蕲春县国建投资有限公司,,
蕲阳新区,3#,蒂森克虏伯（上海）有限公司,乘客电梯,31104211262016040009,,蒂森克虏伯（上海）有限公司,2012-11-27,TS3342197-2019,TKJ800/1.75,曳引驱动,,,,800,1.75,2016-4-13,中国湖北省黄冈市蕲春县,蕲春县国建投资有限公司,,
蕲阳新区,2#,蒂森克虏伯（上海）有限公司,乘客电梯,31104211262016040010,,蒂森克虏伯（上海）有限公司,2012-11-27,E30018818.012,TKJ800/1.75,曳引驱动,,,,800,1.75,2016-4-13,中国湖北省黄冈市蕲春县,蕲春县国建投资有限公司,,
蕲阳新区,1#,蒂森克虏伯（上海）有限公司,乘客电梯,31104211262016040011,,蒂森克虏伯（上海）有限公司,2012-11-27,E30018818.013,TKJ800/1.75,曳引驱动,,,,800,1.75,2016-4-13,中国湖北省黄冈市蕲春县,蕲春县国建投资有限公司,,
浠水县鑫源商务宾馆,1#,奥的斯 ,乘客电梯,31104211252009120004,,奥的斯 ,2009-9-14,X090818-1-192-07,TKJ1000/1.5,曳引驱动,,,,1000,1.5,2016-4-23,湖北浠水,浠水县鑫源商务宾馆,,
浠水县骨科医院,1#,双菱,乘客电梯,31104211252015120014,,双菱,2015-8-17,1507016B,SBT1600/1.0-WVF,曳引驱动,,,,1600,1,2015-12-28,湖北浠水丽文大道,浠水县骨科医院,,
浠水县宏鹏大厦,2#,双菱,乘客电梯,31104211252016030008,,双菱,2015-10-26,1510006K,TKJ630/1.0,曳引驱动,,,,630,1,2016-3-2,湖北浠水丽文大道平安巷48#,浠水县宏鹏大厦（陶源）,,
浠水县康复医院,3#,双菱,乘客电梯,31104211252016030006,,双菱,2015-11-25,1511067K,TKJ525/1.0,曳引驱动,,,,525,1,2016-3-2,湖北浠水闻一多大道166#,浠水县康复医院,,
浠水县特殊教育学校,2#,美奥电梯（苏州）有限公司,乘客电梯,31304211252014100002,,美奥电梯（苏州）有限公司,2014-8-23,M2014-0837,TKJ1000/1.0,曳引驱动,,,,1000,1,2016-3-25,湖北浠水,浠水县特殊教育学校,,
浠水如家宾馆,1#,四川沃克斯电梯有限公司,乘客电梯,31104211252015060009,,四川沃克斯电梯有限公司,2014-1-8,V13N8141,TKJ630/1.0,曳引驱动,,,,630,1,2015-11-11,湖北浠水丽文大道,浠水如家宾馆,,
湖北好又多超市,2#,双菱,乘客电梯,31204211262015120002,,双菱,2015-8-17,1507103H,SFTW2000/0.5-JXW,曳引驱动,,,,2000,0.5,2015-12-15,湖北蕲春,湖北好又多超市连锁有限公司,,
湖北好又多超市,1#,双菱,乘客电梯,31204211262015120001,,双菱,2015-8-17,1507102H,SFTW2000/0.5-JXW,曳引驱动,,,,2000,0.5,2015-12-15,湖北蕲春,湖北好又多超市连锁有限公司,,
蕲春县人民广场,1#,双菱,其它,31104211262016030011,,双菱,2014-12-18,1410058H,THJ2000/0.5,曳引驱动,2,2,2,2000,0.5,2016-3-10,湖北蕲春,蕲春县人民广场,,
中铁十一局集团武汉物业管理有限公司（蕲春棕盛广场）,4#,苏州富士精工电梯有限公司,载货电梯,32104211262015020002,,苏州富士精工电梯有限公司,2014-8-30,FJ07062,THJ2000/0.5,曳引驱动,5,5,5,2000,0.5,2016-1-30,湖北蕲春,中铁十一局集团武汉物业管理有限公司（蕲春棕盛广场）,,
中铁十一局集团武汉物业管理有限公司（蕲春棕盛广场）,3#,苏州富士精工电梯有限公司,载货电梯,32104211262015020001,,苏州富士精工电梯有限公司,2014-8-30,FJ07061,THJ2000/0.5,曳引驱动,6,6,6,2000,0.5,2016-1-30,湖北蕲春,中铁十一局集团武汉物业管理有限公司（蕲春棕盛广场）,,
中铁十一局集团武汉物业管理有限公司（蕲春棕盛广场）,6#,苏州富士精工电梯有限公司,乘客电梯,31104211262015020009,,苏州富士精工电梯有限公司,2014-8-30,FJ07065,TKJ1000/1.75,曳引驱动,9,9,9,1000,1.75,2016-1-30,湖北蕲春,中铁十一局集团武汉物业管理有限公司（蕲春棕盛广场）,,
中铁十一局集团武汉物业管理有限公司（蕲春棕盛广场）,6#,苏州富士精工电梯有限公司,乘客电梯,31104211262015020007,,苏州富士精工电梯有限公司,2014-8-30,FJ07063,TKJ1000/1.75,曳引驱动,10,10,10,1000,1.75,2016-1-30,湖北蕲春,中铁十一局集团武汉物业管理有限公司（蕲春棕盛广场）,,
中铁十一局集团武汉物业管理有限公司（蕲春棕盛广场）,6#,苏州富士精工电梯有限公司,乘客电梯,31104211262015020008,,苏州富士精工电梯有限公司,2014-8-30,FJ07064,TKJ1000/1.75,曳引驱动,9,9,9,1000,1.75,2016-1-30,中国湖北省黄冈市蕲春县,中铁十一局集团武汉物业管理有限公司（蕲春棕盛广场）,,
湖北金管家酒店管理有限公司琴海大酒店,1#,惠州富士电梯有限公司,乘客电梯,31104211262015010012,,惠州富士电梯有限公司,2014-5-7,,TKJ800/1.0,曳引驱动,,,,800,1,2016-3-24,中国湖北省黄冈市蕲春县,湖北金管家酒店管理有限公司琴海大酒店,,
蕲春新概念儿童生活馆,1#,杭州西尼电梯有限公司,乘客电梯,31104211262013090009,,杭州西尼电梯有限公司,2013-7-19,XN-KZ13-1029-1305-2550,TKJ1000/1.0,曳引驱动,,,,1000,1,2016-3-22,湖北蕲春,蕲春新概念儿童生活馆,,
蕲春大道烟草大楼,1#,奥的斯电梯有限公司,乘客电梯,31104211262015010014,,奥的斯电梯有限公司,2014-7-11,R2NM4561,TKJ800/1.6,曳引驱动,,,,800,1.6,2016-3-22,湖北蕲春,蕲春大道烟草大楼,,
蕲春县妇幼保健院,2#,上海三菱电梯有限公司,医用电梯,31704211262013080002,,上海三菱电梯有限公司,2012-9-10,120900525,TBJ1600/1.6,曳引驱动,,,,1600,1.6,2016-3-23,中国湖北省黄冈市蕲春县,蕲春县妇幼保健院,,
蕲春县妇幼保健院,3#,上海三菱电梯有限公司,乘客电梯,31104211262013080001,,上海三菱电梯有限公司,2012-9-10,120900130,TKJ800/1.6,曳引驱动,,,,800,1.6,2016-3-23,中国湖北省黄冈市蕲春县,蕲春县妇幼保健院,,
蕲春县棕盛广场新世界唱响KTV,1#,双菱,乘客电梯,31104211262015060003,,双菱,2014-11-20,1410032K,TKJ1250/1.0,曳引驱动,,,,1250,1,2015-5-7,中国湖北省黄冈市蕲春县,蕲春县棕盛广场新世界唱响KTV,,
浠水县金桥耐磨钢配件厂,1#,沈阳捷迅电梯有限公司,乘客电梯,31104211252014070001,,沈阳捷迅电梯有限公司,2013-10-11,13T-1045,TKJ800/1.0,曳引驱动,,,,800,1,2016-3-25,中国湖北省黄冈市浠水县,浠水县金桥耐磨钢配件厂,,
浠水双桂楼,1#,歌拉瑞电梯有限公司,乘客电梯,31104211252015040001,,歌拉瑞电梯有限公司,2015-2-2,G 15NE001,TKJ800/1.0,曳引驱动,,,,800,1,2016-3-25,中国湖北省黄冈市浠水县,浠水双桂楼,,
浠水县清泉镇卫生院,1#,杭州西尼电梯有限公司,乘客电梯,31704211252014030001,,杭州西尼电梯有限公司,2014-1-9,XN-BZ13-3111-1312-7487,TBJ1600/1.0,曳引驱动,,,,1600,1,2016-3-24,中国湖北省黄冈市浠水县,浠水县清泉镇卫生院,,
蕲春县住房和城乡建设局,3#,上海三菱电梯有限公司,乘客电梯,31104211262012110003,,上海三菱电梯有限公司,2012-7-1,120702860,TKJ1050/1.6,曳引驱动,,,,1050,1.6,2016-3-22,中国湖北省黄冈市蕲春县,蕲春县住房和城乡建设局,,
蕲春县住房和城乡建设局,2#,上海三菱电梯有限公司,乘客电梯,31104211262012110002,,上海三菱电梯有限公司,,120702859,TKJ1050/1.6,曳引驱动,,,,1050,1.6,2016-3-22,中国湖北省黄冈市蕲春县,蕲春县住房和城乡建设局,,
蕲春县住房和城乡建设局,1#,上海三菱电梯有限公司,乘客电梯,31104211262012110001,,上海三菱电梯有限公司,2012-7-1,120701998,TKJ800/1.6,曳引驱动,,,,800,1.6,2016-3-22,中国湖北省黄冈市蕲春县,蕲春县住房和城乡建设局,,
湖北李时珍国际医药港有限公司紫荆苑,01#,广州广日,乘客电梯,31104211262015090012,,广州广日,2014-8-8,14162333009,G.Wiz,曳引驱动,,,,1050,1.75,2015-8-25,中国湖北省黄冈市蕲春县,湖北李时珍国际医药港有限公司紫荆苑,,
湖北李时珍国际医药港有限公司紫荆苑,02#,广州广日,乘客电梯,31104211262015090015,,广州广日,2014-8-8,14162333012,G.Wiz,曳引驱动,,,,1050,1.75,2015-8-25,中国湖北省黄冈市蕲春县,湖北李时珍国际医药港有限公司紫荆苑,,
湖北李时珍国际医药港有限公司紫荆苑,01#,广州广日,乘客电梯,31104211262015090009,,广州广日,2014-8-8,14162333006,G.Wiz,曳引驱动,,,,1050,1.75,2015-8-25,中国湖北省黄冈市蕲春县,湖北李时珍国际医药港有限公司紫荆苑,,
湖北李时珍国际医药港有限公司紫荆苑,02#,广州广日,乘客电梯,31104211262015090006,,广州广日,2014-8-8,14162333003,G.Wiz,曳引驱动,,,,1050,1.75,2015-8-25,中国湖北省黄冈市蕲春县,湖北李时珍国际医药港有限公司紫荆苑,,
湖北李时珍国际医药港有限公司紫荆苑,02#,广州广日,乘客电梯,31104211262015090004,,广州广日,2014-8-8,14162333001,G.Wiz,曳引驱动,,,,1050,1.75,2015-8-25,中国湖北省黄冈市蕲春县,湖北李时珍国际医药港有限公司紫荆苑,,
湖北李时珍国际医药港有限公司紫荆苑,01#,广州广日,乘客电梯,31104211262015090005,,广州广日,2014-8-8,14162333002,G.Wiz,曳引驱动,,,,1050,1.75,2015-8-25,中国湖北省黄冈市蕲春县,湖北李时珍国际医药港有限公司紫荆苑,,
湖北李时珍国际医药港有限公司紫荆苑,01#,广州广日,乘客电梯,31104211262015090007,,广州广日,2014-8-8,14162333004,G.Wiz,曳引驱动,,,,1050,1.75,2015-8-25,中国湖北省黄冈市蕲春县,湖北李时珍国际医药港有限公司紫荆苑,,
湖北李时珍国际医药港有限公司紫荆苑,02#,广州广日,乘客电梯,31104211262015090008,,广州广日,2014-8-8,14162333005,G.Wiz,曳引驱动,,,,1050,1.75,2015-8-25,中国湖北省黄冈市蕲春县,湖北李时珍国际医药港有限公司紫荆苑,,
湖北李时珍国际医药港有限公司紫荆苑,01#,广州广日,乘客电梯,31104211262015090010,,广州广日,2014-8-8,14162333007,G.Wiz,曳引驱动,,,,1050,1.75,2015-8-25,中国湖北省黄冈市蕲春县,湖北李时珍国际医药港有限公司紫荆苑,,
湖北李时珍国际医药港有限公司紫荆苑,02#,广州广日,乘客电梯,31104211262015090011,,广州广日,2014-8-8,14162333008,G.Wiz,曳引驱动,,,,1050,1.75,2015-8-25,中国湖北省黄冈市蕲春县,湖北李时珍国际医药港有限公司紫荆苑,,
湖北李时珍国际医药港有限公司紫荆苑,02#,广州广日,乘客电梯,31104200262015090013,,广州广日,2014-8-8,14162333010,G.Wiz,曳引驱动,,,,1050,1.75,2015-8-25,中国湖北省黄冈市蕲春县,湖北李时珍国际医药港有限公司紫荆苑,,
湖北李时珍国际医药港有限公司紫荆苑,01#,广州广日,乘客电梯,31104200262015090014,,广州广日,2014-8-8,14162333011,G.Wiz,曳引驱动,,,,1050,1.75,2014-8-8,中国湖北省黄冈市蕲春县,湖北李时珍国际医药港有限公司紫荆苑,,
（刘河锦绣新城）,1,上海长江斯迈普电梯有限公司,乘客电梯,31104211262015120003,,上海长江斯迈普电梯有限公司,2015-4-10,D15-0318-01,3-MAPG6,曳引驱动,,,,800,1.5,2015-12-9,中国湖北省黄冈市蕲春县,湖北德茂兴置业有限公司（锦绣新城）,,
（刘河锦绣新城）,02#,上海长江斯迈普电梯有限公司,乘客电梯,31104211262015120004,,上海长江斯迈普电梯有限公司,2015-4-10,D15-0318-02,3-MAPG6,曳引驱动,,,,800,1.5,2015-12-9,中国湖北省黄冈市蕲春县,湖北德茂兴置业有限公司（锦绣新城）,,
（刘河锦绣新城）,01#,上海长江斯迈普电梯有限公司,乘客电梯,31104211262015120006,,上海长江斯迈普电梯有限公司,2015-4-10,D15-0318-04,3-MAPG6,曳引驱动,17,17,17,800,1.5,2015-12-9,中国湖北省黄冈市蕲春县,湖北德茂兴置业有限公司（锦绣新城）,,
（刘河锦绣新城）,01#,上海长江斯迈普电梯有限公司,乘客电梯,31104211262015120005,,上海长江斯迈普电梯有限公司,2015-4-10,D15-0318-03,3-MAPG6,曳引驱动,,,,800,1.5,2015-12-9,中国湖北省黄冈市蕲春县,湖北德茂兴置业有限公司（锦绣新城）,,
蕲春县交通警察大队,02#,东莞市长城电梯有限公司,乘客电梯,31104211262010020003,,东莞市长城电梯有限公司,2012-8-12,9112901,ＴＫＧ１０００／１．５,曳引驱动,,,,1000,1.5,2012-8-12,中国湖北省黄冈市蕲春县,蕲春县交通警察大队,,
湖北丽都房地产有限公司,2,歌拉瑞电梯有限公司,乘客电梯,31104211212016020001,,歌拉瑞电梯有限公司,2014-9-18,G14NG040,GEP,曳引驱动,,,,1000,1.75,2016-1-24,中国湖北省黄冈市蕲春县,湖北丽都房地产有限公司,,
湖北丽都房地产有限公司,02#,歌拉瑞电梯有限公司,乘客电梯,31104211212016020002,,歌拉瑞电梯有限公司,2014-9-18,G14NG036,GEP,曳引驱动,,,,800,1.75,2016-1-24,中国湖北省黄冈市蕲春县,湖北丽都房地产有限公司,,
湖北丽都房地产有限公司,02#,歌拉瑞电梯有限公司,乘客电梯,31104211212016020003,,歌拉瑞电梯有限公司,2014-9-18,G14NG039,GEP,曳引驱动,,,,1000,1.75,2016-1-24,中国湖北省黄冈市蕲春县,湖北丽都房地产有限公司,,
湖北丽都房地产有限公司,2,歌拉瑞电梯有限公司,乘客电梯,31104211212016020004,,歌拉瑞电梯有限公司,2014-9-18,G14NG035,GEP,曳引驱动,,,,800,1.75,2016-1-24,中国湖北省黄冈市蕲春县,湖北丽都房地产有限公司,,
湖北丽都房地产有限公司,01#,歌拉瑞电梯有限公司,乘客电梯,31104211212016020005,,歌拉瑞电梯有限公司,2014-9-18,G14NG034,GEP,曳引驱动,,,,800,1.75,2016-1-24,中国湖北省黄冈市蕲春县,湖北丽都房地产有限公司,,
湖北丽都房地产有限公司,01#,歌拉瑞电梯有限公司,乘客电梯,31104211212016020006,,歌拉瑞电梯有限公司,2014-9-18,G14NG038,GEP,曳引驱动,,,,1000,1.75,2016-1-24,中国湖北省黄冈市蕲春县,湖北丽都房地产有限公司,,
湖北丽都房地产有限公司,02#,歌拉瑞电梯有限公司,乘客电梯,31104211212016020007,,歌拉瑞电梯有限公司,2014-7-23,G14NG037,GEP,曳引驱动,,,,800,1.75,2016-1-24,中国湖北省黄冈市蕲春县,湖北丽都房地产有限公司,,
湖北丽都房地产有限公司,01#,歌拉瑞电梯有限公司,乘客电梯,31104211212016020008,,歌拉瑞电梯有限公司,2014-7-23,G14NG043,GEP,曳引驱动,,,,1000,1.75,2016-1-24,湖北丽都房地产有限公司,湖北丽都房地产有限公司,,
湖北丽都房地产有限公司,2,歌拉瑞电梯有限公司,乘客电梯,31104211212016020009,,歌拉瑞电梯有限公司,2014-7-23,G14NG042,GEP,曳引驱动,,,,800,1.75,2016-1-24,中国湖北省黄冈市蕲春县,湖北丽都房地产有限公司,,
湖北丽都房地产有限公司,2,歌拉瑞电梯有限公司,乘客电梯,31104211212016020010,,歌拉瑞电梯有限公司,2014-7-23,G14NG041,GEP,曳引驱动,,,,1000,1.75,2016-1-24,中国湖北省黄冈市蕲春县,湖北丽都房地产有限公司,,
蕲春县交通运输局,1,华升富士达电梯有限公司,乘客电梯,31104211262013050010,,华升富士达电梯有限公司,2012-12-30,GEG1424,TKJ 800/1.5,曳引驱动,,,,800,1.5,2015-10-14,中国湖北省黄冈市蕲春县,蕲春县交通运输局,,
蕲春县交通运输局,01#,华升富士达电梯有限公司,乘客电梯,31104211262013050009,,华升富士达电梯有限公司,2012-12-30,GEG1423,TKJ800/1.5,曳引驱动,,,,800,1.5,2015-10-14,中国湖北省黄冈市蕲春县,蕲春县交通运输局,,
蕲春县人民政府办公室（会展中心）,05#,苏州帝奥电梯有限公司,乘客电梯,31104211262011070001,,苏州帝奥电梯有限公司,2011-6-16,D2011-075,TkJ 1350/1.0,曳引驱动,,,,1350,1,2015-10-26,中国湖北省黄冈市蕲春县,蕲春县人民政府办公室（会展中心）,,
湖北福迪城乡建设投资有限公司,02#,双菱,乘客电梯,33104211262016020005,,双菱,2015-12-11,1511101F,SLF35-800,曳引驱动,,,,800,0.5,2016-1-28,中国湖北省黄冈市蕲春县,湖北福田迪城乡建设投资有限公司,,
湖北福迪城乡建设投资有限公司,2,双菱,乘客电梯,33104211262016020001,,双菱,2015-12-11,1511097K,SLF35-800,曳引驱动,,,,800,0.5,2016-1-28,中国湖北省黄冈市蕲春县,湖北福田迪城乡建设投资有限公司,,
蕲春县蕲州百货大楼,1,双菱,乘客电梯,31104211262015070016,,双菱,,1411035G,TKJ1000/1.0,曳引驱动,,,,1000,1,2015-5-28,中国湖北省黄冈市蕲春县,蕲州县蕲州百货大楼,,
蕲春县人民医院,1,广州广日,乘客电梯,31104211262015080026,,广州广日,,15070934002,MAX-O,曳引驱动,,,,1600,1.75,2015-8-21,中国湖北省黄冈市蕲春县,蕲春县人民医院,,
蕲春县人民医院,1,广州广日,乘客电梯,31104211262015080025,,广州广日,,15070934001,MAX-O,曳引驱动,,,,1600,1.75,2015-8-21,中国湖北省黄冈市蕲春县,蕲春县人民医院,,
天辰商务宾馆,1,双菱,乘客电梯,31104211262015090003,,双菱,,1506130K,SPT800/1.5-WVF,曳引驱动,,,,800,1.5,2015-8-25,中国湖北省黄冈市蕲春县,天辰商务宾馆,,
蕲州湖景广场,2,双菱,乘客电梯,31104211262016010006,,双菱,,1507036K,SPT1000/1.75-WVF,曳引驱动,,,,1000,1.75,2016-1-15,中国湖北省黄冈市蕲春县,蕲春金翔物业管理有限公司,,
蕲州湖景广场,2,双菱,乘客电梯,31104211262016010007,,双菱,,1507037K,SPT1000/1.75-WVF,曳引驱动,,,,1000,1.75,2016-1-15,中国湖北省黄冈市蕲春县,蕲春金翔物业管理有限公司,,
蕲州湖景广场,1,双菱,乘客电梯,31104211262016010008,,双菱,,1507038K,SPT1000/1.75-WVF,曳引驱动,,,,1000,1.75,2016-1-15,中国湖北省黄冈市蕲春县,蕲春金翔物业管理有限公司,,
蕲州湖景广场,2,双菱,乘客电梯,31104211262016010009,,双菱,,1507039K,SPT1000/1.75-WVF,曳引驱动,,,,1000,1.75,2016-1-15,中国湖北省黄冈市蕲春县,蕲春金翔物业管理有限公司,,
蕲州湖景广场,1,双菱,乘客电梯,31104211262016010010,,双菱,,1507040K,SPT1250/1.75-WVF,曳引驱动,,,,1250,1075,2015-12-9,中国湖北省黄冈市蕲春县,蕲春金翔物业管理有限公司,,
武穴市黑猫尚品西餐厅,1,双菱,乘客电梯,3104211822015080002,,双菱,,1505087K,SPT400/0.4-WVF,曳引驱动,,,,400,0.4,2015-8-5,中国湖北省黄冈市蕲春县,武穴市黑猫尚品西餐厅,,
蕲春县和平饭店,2,双菱,乘客电梯,31104211262014010007,,双菱,,131001K,TKJ630/1.0,曳引驱动,,,,630,1,2015-4-1,中国湖北省黄冈市蕲春县,蕲春和平饭店,,
蕲春龙廷大酒店,2,东莞市三洋电梯有限公司,乘客电梯,310421126201106000,,东莞市三洋电梯有限公司,,A.2010.12.085,TKJ1000/1.5,曳引驱动,,,,1000,1.5,2015-6-2,中国湖北省黄冈市蕲春县,蕲春龙廷大酒店,,
蕲春县龙源商务大酒店,2#,苏州帝奥电梯有限公司,乘客电梯,31104211262012060004,,苏州帝奥电梯有限公司,2012-3-7,D2012-062,TKJ1000/1.75,曳引驱动,,,,1000,1.75,2015-12-3,中国湖北省黄冈市蕲春县,蕲春县龙源商务大酒店,,
蕲春县东昌汽运有限公司,1,双菱,乘客电梯,31104211262015110018,,双菱,2014-11-25,1411032G,SGT1250/1.75-WVF,曳引驱动,,,,1250,1.75,2015-9-11,蕲春县东昌汽车运输有限公司,蕲春县东昌汽车运输有限公司,,
蕲春县妇幼保健院,2,上海三菱电梯有限公司,乘客电梯,31704211262013080001,,上海三菱电梯有限公司,,,TBJ1600/1.6,曳引驱动,,,,,1.6,2015-4-1,蕲春县妇幼保健院,蕲春县妇幼保健院,,
蕲春县东昌汽运有限公司,1#,双菱,乘客电梯,31104211262015110019,,双菱,2015-11-25,,SGT1250/1.75-WVF,曳引驱动,,,,1250,1.75,2015-9-17,中国湖北省黄冈市蕲春县,蕲春县东昌汽车运输有限公司,,
登贵园,#,双菱,乘客电梯,31104211262013100009,,双菱,2013-6-1,1306044K,TKJ800/1.0,曳引驱动,,,,800,1,2014-12-17,中国湖北省黄冈市蕲春县,蕲春县登贵园建设发展有限公司,,
万豪郦晶,#,奥的斯 ,乘客电梯,31104211262012010007,,奥的斯 ,2011-10-13,,TKJ800/1.75,曳引驱动,,,,800,1.75,2013-5-21,中国湖北省黄冈市蕲春县,湖北君安物业服务有限公司,,
蕲河金岸,6号楼,通力,乘客电梯,31104211262015010002,,通力,2014-7-15,36812127,TKJ1000/1.75,曳引驱动,,,,1000,1.75,2015-1-5,中国湖北省黄冈市蕲春县,蕲春富地置业有限公司,,
蕲河金岸,6号楼,通力,乘客电梯,31104211262015010001,,通力,2014-7-15,36812125,TKJ800/1.75,曳引驱动,,,,800,1.75,2015-1-5,中国湖北省黄冈市蕲春县,蕲春富地置业有限公司,,
蕲河金岸,7号楼,通力,乘客电梯,31104211262015010003,,通力,2014-7-5,36812126,TKJ800/1.75,曳引驱动,,,,800,1.75,2015-1-5,中国湖北省黄冈市蕲春县,蕲春富地置业有限公司,,
蕲河金岸,7号楼,通力,乘客电梯,31104211262015010004,,通力,2014-7-15,36812128,TKJ1000/1.75,曳引驱动,,,,1000,1.75,2015-1-5,中国湖北省黄冈市蕲春县,蕲春富地置业有限公司,,
蕲河金岸,8号楼,通力,乘客电梯,31104211262015010005,,通力,2014-7-15,36812129,TKJ800/1.75,曳引驱动,,,,800,1.75,2015-1-5,中国湖北省黄冈市蕲春县,蕲春富地置业有限公司,,
蕲河金岸,8号楼,通力,乘客电梯,31104211262015010006,,通力,2014-7-15,36812131,TKJ1000/1.75,曳引驱动,,,,1000,1.75,2015-1-5,中国湖北省黄冈市蕲春县,蕲春富地置业有限公司,,
蕲河金岸,9号楼,通力,乘客电梯,31104211262015010008,,通力,2014-7-15,36812132,TKJ1000/1.75,曳引驱动,,,,1000,1.75,2015-1-5,中国湖北省黄冈市蕲春县,蕲春富地置业有限公司,,
蕲河金岸,9号楼,通力,乘客电梯,31104211262015010007,,通力,2014-7-15,36812130,TKJ800/1.75,曳引驱动,,,,800,1.75,2015-1-5,中国湖北省黄冈市蕲春县,蕲春富地置业有限公司,,
万豪公馆,10-1-1#,浙江欧姆龙电梯有限公司,乘客电梯,31104211262013070005,,浙江欧姆龙电梯有限公司,,,TKJ800/1.75,曳引驱动,,,,800,1.75,2015-6-1,中国湖北省黄冈市蕲春县,湖北君安物业服务有限公司（万豪公馆）,,
万豪公馆,11-2-1#,浙江欧姆龙电梯有限公司,乘客电梯,31104211262013070009,,浙江欧姆龙电梯有限公司,,,TKJ800/1.75,曳引驱动,,,,800,1.75,2015-6-1,中国湖北省黄冈市蕲春县,湖北君安物业服务有限公司（万豪公馆）,,
万豪公馆,11-1-2#,浙江欧姆龙电梯有限公司,乘客电梯,31104211262013070003,,浙江欧姆龙电梯有限公司,,,TKJ800/1.75,曳引驱动,,,,800,1.75,2015-6-1,中国湖北省黄冈市蕲春县,湖北君安物业服务有限公司（万豪公馆）,,
万豪公馆,9-2-2#,浙江欧姆龙电梯有限公司,乘客电梯,31104211262013070004,,浙江欧姆龙电梯有限公司,,,TKJ800/1.75,曳引驱动,,,,800,1.75,2015-6-1,中国湖北省黄冈市蕲春县,湖北君安物业服务有限公司（万豪公馆）,,
万豪公馆,11-1-1#,浙江欧姆龙电梯有限公司,乘客电梯,31104211262013070007,,浙江欧姆龙电梯有限公司,,,TKJ800/1.75,曳引驱动,,,,800,1.75,2015-6-1,中国湖北省黄冈市蕲春县,湖北君安物业服务有限公司（万豪公馆）,,
万豪公馆,9-1-1#,浙江欧姆龙电梯有限公司,乘客电梯,31104211262013070002,,浙江欧姆龙电梯有限公司,,,TKJ800/1.75,曳引驱动,,,,800,1.75,2015-6-1,中国湖北省黄冈市蕲春县,湖北君安物业服务有限公司（万豪公馆）,,
万豪公馆,9-2-1#,浙江欧姆龙电梯有限公司,乘客电梯,31104211262013070001,,浙江欧姆龙电梯有限公司,,,TKJ800/1.75,曳引驱动,,,,800,1.75,2015-6-1,中国湖北省黄冈市蕲春县,湖北君安物业服务有限公司（万豪公馆）,,
万豪公馆,9-1-2#,浙江欧姆龙电梯有限公司,乘客电梯,31104211262013070008,,浙江欧姆龙电梯有限公司,,,TKJ800/1.75,曳引驱动,,,,800,1.75,2015-6-1,中国湖北省黄冈市蕲春县,湖北君安物业服务有限公司（万豪公馆）,,
万豪公馆,11-2-2#,浙江欧姆龙电梯有限公司,乘客电梯,31104211262013070010,,浙江欧姆龙电梯有限公司,,,TKJ800/1.75,曳引驱动,,,,,1.75,2015-6-1,中国湖北省黄冈市蕲春县,湖北君安物业服务有限公司（万豪公馆）,,
万豪公馆,10-1-2#,浙江欧姆龙电梯有限公司,乘客电梯,31104211262013070006,,浙江欧姆龙电梯有限公司,,,TKJ800/1.75,曳引驱动,,,,800,1.75,2015-6-1,中国湖北省黄冈市蕲春县,湖北君安物业服务有限公司（万豪公馆）,,
罗田司法局,办公楼,蒂森克虏伯（上海）有限公司,乘客电梯,31104211232015110018,,蒂森克虏伯（上海）有限公司,,,TKG1000/1.75,曳引驱动,,,,,1.75,2015-11-9,罗田县,罗田司法局,,
城市之星,齐昌大道,通力,乘客电梯,31104211262014010015,,通力,2013-9-30,36753759,TKJ800/1.60,曳引驱动,16,16,16,800,1.6,2015-6-2,中国湖北省黄冈市蕲春县,蕲春百瑞锦置业有限公司,,
城市之星,齐昌大道,通力,乘客电梯,31104211262014010016,,通力,2013-9-30,36753760,TKJ800/1.60,曳引驱动,15,15,15,800,1.6,2015-6-2,中国湖北省黄冈市蕲春县,蕲春百瑞锦置业有限公司,,
湖北赛尚服饰集团有限公司,赛尚工厂,双菱,乘客电梯,32104211262012080001,,双菱,2012-5-28,,THJ1500/0.5,曳引驱动,,,,1500,0.5,2015-6-3,中国湖北省黄冈市蕲春县,湖北赛尚服饰集团有限公司,,
武龙广场,,苏州帝奥电梯有限公司,乘客电梯,31104211842013110002,,苏州帝奥电梯有限公司,,D2012-1741,TKJ800/1.75,曳引驱动,17,17,17,800,1.75,2013-9-19,武穴市武龙广场二单元,湖北武龙置业有限公司,,
万豪郦晶,5-3#,奥的斯 ,乘客电梯,31104211262012010015,,奥的斯 ,2011-8-16,2011082223,TKJ800/1.75,曳引驱动,19,19,19,800,1.75,2014-5-21,中国湖北省黄冈市蕲春县,湖北君安物业服务有限公司,,
万豪郦晶,5-4#,奥的斯 ,乘客电梯,31104211262012010016,,奥的斯 ,2011-10-13,2011082224,TKJ800/1.75,曳引驱动,18,18,18,800,1.75,2014-5-21,中国湖北省黄冈市蕲春县,湖北君安物业服务有限公司,,
万豪郦晶,4-6#,奥的斯 ,乘客电梯,31104211262012010014,,奥的斯 ,2011-8-16,2011082221,TKJ800/1.75,曳引驱动,19,19,19,800,1.75,2014-5-21,中国湖北省黄冈市蕲春县,湖北君安物业服务有限公司,,
万豪郦晶,5-1#,奥的斯 ,乘客电梯,31104211262012010013,,奥的斯 ,2011-10-13,2011082222,TKJ800/1.75,曳引驱动,18,18,18,800,1.75,2014-5-21,中国湖北省黄冈市蕲春县,湖北君安物业服务有限公司,,
万豪郦晶,4-6#,奥的斯 ,乘客电梯,31104211262012010012,,奥的斯 ,2011-10-13,2011082217,TKJ800/1.75,曳引驱动,19,19,19,800,1.75,2014-5-21,中国湖北省黄冈市蕲春县,湖北君安物业服务有限公司,,
万豪郦晶,4-4#,奥的斯 ,乘客电梯,31104211262012010010,,奥的斯 ,2011-10-13,2011101424,TKJ800/1.75,曳引驱动,19,19,19,800,1.75,2014-5-21,中国湖北省黄冈市蕲春县,湖北君安物业服务有限公司,,
万豪郦晶,4-3#,奥的斯 ,乘客电梯,31104211262012010009,,奥的斯 ,2011-10-13,2011101423,TKJ800/1.75,曳引驱动,19,19,19,800,1.75,2014-5-21,中国湖北省黄冈市蕲春县,湖北君安物业服务有限公司,,
万豪郦晶,4-2#,奥的斯 ,乘客电梯,31104211262012010008,,奥的斯 ,2011-10-13,201101426,TKJ800/1.75,曳引驱动,19,19,19,800,1.75,2014-5-21,中国湖北省黄冈市蕲春县,湖北君安物业服务有限公司,,
万豪郦晶,4-5#,奥的斯 ,乘客电梯,31104211262012010011,,奥的斯 ,2011-10-13,2011082218,TKJ800/1.75,曳引驱动,18,18,18,800,1.75,2014-5-21,中国湖北省黄冈市蕲春县,湖北君安物业服务有限公司,,
万豪郦晶,3-2#,奥的斯 ,乘客电梯,31104211262012010006,,奥的斯 ,2011-10-13,2011082219,TKJ800/1.75,曳引驱动,19,19,19,800,1.75,2014-5-21,中国湖北省黄冈市蕲春县,湖北君安物业服务有限公司,,
万豪郦晶,3-1#,奥的斯 ,乘客电梯,31104211262012010005,,奥的斯 ,2011-10-13,201108220,TKJ800/1.75,曳引驱动,18,18,18,800,1.75,2014-5-21,中国湖北省黄冈市蕲春县,湖北君安物业服务有限公司,,
万豪郦晶,2-2#,奥的斯 ,乘客电梯,31104211262012010004,,奥的斯 ,2011-10-13,2011101427,TKJ800/1.75,曳引驱动,19,19,19,800,1.75,2014-5-21,中国湖北省黄冈市蕲春县,湖北君安物业服务有限公司,,
万豪郦晶,2-1#,奥的斯 ,乘客电梯,31104211262012010003,,奥的斯 ,2011-10-13,2011101428,TKJ800/1.75,曳引驱动,18,18,18,800,1.75,2014-5-21,中国湖北省黄冈市蕲春县,湖北君安物业服务有限公司,,
万豪郦晶,1-2#,奥的斯 ,乘客电梯,31104211262012010002,,奥的斯 ,2011-10-13,2011101421,TKJ800/1.75,曳引驱动,18,18,18,800,1.75,2014-5-21,中国湖北省黄冈市蕲春县,湖北君安物业服务有限公司,,
万豪郦晶,1-1#,奥的斯 ,乘客电梯,31104211262012010001,,奥的斯 ,2011-10-13,2011101422,TKJ800/1.75,曳引驱动,19,19,19,800,1.75,2014-5-21,中国湖北省黄冈市蕲春县,湖北君安物业服务有限公司,,
登贵园,漕河镇登贵园3栋11号楼,双菱,乘客电梯,31104211262013100002,,双菱,2013-6-1,1306050K,TKJ800/1.0,曳引驱动,8,8,8,800,1,2014-12-17,中国湖北省黄冈市蕲春县,蕲春县登贵园建设发展有限公司,,
登贵园,漕河镇登贵园5栋17号楼,双菱,乘客电梯,31104211262013100005,,双菱,2013-6-1,1306045K,TKJ800/1.0,曳引驱动,8,8,8,800,1,2014-12-17,中国湖北省黄冈市蕲春县,蕲春县登贵园建设发展有限公司,,
登贵园,漕河镇5号楼,双菱,乘客电梯,31104211262013100006,,双菱,2013-6-1,1306043K,TKJ800/1.0,曳引驱动,8,8,8,800,1,2014-12-17,中国湖北省黄冈市蕲春县,蕲春县登贵园建设发展有限公司,,
登贵园,漕河镇登贵园4栋15号楼,双菱,乘客电梯,31104211262013100001,,双菱,2013-6-1,1306047K,TKJ800/1.0,曳引驱动,8,8,8,800,1,2014-12-17,中国湖北省黄冈市蕲春县,蕲春县登贵园建设发展有限公司,,
登贵园,漕河镇登贵园4栋13号楼,双菱,乘客电梯,31104211262013100007,,双菱,2013-6-1,1306048K,TKJ800/1.0,曳引驱动,8,8,8,800,1,2014-12-17,中国湖北省黄冈市蕲春县,蕲春县登贵园建设发展有限公司,,
登贵园,漕河镇登贵园4栋12号楼,双菱,乘客电梯,31104211262013100008,,双菱,2013-6-1,1306049K,TKJ800/1.0,曳引驱动,8,8,8,800,1,2014-12-17,中国湖北省黄冈市蕲春县,蕲春县登贵园建设发展有限公司,,
登贵园,漕河镇登贵园3栋10号楼,双菱,乘客电梯,31104211262013100003,,双菱,2013-6-1,1306051K,TKJ800/1.0,曳引驱动,8,8,8,800,1,2014-12-17,中国湖北省黄冈市蕲春县,蕲春县登贵园建设发展有限公司,,
黄晶府大酒店,漕河镇齐昌大道31号,东莞市三洋电梯有限公司,乘客电梯,31104211262010120001,,东莞市三洋电梯有限公司,2010-8-2,A2010-07-054,TKJ1000/1.0,曳引驱动,5,5,5,1000,1,2014-5-22,中国湖北省黄冈市蕲春县,蕲春县黄晶府大酒店,,
黄晶府大酒店,2#,湖北东洋电梯有限公司,杂物电梯,34004211262011080001,,湖北东洋电梯有限公司,2010-12-14,DY-101214196,TWJ100/0.4,曳引驱动,2,2,2,100,0.4,2014-5-22,中国湖北省黄冈市蕲春县,蕲春县黄晶府大酒店,,
蕲春建材装饰城,李时珍大道2号,康力电梯股份有限公司,乘客电梯,35004211262011080002,,康力电梯股份有限公司,2011-5-1,10017220-0020,KLF,曳引驱动,,,,,0.5,2014-5-21,中国湖北省黄冈市蕲春县,湖北君安物业服务有限公司,,
八斗地还建小区,八斗地还建小区4号楼2单元,康力电梯股份有限公司,乘客电梯,31104211262014120005,,康力电梯股份有限公司,2014-7-30,10025439-00270,TKJ800/1.75,曳引驱动,17,17,17,800,1.75,2014-12-17,中国湖北省黄冈市蕲春县,蕲春县国建投资有限公司,,
八斗地还建小区,八斗地还建小区5号楼2单元,康力电梯股份有限公司,乘客电梯,31104211262014120008,,康力电梯股份有限公司,2014-7-30,10025439-00250,TKJ800/1.75,曳引驱动,17,17,17,800,1.75,2014-12-17,中国湖北省黄冈市蕲春县,蕲春县国建投资有限公司,,
八斗地还建小区,八斗地还建小区5号楼1单元,康力电梯股份有限公司,乘客电梯,31104211262014120007,,康力电梯股份有限公司,2014-7-30,10025439-00190,TKJ800/1.75,曳引驱动,17,17,17,800,1.75,2014-12-17,中国湖北省黄冈市蕲春县,蕲春县国建投资有限公司,,
八斗地还建小区,八斗地还建小区5号楼2单元,康力电梯股份有限公司,乘客电梯,31104211262014120009,,康力电梯股份有限公司,2014-7-30,10025439-00240,TKJ800/1.75,曳引驱动,17,17,17,800,1.75,2014-12-17,中国湖北省黄冈市蕲春县,蕲春县国建投资有限公司,,
八斗地还建小区,八斗地还建小区6号楼1单元,康力电梯股份有限公司,乘客电梯,31104211262014120010,,康力电梯股份有限公司,2014-7-30,10025439-00210,TKJ800/1.75,曳引驱动,17,17,17,800,1.75,2014-12-17,中国湖北省黄冈市蕲春县,蕲春县国建投资有限公司,,
八斗地还建小区,八斗地还建小区5号楼1单元,康力电梯股份有限公司,乘客电梯,31104211262014120006,,康力电梯股份有限公司,2014-7-30,10025439-00200,TKJ800/1.75,曳引驱动,17,17,17,800,1.75,2014-12-17,中国湖北省黄冈市蕲春县,蕲春县国建投资有限公司,,
八斗地还建小区,八斗地还建小区6号楼1单元,康力电梯股份有限公司,乘客电梯,31104211262014120011,,康力电梯股份有限公司,2014-7-30,10025439-00150,TKJ800/1.75,曳引驱动,17,17,17,800,1.75,2014-12-17,中国湖北省黄冈市蕲春县,蕲春县国建投资有限公司,,
八斗地还建小区,八斗地还建小区6号楼2单元,康力电梯股份有限公司,乘客电梯,31104211262014120013,,康力电梯股份有限公司,2014-7-30,10025439-00170,TKJ800/1.75,曳引驱动,17,17,17,800,1.75,2014-12-17,中国湖北省黄冈市蕲春县,蕲春县国建投资有限公司,,
八斗地还建小区,八斗地还建小区4号楼1单元,康力电梯股份有限公司,乘客电梯,31104211262014120002,,康力电梯股份有限公司,2014-7-30,10025439-00230,TKJ800/1.75,曳引驱动,17,17,17,800,1.75,2014-12-17,湖北省黄冈市蕲春县漕河镇八斗地村委会,蕲春县国建投资有限公司,,
八斗地还建小区,八斗地还建小区6号楼3单元,康力电梯股份有限公司,乘客电梯,31104211262014120015,,康力电梯股份有限公司,2014-7-30,10025439-00160,TKJ800/1.75,曳引驱动,17,17,17,800,1.75,2014-12-17,中国湖北省黄冈市蕲春县,蕲春县国建投资有限公司,,
八斗地还建小区,八斗地还建小4号楼2单元,康力电梯股份有限公司,乘客电梯,31104211262014120004,,康力电梯股份有限公司,2014-7-30,10025439-00280,TKJ800/1.75,曳引驱动,17,17,17,800,1.75,2014-12-17,中国湖北省黄冈市蕲春县,蕲春县国建投资有限公司,,
八斗地还建小区,八斗地还建小区4号楼1单元,康力电梯股份有限公司,乘客电梯,31104211262014120003,,康力电梯股份有限公司,2014-7-30,10025439-00260,TKJ800/1.75,曳引驱动,17,17,17,800,1.75,2014-12-17,中国湖北省黄冈市蕲春县,蕲春县国建投资有限公司,,
八斗地还建小区,八斗地还建小区6号楼2单元,康力电梯股份有限公司,乘客电梯,31104211262014120012,,康力电梯股份有限公司,2014-7-30,10025439-00220,TKJ800/1.75,曳引驱动,17,17,17,800,1.75,2014-7-30,中国湖北省黄冈市蕲春县,蕲春县国建投资有限公司,,
八斗地还建小区,八斗地还建小区6号楼3单元,康力电梯股份有限公司,乘客电梯,31104211262014120014,,康力电梯股份有限公司,2014-7-30,10025439-00180,TKJ800/1.75,曳引驱动,,,,,1.75,2014-12-17,中国湖北省黄冈市蕲春县,蕲春县国建投资有限公司,,
蓝波湾宾馆,蓝波湾宾馆,东莞市三洋电梯有限公司,乘客电梯,31104211262012060001,,东莞市三洋电梯有限公司,,,TKJ800/1.0,曳引驱动,6,6,6,,1,2012-6-14,中国湖北省黄冈市蕲春县,蕲春县蓝波湾宾馆,,
大上海商务会所,蕲春大上海商务会所,双菱,乘客电梯,31104211262014060001,,双菱,2014-5-6,1403099K,TKJ630/1.0,曳引驱动,6,6,6,630,1,2014-5-28,中国湖北省黄冈市蕲春县,大上海商务会所,,
鸿海宾馆,1#,东莞市三洋电梯有限公司,乘客电梯,31104211262013020001,,东莞市三洋电梯有限公司,2012-11-1,A2012.10.022,TKJ800/1.0,曳引驱动,6,6,6,800,1,2014-5-20,中国湖北省黄冈市蕲春县,蕲春县鸿海宾馆,,
蕲春县计生局,蕲春县齐昌大道256号,永大电梯设备（中国）有限公司,乘客电梯,31704211262014030003,,永大电梯设备（中国）有限公司,2014-1-13,1.5,TBJ1600/1.5,曳引驱动,7,7,7,1600,1.5,2015-6-2,中国湖北省黄冈市蕲春县,蕲春县计生局,,
蕲春县国家税务局,蕲春县国家税务局综合楼,上海三菱电梯有限公司,乘客电梯,31104211262008050001,,上海三菱电梯有限公司,2008-3-6,803004936,TKJ800/1.0,曳引驱动,10,10,10,800,1,2014-8-27,中国湖北省黄冈市蕲春县,蕲春县国家税务局,,
佳合物流,蕲春县,东莞市东升电梯有限公司,乘客电梯,32104211262013020001,,东莞市东升电梯有限公司,,T20120402A,THJ2000/0.5,曳引驱动,3,3,3,2000,0.5,2013-2-5,中国湖北省黄冈市蕲春县,蕲春县佳合物流有限公司,,
龙全大酒店,蕲春县,三菱电机,乘客电梯,31104211262010020002,,三菱电机,,E-OX-95801,TKJ1050/1.6,曳引驱动,7,7,7,1050,1.6,2010-2-3,中国湖北省黄冈市蕲春县,蕲春县龙全大酒店有限公司,,
龙源商务大酒店,蕲春县龙源商务酒店,苏州帝奥电梯有限公司,乘客电梯,31104211262012060003,,苏州帝奥电梯有限公司,,D2012-063,TKJ1000/1.75,曳引驱动,13,13,13,1000,1.75,2012-6-13,中国湖北省黄冈市蕲春县,蕲春县龙源商务大酒店,,
中国农业银行黄冈市浠水县分行,1#,华升富士达电梯有限公司,乘客电梯,31104211252011120001,,华升富士达电梯有限公司,,GLB2676,TKJ630/1.5,曳引驱动,9,9,9,630,1.5,2015-5-21,中国湖北省黄冈市浠水县农业银行,中国农业银行黄冈市浠水县分行,,
民生广场,民生广场,华升富士达电梯有限公司,乘客电梯,31104211262014050001,,华升富士达电梯有限公司,2013-10-10,TS3342491-2017,TKJ1200/1.75,曳引驱动,17,17,17,1200,1.75,2014-5-7,中国湖北省黄冈市蕲春县,湖北民生广场商务有限公司,,
蕲阳新区,漕河镇体育路12号A栋,蒂森克虏伯（上海）有限公司,乘客电梯,31104211262013070011,,蒂森克虏伯（上海）有限公司,2012-11-27,E/30018818.010,TKG800/1.75,曳引驱动,11,11,11,800,1.75,2013-7-11,中国湖北省黄冈市蕲春县,蕲春县国建投资有限公司,,
城市花园,10-1#,惠州富士电梯有限公司,乘客电梯,31104211262012050006,,惠州富士电梯有限公司,2011-10-10,110590,TKJ800/1.75,曳引驱动,18,18,18,800,1.75,2015-10-13,中国湖北省黄冈市蕲春县,蕲春县恒泰物业服务有限公司,,
蕲阳新区,漕河镇体育路12号A4栋一单元,武汉市新乾电梯有限公司,乘客电梯,31104211262014010009,,武汉市新乾电梯有限公司,2012-11-27,E/30018818.002,TKJ8008/1.75,曳引驱动,11,11,11,800,1.75,2014-1-8,中国湖北省黄冈市蕲春县,蕲春县国建投资有限公司,,
蕲阳新区,漕河镇体育路12号A4栋二单元L1号,武汉市新乾电梯有限公司,乘客电梯,31104211262014010008,,武汉市新乾电梯有限公司,2012-11-27,E/30018818.001,TKJ8008/1.75,曳引驱动,11,11,11,800,1.75,2014-1-8,中国湖北省黄冈市蕲春县,蕲春县国建投资有限公司,,
蕲阳新区,漕河镇体育路12号A栋,武汉市新乾电梯有限公司,乘客电梯,31104211262013070012,,武汉市新乾电梯有限公司,2012-11-27,E/30018818.011,TKJ8008/1.75,曳引驱动,11,11,11,800,1.75,2013-7-11,中国湖北省黄冈市蕲春县,蕲春县国建投资有限公司,,
蕲阳新区,漕河镇体育路12号A3栋一单元,武汉市新乾电梯有限公司,乘客电梯,31104211262014010010,,武汉市新乾电梯有限公司,2012-11-27,E/30018818.003,TKJ8008/1.75,曳引驱动,11,11,11,800,1.75,2014-1-8,中国湖北省黄冈市蕲春县,蕲春县国建投资有限公司,,
蕲阳新区,漕河镇体育路12号A3栋,武汉市新乾电梯有限公司,乘客电梯,31104211262014010011,,武汉市新乾电梯有限公司,2012-11-27,E/30018818.004,TKJ8008/1.75,曳引驱动,11,11,11,800,1.75,2014-1-8,中国湖北省黄冈市蕲春县,蕲春县国建投资有限公司,,
蕲阳新区,漕河镇体育路12号A2栋,武汉市新乾电梯有限公司,乘客电梯,31104211262014010012,,武汉市新乾电梯有限公司,2012-11-27,E/30018818.008,TKJ8008/1.75,曳引驱动,11,11,11,800,1.75,2014-1-8,中国湖北省黄冈市蕲春县,蕲春县国建投资有限公司,,
蕲阳新区,漕河镇体育路12号A2栋一单元,蒂森克虏伯（上海）有限公司,乘客电梯,31104211262014010013,,蒂森克虏伯（上海）有限公司,2012-11-27,E/30018818.009,TKJ800/1.75,曳引驱动,11,11,11,800,1.75,2014-1-8,中国湖北省黄冈市蕲春县,蕲春县国建投资有限公司,,
城市花园,14-3#,惠州富士电梯有限公司,乘客电梯,31104211262012050019,,惠州富士电梯有限公司,2011-11-2,110595,TKJ800/1.75,曳引驱动,18,18,18,800,1.75,2014-10-13,中国湖北省黄冈市蕲春县,蕲春县恒泰物业服务有限公司,,
城市花园,13-3#,惠州富士电梯有限公司,乘客电梯,31104211262012050015,,惠州富士电梯有限公司,2011-11-2,110596,TKJ800/1.75,曳引驱动,18,18,18,800,1.75,2015-10-13,中国湖北省黄冈市蕲春县,蕲春县恒泰物业服务有限公司,,
城市花园,14-1#,惠州富士电梯有限公司,乘客电梯,31104211262012050017,,惠州富士电梯有限公司,2011-11-2,110594,TKJ800/1.75,曳引驱动,18,18,18,800,1.75,2015-10-13,中国湖北省黄冈市蕲春县,蕲春县恒泰物业服务有限公司,,
城市花园,10-2#,惠州富士电梯有限公司,乘客电梯,31104211262012050007,,惠州富士电梯有限公司,2011-10-10,110591,TKJ800/1.75,曳引驱动,18,18,18,800,1.75,2015-10-13,中国湖北省黄冈市蕲春县,蕲春县恒泰物业服务有限公司,,
城市花园,中国湖北省黄冈市蕲春县漕河四路211号,惠州富士电梯有限公司,乘客电梯,31104211262012050002,,惠州富士电梯有限公司,2011-9-26,110587,TKJ800/1.75,曳引驱动,18,18,18,800,1.75,2014-10-13,中国湖北省黄冈市蕲春县,蕲春县恒泰物业服务有限公司,,
城市花园,漕河镇李时珍大道,惠州富士电梯有限公司,乘客电梯,31104211262012050014,,惠州富士电梯有限公司,2011-11-2,110580,TKJ800/1.75,曳引驱动,19,19,19,800,1.75,2014-10-19,中国湖北省黄冈市蕲春县,蕲春县恒泰物业服务有限公司,,
城市花园,漕河镇李时珍大道,惠州富士电梯有限公司,乘客电梯,31104211262011010004,,惠州富士电梯有限公司,2011-11-2,10G023477,TKJ825/1.0,曳引驱动,12,12,12,825,1,2014-10-19,中国湖北省黄冈市蕲春县,蕲春县恒泰物业服务有限公司,,
城市花园,漕河镇李时珍大道,惠州富士电梯有限公司,乘客电梯,31104211262012050004,,惠州富士电梯有限公司,2011-10-31,110592,TKJ800/1.75,曳引驱动,18,18,18,800,1.75,2014-10-19,中国湖北省黄冈市蕲春县,蕲春县恒泰物业服务有限公司,,
城市花园,14-2#,惠州富士电梯有限公司,乘客电梯,31104211262012050018,,惠州富士电梯有限公司,2011-11-2,110578,TKJ800/1.75,曳引驱动,19,19,19,800,1.75,2014-10-19,中国湖北省黄冈市蕲春县,蕲春县恒泰物业服务有限公司,,
城市花园,13-4#,惠州富士电梯有限公司,乘客电梯,31104211262012050016,,惠州富士电梯有限公司,2011-11-2,110581,TKJ800/1.75,曳引驱动,19,19,19,800,1.75,2014-10-19,中国湖北省黄冈市蕲春县,蕲春县恒泰物业服务有限公司,,
城市花园,11-2#,惠州富士电梯有限公司,乘客电梯,31104211262012050009,,惠州富士电梯有限公司,2011-10-10,110588,TKJ800/1.75,曳引驱动,18,18,18,800,1.75,2014-10-13,中国湖北省黄冈市蕲春县,蕲春县恒泰物业服务有限公司,,
城市花园,漕河镇李时珍大道,惠州富士电梯有限公司,乘客电梯,31104211262011010002,,惠州富士电梯有限公司,2010-6-2,10G023476,TKJ825/1.0,曳引驱动,11,11,11,825,1,2014-10-19,中国湖北省黄冈市蕲春县,蕲春县恒泰物业服务有限公司,,
城市花园,漕河镇李时珍大道,惠州富士电梯有限公司,乘客电梯,31104211262012050012,,惠州富士电梯有限公司,2011-11-24,110598,TKJ800/1.5,曳引驱动,11,11,11,800,1.5,2014-10-19,中国湖北省黄冈市蕲春县,蕲春县恒泰物业服务有限公司,,
城市花园,9-2#,惠州富士电梯有限公司,乘客电梯,31104211262012050005,,惠州富士电梯有限公司,2011-10-31,110573,TKJ800/1.75,曳引驱动,18,18,18,800,1.75,2014-10-19,中国湖北省黄冈市蕲春县,蕲春县恒泰物业服务有限公司,,
城市花园,14-4#,惠州富士电梯有限公司,乘客电梯,31104211262012050020,,惠州富士电梯有限公司,2011-11-2,110579,TKJ800/1.75,曳引驱动,19,19,19,800,1.75,2014-10-13,中国湖北省黄冈市蕲春县,蕲春县恒泰物业服务有限公司,,
城市花园,15-1#,惠州富士电梯有限公司,乘客电梯,31104211262012050021,,惠州富士电梯有限公司,2011-9-2,110584,TKJ800/1.75,曳引驱动,18,18,18,800,1.75,2014-10-13,中国湖北省黄冈市蕲春县,蕲春县恒泰物业服务有限公司,,
城市花园,漕河镇李时珍大道,惠州富士电梯有限公司,乘客电梯,31104211262011010003,,惠州富士电梯有限公司,2010-6-2,10G023478,TKJ825/1.0,曳引驱动,12,12,12,825,1,2014-10-13,中国湖北省黄冈市蕲春县,蕲春县恒泰物业服务有限公司,,
城市花园,15-2#,惠州富士电梯有限公司,乘客电梯,31104211262012050022,,惠州富士电梯有限公司,2011-9-2,110585,TLJ800/1.75,曳引驱动,18,18,18,800,1.75,2014-10-13,中国湖北省黄冈市蕲春县,蕲春县恒泰物业服务有限公司,,
城市花园,15-4#,惠州富士电梯有限公司,乘客电梯,31104211262012050024,,惠州富士电梯有限公司,2011-9-2,110583,TKJ800/1.75,曳引驱动,18,18,18,800,1.75,2014-10-13,中国湖北省黄冈市蕲春县,蕲春县恒泰物业服务有限公司,,
城市花园,15-3#,惠州富士电梯有限公司,乘客电梯,31104211262012050023,,惠州富士电梯有限公司,2011-9-2,110582,TKJ800/1.75,曳引驱动,18,18,18,800,1.75,2014-10-13,中国湖北省黄冈市蕲春县,蕲春县恒泰物业服务有限公司,,
城市花园,漕河镇李时珍大道,惠州富士电梯有限公司,乘客电梯,31104211262012050010,,惠州富士电梯有限公司,2011-10-10,1105100,TKJ800/1.5,曳引驱动,11,11,11,800,1.5,2014-10-13,中国湖北省黄冈市蕲春县,蕲春县恒泰物业服务有限公司,,
城市花园,11-1#,惠州富士电梯有限公司,乘客电梯,31104211262012050008,,惠州富士电梯有限公司,2011-10-10,110599,TKJ800/1.75,曳引驱动,18,18,18,800,1.75,2014-10-13,中国湖北省黄冈市蕲春县,蕲春县恒泰物业服务有限公司,,
城市花园,7-2#,惠州富士电梯有限公司,乘客电梯,31104211262012050003,,惠州富士电梯有限公司,2011-9-26,110586,TKJ800/1.75,曳引驱动,18,18,18,800,1.75,2014-10-13,中国湖北省黄冈市蕲春县,蕲春县恒泰物业服务有限公司,,
城市花园,漕河镇李时珍大道,惠州富士电梯有限公司,乘客电梯,31104211262012050011,,惠州富士电梯有限公司,2011-11-24,110599,TKJ800/1.5,曳引驱动,11,11,11,800,1.5,2014-10-13,中国湖北省黄冈市蕲春县,蕲春县恒泰物业服务有限公司,,
城市花园,漕河镇李时珍大道,惠州富士电梯有限公司,乘客电梯,31104211262012050013,,惠州富士电梯有限公司,2011-11-2,110597,TLJ800/1.75,曳引驱动,18,18,18,800,1.75,2014-10-13,中国湖北省黄冈市蕲春县,蕲春县恒泰物业服务有限公司,,
武穴市洪武新城,武穴市洪武新城,双菱,乘客电梯,31304211822013070005,,双菱,2013-3-7,1210066K,TKJ800/1.5,曳引驱动,9,9,9,800,1.5,2013-7-12,中国湖北省黄冈市武穴市栖贤路62号,武穴市洪武新城,,
武龙广场,,苏州帝奥电梯有限公司,乘客电梯,31304211842013110001,,苏州帝奥电梯有限公司,2013-3-20,D2012-2050-1,TKJ800/1.0,曳引驱动,5,5,5,800,1,2013-9-19,武龙广场三单元,湖北武龙置业有限公司,,
武龙广场,,苏州帝奥电梯有限公司,乘客电梯,31104211842013110004,,苏州帝奥电梯有限公司,2013-3-20,D2012-1743,TKJ800/1.75,曳引驱动,17,17,17,800,1.75,2013-9-19,武龙广场一单元,湖北武龙置业有限公司,,
武龙广场,,苏州帝奥电梯有限公司,乘客电梯,31104211842013110003,,苏州帝奥电梯有限公司,2013-3-20,D2012-1742,TKJ800/1.75,曳引驱动,18,18,18,800,1.75,2013-9-19,武龙广场一单元,湖北武龙置业有限公司,,
武龙广场,,苏州帝奥电梯有限公司,乘客电梯,31304211842013110002,,苏州帝奥电梯有限公司,2013-3-20,D2012-2050-2,TKJ800/1.0,曳引驱动,5,5,5,800,1,2013-9-19,武龙广场三单元,湖北武龙置业有限公司,,
城市花园,漕河镇李时珍大道,日立电梯（中国）有限公司,乘客电梯,31104211262011010001,,日立电梯（中国）有限公司,2010-6-2,10G023475,TKJ825/1.0,曳引驱动,11,11,11,825,1,2014-10-19,中国湖北省黄冈市蕲春县,蕲春县恒泰物业服务有限公司,,
武龙广场,,苏州帝奥电梯有限公司,乘客电梯,31104211842013110001,,苏州帝奥电梯有限公司,2013-3-20,D2012-1740,TKJ800/1.75,曳引驱动,18,18,18,800,1.75,2013-9-19,武龙广场二单元,湖北武龙置业有限公司,,
蕲春登贵园建设发展有限公司,5-19#,双菱,乘客电梯,31104211262013100004,,双菱,2013-6-1,1306046k,TKJ800/1.0,曳引驱动,8,8,8,800,1,2014-12-17,中国湖北省黄冈市蕲春县,蕲春登贵园建设发展有限公司,,
万家酒店,,广州广日,乘客电梯,31104211022014080018,,广州广日,2014-6-30,14162133001,TKJ630/1.0,曳引驱动,7,7,7,630,1,2014-8-27,黄冈市黄州区宝塔路71号,黄冈市黄州区万家酒店,,
东方花园,5-A-1#,浙江梅轮电扶梯成套有限公司,乘客电梯,31104211262010080007,,浙江梅轮电扶梯成套有限公司,2010-4-10,FSL1031808,TKJ800/1.0,曳引驱动,13,13,13,800,1,2014-8-26,中国湖北省黄冈市蕲春县,蕲春家园物业服务有限公司,,
东方花园,1-1#,浙江梅轮电扶梯成套有限公司,乘客电梯,31104211262010080006,,浙江梅轮电扶梯成套有限公司,2010-4-10,FSL1031807,TKJ800/1.0,曳引驱动,13,13,13,800,1,2014-8-26,中国湖北省黄冈市蕲春县,蕲春家园物业服务有限公司,,
东方花园,5-A-2#,浙江梅轮电扶梯成套有限公司,乘客电梯,31104211262010080005,,浙江梅轮电扶梯成套有限公司,2010-4-10,FSL1031806,TKJ800/1.0,曳引驱动,13,13,13,800,1,2014-8-26,中国湖北省黄冈市蕲春县,蕲春家园物业服务有限公司,,
东方花园,5-A-3#,浙江梅轮电扶梯成套有限公司,乘客电梯,31104211262010080004,,浙江梅轮电扶梯成套有限公司,2010-4-10,FSL1031805,TKJ800/1.0,曳引驱动,13,13,13,800,1,2014-8-26,中国湖北省黄冈市蕲春县,蕲春家园物业服务有限公司,,
东方花园,4-2#,浙江梅轮电扶梯成套有限公司,乘客电梯,31104211262010080003,,浙江梅轮电扶梯成套有限公司,2010-4-10,FSL1031804,TKJ800/1.0,曳引驱动,13,13,13,800,1,2014-8-26,中国湖北省黄冈市蕲春县,蕲春家园物业服务有限公司,,
东方花园,5-B-1#,浙江梅轮电扶梯成套有限公司,乘客电梯,31104211262010080001,,浙江梅轮电扶梯成套有限公司,2010-4-10,FSL1031802,TKJ800/1.0,曳引驱动,13,13,13,800,1,2014-8-26,中国湖北省黄冈市蕲春县,蕲春家园物业服务有限公司,,
东方花园,4-1#,浙江梅轮电扶梯成套有限公司,乘客电梯,31104211262010080002,,浙江梅轮电扶梯成套有限公司,2010-4-10,FSL1031803,TKJ800/1.0,曳引驱动,13,13,13,800,1,2014-8-26,中国湖北省黄冈市蕲春县,蕲春家园物业服务有限公司,,
蕲春县交通警察大队,1#,东莞市长城电梯有限公司,乘客电梯,31104211262014080001,,东莞市长城电梯有限公司,2009-11-2,9112901,TKJ1000/1.5,曳引驱动,7,7,7,1000,1.5,2014-8-28,中国湖北省黄冈市蕲春县,蕲春县交通警察大队,,
麒麟园,1#,东莞市三洋电梯有限公司,乘客电梯,31104211262012060002,,东莞市三洋电梯有限公司,2011-11-1,A.2011.09.001,TKJ1000/1.5,曳引驱动,11,11,11,1000,1.5,2015-6-3,中国湖北省黄冈市蕲春县,蕲春万峻物业管理有限公司,,
蕲春县香格里拉新城,B7#楼四单元1#,苏州帝奥电梯有限公司,乘客电梯,31104211262010050001,,苏州帝奥电梯有限公司,2010-2-26,D2009-1172-1,TKJ800/1.0,曳引驱动,13,13,13,800,1,2014-8-22,中国湖北省黄冈市蕲春县,蕲春县香格里拉新城,,
蕲春县香格里拉新城,B7#楼三单元2#,苏州帝奥电梯有限公司,乘客电梯,31104211262010050002,,苏州帝奥电梯有限公司,2010-2-26,D2009-1172-2,TKJ800/1.0,曳引驱动,13,13,13,800,1,2014-8-22,中国湖北省黄冈市蕲春县,蕲春县香格里拉新城,,
蕲春县香格里拉新城,B7#楼二单元3#,苏州帝奥电梯有限公司,乘客电梯,31104211262010050003,,苏州帝奥电梯有限公司,2010-2-26,D2009-1172-3,TKJ800/1.0,曳引驱动,13,13,13,800,1,2014-8-22,中国湖北省黄冈市蕲春县,蕲春县香格里拉新城,,
蕲春县香格里拉新城,4#,苏州帝奥电梯有限公司,乘客电梯,31104211262010050004,,苏州帝奥电梯有限公司,2010-2-26,D2009-1172-4,TKJ800/1.0,曳引驱动,13,13,13,800,1,2014-8-22,中国湖北省黄冈市蕲春县,蕲春县香格里拉新城,,
吴长青,蕲春县,东莞市三洋电梯有限公司,观光电梯,31504211262013020001,,东莞市三洋电梯有限公司,,A.2012.02.012,TGJ630/1.5,曳引驱动,6,6,6,630,1.5,2015-6-3,中国湖北省黄冈市蕲春县,吴长青,,
李时珍医药集团有限公司,5#,上海三菱电梯有限公司,载货电梯,32104211262010110001,,上海三菱电梯有限公司,2010-9-17,10081901,THJ3000/0.5,曳引驱动,3,3,3,3000,0.5,2014-7-11,中国湖北省黄冈市蕲春县,李时珍医药集团有限公司,,
李时珍医药集团有限公司,4#,上海三菱电梯有限公司,载货电梯,32104211262010120004,,上海三菱电梯有限公司,2010-6-2,1006001048,THJ3000/0.5,曳引驱动,6,6,6,3000,0.5,2014-7-11,中国湖北省黄冈市蕲春县,李时珍医药集团有限公司,,
李时珍医药集团有限公司,2#,上海三菱电梯有限公司,载货电梯,32104211262010120002,,上海三菱电梯有限公司,2010-6-2,1006000909,THJ2000/1.0,曳引驱动,4,4,4,2000,1,2014-7-11,中国湖北省黄冈市蕲春县,李时珍医药集团有限公司,,
李时珍医药集团有限公司,1#,上海三菱电梯有限公司,载货电梯,32104211262013010001,,上海三菱电梯有限公司,2012-7-1,120702839,THJ2000/1.0,曳引驱动,6,6,6,2000,1,2014-7-11,中国湖北省黄冈市蕲春县,李时珍医药集团有限公司,,
李时珍医药集团有限公司,1#,上海三菱电梯有限公司,载货电梯,32104211262010120001,,上海三菱电梯有限公司,2010-5-2,1005003065,THJ3000/0.5,曳引驱动,4,4,4,3000,0.5,2014-7-11,中国湖北省黄冈市蕲春县,李时珍医药集团有限公司,,
李时珍医药集团有限公司,2#,上海三菱电梯有限公司,载货电梯,32104211262013010002,,上海三菱电梯有限公司,2012-7-1,120702840,THJ2000/1.0,曳引驱动,7,7,7,2000,1,2014-7-11,中国湖北省黄冈市蕲春县,李时珍医药集团有限公司,,
李时珍医药集团有限公司,3#,上海三菱电梯有限公司,载货电梯,32104211262010120003,,上海三菱电梯有限公司,2010-6-2,1006001047,THJ3000/0.5,曳引驱动,5,5,5,3000,0.5,2014-7-11,中国湖北省黄冈市蕲春县,李时珍医药集团有限公司,,
李时珍医药集团有限公司,2#,上海三菱电梯有限公司,乘客电梯,30134211262005120001,,上海三菱电梯有限公司,2005-9-1,509012664,THJ2000/1.0,曳引驱动,6,6,6,2000,1,2014-7-11,中国湖北省黄冈市蕲春县,李时珍医药集团有限公司,,
李时珍医药集团有限公司,1#,上海三菱电梯有限公司,乘客电梯,31104211262013010002,,上海三菱电梯有限公司,2012-2-1,120201504,TKJ1350/1.75,曳引驱动,6,6,6,1350,1.75,2014-7-11,中国湖北省黄冈市蕲春县,李时珍医药集团有限公司,,
蕲春县人民医院,4#,广东菱王电梯有限公司,乘客电梯,31504211262013020002,,广东菱王电梯有限公司,2012-12-7,G12111301,TGJ1350/1.6,曳引驱动,9,9,9,1350,1.6,2015-4-2,中国湖北省黄冈市蕲春县,蕲春县人民医院,,
铁路医院,1#,惠州富士电梯有限公司,乘客电梯,31704211262012120004,,惠州富士电梯有限公司,2012-10-12,120964,TBJ1600/1.5,曳引驱动,8,8,8,1600,1.5,2015-4-2,中国湖北省黄冈市蕲春县,铁路医院,,
蕲春县人民医院,9#（门诊楼1#）,广州广日,乘客电梯,31704211262014030001,,广州广日,2014-1-10,13266735001,TBJ1600/1.5,曳引驱动,4,4,4,1600,1.5,2015-4-2,中国湖北省黄冈市蕲春县,蕲春县人民医院,,
蕲春县人民医院,10#（门诊楼2#）,广州广日,乘客电梯,31704211262014030002,,广州广日,2015-1-10,13266735002,TBJ1600/1.5,曳引驱动,4,4,4,1600,1.5,2014-9-10,中国湖北省黄冈市蕲春县,蕲春县人民医院,,
蕲春县人民医院,1#,上海永大电梯设备有限公司,乘客电梯,31704211262012120001,,上海永大电梯设备有限公司,2012-7-6,2U39824,TBJ1600/1.5,曳引驱动,9,9,9,1600,1.5,2015-4-2,中国湖北省黄冈市蕲春县,蕲春县人民医院,,
蕲春县人民医院,3#,上海永大电梯安装维修有限公司,乘客电梯,31104211262013010001,,上海永大电梯安装维修有限公司,2012-7-6,2U39826,TKJ1350/1.5,曳引驱动,9,9,9,1350,1.5,2015-4-2,中国湖北省黄冈市蕲春县,蕲春县人民医院,,
蕲春县人民医院,2#,上海永大电梯设备有限公司,乘客电梯,31704211262012120002,,上海永大电梯设备有限公司,2012-7-6,2U39825,TBJ1600/1.5,曳引驱动,10,10,10,1600,1.5,2015-4-2,中国湖北省黄冈市蕲春县,蕲春县人民医院,,
蕲春县人民医院,4#,广州市海力格电梯有限公司,乘客电梯,32104211262008040001,,广州市海力格电梯有限公司,,270735,THJ1000/0.5,曳引驱动,9,9,9,1000,0.5,2014-9-3,中国湖北省黄冈市蕲春县,蕲春县人民医院,,
蕲春县亚洲大酒店,蕲春县亚洲大酒店,湖北东洋电梯有限公司,乘客电梯,31104211262012120009,,湖北东洋电梯有限公司,,GA111797-020,TKJ825/1.75,曳引驱动,17,17,17,825,1.75,2013-1-18,中国湖北省黄冈市蕲春县,蕲春县亚洲大酒店有限公司,,
蕲春县亚洲大酒店,蕲春县亚洲大酒店主楼,东芝电梯（中国）有限公司,乘客电梯,31104211262012120008,,东芝电梯（中国）有限公司,,GA111797-010,TKJ825/1.75,曳引驱动,17,17,17,825,1.75,2013-1-18,中国湖北省黄冈市蕲春县,蕲春县亚洲大酒店有限公司,,
蕲春县棕盛广场新世界唱响KTV,蕲春县棕盛广场新世界唱响KTV,湖北东洋电梯有限公司,杂物电梯,34304211222015060001,,湖北东洋电梯有限公司,2014-12-11,DY-141211666,TWJ200/0.4,曳引驱动,2,2,2,200,0.4,2015-5-7,中国湖北省黄冈市蕲春县,蕲春县棕盛广场新世界唱响KTV,,
蕲春县棕盛广场新世界唱响KTV,蕲春县棕盛广场新世界唱响KTV,湖北东洋电梯有限公司,乘客电梯,34304211222015060003,,湖北东洋电梯有限公司,2014-11-20,1410032K,TKJ1250/1.0,曳引驱动,3,3,3,1250,1,2015-5-7,中国湖北省黄冈市蕲春县,蕲春县棕盛广场新世界唱响KTV,,
今朝会所,2#,双菱,乘客电梯,31104211262015060001,,双菱,2014-10-20,1408056K,TKJ1000/1.0,曳引驱动,5,5,5,1000,1,2015-5-7,中国湖北省黄冈市蕲春县,蕲春龙廷大酒店,,
博雅芳邻,博雅芳邻二号楼一单元,广州广日,乘客电梯,31104211262015060009,,广州广日,2014-10-13,14161833001,TKJ1050/1.5,曳引驱动,15,15,15,1050,1.5,2015-5-7,中国湖北省黄冈市蕲春县,湖北泓宇商业有限公司,,
博雅芳邻,博雅芳邻二号楼二单元,广州广日,乘客电梯,31104211262015060008,,广州广日,2014-10-13,14161833002,TKJ1050/1.5,曳引驱动,15,15,15,1050,1.5,2015-5-7,中国湖北省黄冈市蕲春县,湖北泓宇商业有限公司,,
博雅芳邻,博雅芳邻二号楼二单元,广州广日,乘客电梯,31104211262015060007,,广州广日,2014-10-13,14161833003,TKJ825/1.5,曳引驱动,15,15,15,825,1.5,2015-5-7,中国湖北省黄冈市蕲春县,湖北泓宇商业有限公司,,
博雅芳邻,博雅芳邻二号楼一单元,广州广日,乘客电梯,31104211262015060006,,广州广日,2014-10-13,14161833004,TKJ825/1.5,曳引驱动,15,15,15,825,1.5,2015-5-7,中国湖北省黄冈市蕲春县,湖北泓宇商业有限公司,,
博雅芳邻,博雅芳邻一号楼二单元,广州广日,乘客电梯,31104211262015060005,,广州广日,2014-10-13,14161833005,TKJ825/1.5,曳引驱动,10,10,10,825,1.5,2015-5-7,中国湖北省黄冈市蕲春县,湖北泓宇商业有限公司,,
博雅芳邻,博雅芳邻一号楼一单元,广州广日,乘客电梯,31104211262015060004,,广州广日,2014-10-13,14161833005,TKJ825/1.5,曳引驱动,10,10,10,825,1.5,2015-5-7,中国湖北省黄冈市蕲春县,湖北泓宇商业有限公司,,
蕲春县人民检察院,2#,东莞富士电梯有限公司,乘客电梯,31104211262010040002,,东莞富士电梯有限公司,,20091214,TKJ1000/1.6,曳引驱动,6,6,6,1000,1.6,2014-8-28,中国湖北省黄冈市蕲春县,蕲春县人民检察院,,
蕲春县人民检察院,1#,东莞富士电梯有限公司,乘客电梯,31104211262010040001,,东莞富士电梯有限公司,,20091213,TKJ1000/1.6,曳引驱动,6,6,6,1000,1.6,2014-8-28,中国湖北省黄冈市蕲春县,蕲春县人民检察院,,
蕲春县人民检察院,3#,哈尔滨顺达机电设备有限公司,杂物电梯,34004211262010090001,,哈尔滨顺达机电设备有限公司,2010-5-9,20100428,TWJ300/0.4,曳引驱动,3,3,3,300,0.4,2014-8-27,中国湖北省黄冈市蕲春县,蕲春县人民检察院,,
蕲春县宝康商务宾馆,1#,东莞市三洋电梯有限公司,乘客电梯,31104211262012120011,,东莞市三洋电梯有限公司,2012-8-1,A.2011.08.104,TKJ1000/1.0,曳引驱动,7,7,7,1000,1,2015-6-2,中国湖北省黄冈市蕲春县,蕲春县宝康商务宾馆,,
蕲春龙廷大酒店,1#,东莞市三洋电梯有限公司,乘客电梯,31104211262011060001,,东莞市三洋电梯有限公司,2011-2-1,A.2010.12.085,TKJ1000/1.5,曳引驱动,,,,1000,1.5,2015-6-2,中国湖北省黄冈市蕲春县,蕲春龙廷大酒店,,
蕲春建材装饰城,05#,康力电梯股份有限公司,乘客电梯,32104211262011080001,,康力电梯股份有限公司,2011-5-1,10017221-0010,THJ2000/0.5,曳引驱动,3,3,3,2000,0.5,2014-5-22,中国湖北省黄冈市蕲春县,湖北君安物业服务有限公司,,
湖北美春服饰集团有限公司,01#,东莞市三洋电梯有限公司,乘客电梯,32104211262011090001,,东莞市三洋电梯有限公司,2011-5-1,A201104013,THJ1000/0.5,曳引驱动,6,6,6,1000,0.5,2015-6-3,中国湖北省黄冈市蕲春县,湖北美春服饰集团有限公司,,
蕲春东昌永兴宾馆,漕河镇齐昌大道319号宾馆主楼,武汉智能,乘客电梯,31504211262011080001,,武汉智能,2011-4-1,201008-837,TGJ1000/1.0,曳引驱动,,,,1000,1,2015-4-1,中国湖北省黄冈市蕲春县,蕲春东昌永兴宾馆,,
锦江名居,2#,双菱,乘客电梯,31104211262013090006,,双菱,2013-5-10,1304057K,TKJ800/1.75,曳引驱动,17,17,17,800,1.75,2015-4-28,中国湖北省黄冈市蕲春县,蕲春县泓宇房地产开发有限公司,,
锦江名居,4#,双菱,乘客电梯,31104211262013090008,,双菱,2013-5-10,1304060K,TKJ800/1.75,曳引驱动,17,17,17,800,1.75,2015-4-28,中国湖北省黄冈市蕲春县,蕲春县泓宇房地产开发有限公司,,
锦江名居,3#,双菱,乘客电梯,31104211262013090007,,双菱,2013-5-10,1304059K,TKJ800/1.75,曳引驱动,17,17,17,800,1.75,2015-4-28,中国湖北省黄冈市蕲春县,蕲春县泓宇房地产开发有限公司,,
锦江名居,1#,双菱,乘客电梯,31104211262013090005,,双菱,2013-5-10,1304058K,TKJ800/1.75,曳引驱动,17,17,17,800,1.75,2015-4-28,中国湖北省黄冈市蕲春县,蕲春县泓宇房地产开发有限公司,,
蕲春滨江御景,3月5日,奥的斯 ,乘客电梯,31104211262012090005,,奥的斯 ,2010-11-29,2011120152,TKJ800/1.75,曳引驱动,17,17,17,800,1.75,2015-4-28,中国湖北省黄冈市蕲春县,蕲春滨江御景,,
蕲春滨江御景,3月4日,奥的斯 ,乘客电梯,31104211262012090004,,奥的斯 ,2010-11-29,2011120151,TKJ800/1.75,曳引驱动,17,17,17,800,1.75,2015-4-28,中国湖北省黄冈市蕲春县,蕲春滨江御景,,
蕲春滨江御景,2月3日,奥的斯 ,乘客电梯,31104211262012090003,,奥的斯 ,2010-11-29,2011120150,TKJ800/1.75,曳引驱动,16,16,16,800,1.75,2015-4-28,中国湖北省黄冈市蕲春县,蕲春滨江御景,,
蕲春滨江御景,1月2日,奥的斯 ,乘客电梯,31104211262012090002,,奥的斯 ,2010-11-29,2011120148,TKJ800/1.75,曳引驱动,17,17,17,800,1.75,2015-4-28,中国湖北省黄冈市蕲春县,蕲春滨江御景,,
蕲春滨江御景,1月1日,奥的斯 ,乘客电梯,31104211262012090001,,奥的斯 ,2010-11-29,2011120149,TKJ800/1.75,曳引驱动,17,17,17,800,1.75,2015-4-28,中国湖北省黄冈市蕲春县,蕲春滨江御景,,
蕲春县广播电视局,01#,上海三菱电梯有限公司,乘客电梯,30104211262006080001,,上海三菱电梯有限公司,2003-8-12,03SFD10-D66-1,TKJ1000/1.0,曳引驱动,10,10,10,1000,1,2015-4-1,中国湖北省黄冈市蕲春县,蕲春县广播电视局,,
蕲春县供电公司,1#,苏州帝奥电梯有限公司,观光电梯,31504211262011080002,,苏州帝奥电梯有限公司,2011-6-7,D2011-382,TGJ1000/1.5,曳引驱动,7,7,7,1000,1.5,2015-4-2,中国湖北省黄冈市蕲春县,蕲春县供电公司,,
