宜宾半岛春天商务酒店,1#,美迪斯,观光电梯,31305115022015070056,,美迪斯电梯有限公司,2014-05-07,M140453,PL,曳引驱动,4,4,4,800,1,,翠屏区上江北红丰东路20号,,,
四川纳建建设工程有限公司,1#,华森天澳,观光电梯,30105115022008080004,,重庆华森天澳电梯有限公司,2015-09-28,G20150908(改造),TGJ1000/1.0,曳引驱动,7,7,7,1000,1,2017-06-15,翠屏区岷江西路96号,,,
宜宾纳实建材有限公司,1#,美迪斯,乘客电梯,31105115022015050034,,美迪斯电梯有限公司,2014-05-01,M140454,ST,曳引驱动,6,6,6,1350,1,2017-07-12,翠屏区象鼻工业集中区十里村玉田社,,,
宜宾川南体育骨科医院,1#,霍普曼,病床电梯,31105115022017010046,,杭州霍普曼电梯有限公司,2016-10-01,16090727,HBVM1800/2.0CP,曳引驱动,,,,1600,1,,翠屏区岷江西路98号,,,
宜宾县至诚物业服务有限公司,4-1#,西子奥的斯,乘客电梯,31105115022012100027,,西子OTIS电梯有限公司,2010-08-01,F8NGG540,OH5100,曳引驱动,6,6,6,1000,1,,宜宾市翠屏区振兴大道,,,
宜宾县至诚物业服务有限公司,4-2#,西子奥的斯,乘客电梯,31105115022012100029,,西子OTIS电梯有限公司,2010-08-01,F8NGG541,OH5100,曳引驱动,6,6,6,1000,1,,宜宾市翠屏区振兴大道,,,
宜宾县至诚物业服务有限公司,5-1#,西子奥的斯,乘客电梯,31105115022012100025,,西子OTIS电梯有限公司,2010-08-01,F8NGG542,OH5100,曳引驱动,6,6,6,1000,1,,宜宾市翠屏区振兴大道,,,
宜宾县至诚物业服务有限公司,5-2#,西子奥的斯,乘客电梯,31105115022012100030,,西子OTIS电梯有限公司,2010-08-01,F8NGG547,OH5100,曳引驱动,6,6,6,1000,1,,宜宾市翠屏区振兴大道,,,
宜宾县至诚物业服务有限公司,9-1#,西子奥的斯,乘客电梯,31105115022012100026,,西子OTIS电梯有限公司,2010-08-01,F8NGG545,OH5100,曳引驱动,5,5,5,1000,1,,宜宾市翠屏区振兴大道,,,
宜宾县至诚物业服务有限公司,9-2#,西子奥的斯,乘客电梯,31105115022012100024,,西子OTIS电梯有限公司,2010-08-01,F8NGG546,OH5100,曳引驱动,5,5,5,1000,1,,宜宾市翠屏区振兴大道,,,
宜宾县至诚物业服务有限公司,10-1#,西子奥的斯,乘客电梯,31105115022012100028,,西子OTIS电梯有限公司,2010-08-01,F8NGG543,OH5100,曳引驱动,6,6,6,1000,1,,宜宾市翠屏区振兴大道,,,
宜宾县至诚物业服务有限公司,10-2#,西子奥的斯,乘客电梯,31105115022012100031,,西子OTIS电梯有限公司,2010-08-01,F8NGG544,OH5100,曳引驱动,6,6,6,1000,1,,宜宾市翠屏区振兴大道,,,
宜宾川北医院,1#,浙江欧姆龙,乘客电梯,31105115022013070001,,浙江欧姆龙电梯有限公司,2013-01-22,0MDX120163-L1,OML-K-YJ3500/10010X,曳引驱动,4,4,4,1000,1,2017-02-04,上江北五金机电汽配城,,,
宜宾华誉物业管理有限公司,B栋1单元,三菱,乘客电梯,31105115022012010017,,上海三菱电梯有限公司,2003-01-01,03SFD80-C12-3,HOPE,曳引驱动,11,11,11,800,1,,翠屏区上江北致富路168号,,,
宜宾华誉物业管理有限公司,B栋2单元,三菱,乘客电梯,31105115022012010018,,上海三菱电梯有限公司,2003-01-01,03SFD80-C12-1,HOPE,曳引驱动,11,11,11,800,1,,翠屏区上江北致富路168号,,,
宜宾华誉物业管理有限公司,C栋,三菱,乘客电梯,31105115022012010019,,上海三菱电梯有限公司,2003-01-01,03SFD80-C12-2,HOPE,曳引驱动,11,11,11,800,1,,翠屏区上江北致富路168号,,,
宜宾学院,图1#,三菱,乘客电梯,30105115022007110037,,上海三菱电梯有限公司,2006-04-01,604004679,ELENSSA,曳引驱动,6,6,6,1050,1,,翠屏区五粮液大道酒圣路,,,
宜宾学院,图2#,三菱,乘客电梯,30105115022007110038,,上海三菱电梯有限公司,2006-04-01,604004680,ELENSSA,曳引驱动,6,6,6,825,1,,翠屏区五粮液大道酒圣路,,,
宜宾学院,图3#,三菱,乘客电梯,30105115022007110039,,上海三菱电梯有限公司,2006-04-01,604004357,ELENSSA,曳引驱动,5,5,5,630,1,,翠屏区五粮液大道酒圣路,,,
宜宾学院,图4#,三菱,乘客电梯,30105115022007110040,,上海三菱电梯有限公司,2006-04-01,604004334,ELENSSA,曳引驱动,6,6,6,1050,1,,翠屏区五粮液大道酒圣路,,,
宜宾学院,教学楼1#,三菱,乘客电梯,30105115022007110033,,上海三菱电梯有限公司,2002-07-01,2076599,GPS-III,曳引驱动,11,11,11,1000,1,,翠屏区五粮液大道酒圣路,,,
宜宾学院,教学楼2#,三菱,乘客电梯,30105115022007110034,,上海三菱电梯有限公司,2002-07-01,2076600,GPS-III,曳引驱动,11,11,11,1000,1,,翠屏区五粮液大道酒圣路,,,
宜宾学院,教学楼3#,三菱,乘客电梯,30105115022007110035,,上海三菱电梯有限公司,2002-07-01,2076601,GPS-III,曳引驱动,11,11,11,1000,1,,翠屏区五粮液大道酒圣路,,,
宜宾学院,东苑食堂,哈尔滨顺达,杂物电梯,30105115022007110041,,哈尔滨顺达机电设备有限公司,2013-04-01,Z1304-12,TWJ3-NF,曳引驱动,2,2,2,300,0.4,,翠屏区五粮液大道酒圣路,,,
宜宾学院,教工楼15栋3#,快菱,乘客电梯,31105115022015070031,,广州快菱电梯有限公司,2013-04-10,YG1301P009,XEVP800/1.0-CO0.8-JW,曳引驱动,8,8,8,800,1,2017-09-08,翠屏区五粮液大道酒圣路,,,
四川省宜宾普拉斯包装材料有限公司,聚酯事业部,重庆富士,载货电梯,31205115022017070150,,重庆富士电梯有限责任公司,2016-09-28,CF/D160721-1,CF-VFH3000,曳引驱动,7,7,7,3000,0.5,,四川省宜宾市岷江西路150号,,,
五粮液集团有限公司,1区,天津奥的斯,载货电梯,30115115002007120069,,天津OTIS电梯有限公司,,,THJ3000/0.5,曳引驱动,,,,,,,翠屏区岷江西路150号,,,
五粮液集团有限公司,4区,迅达电梯,载货电梯,30115115002007120071,,苏州迅达电梯有限公司,1996-04-01,960332,THJ2000/0.5,曳引驱动,,,,,,,翠屏区岷江西路150号,,,
五粮液集团有限公司,5区,西继迅达,载货电梯,31205115022015110156,,西继迅达（许昌）电梯有限公司,2014-09-25,14031885C-001,9000-HT-20-05-4-X9,曳引驱动,,,,,,,翠屏区岷江西路150号,,,
五粮液集团有限公司,7区,迅达电梯,载货电梯,30115115002007120068,,苏州迅达电梯有限公司,1998-01-01,980350,THJ1000/0.5,曳引驱动,,,,,,,翠屏区岷江西路150号,,,
五粮液集团有限公司,8区,迅达电梯,载货电梯,30115115002007120073,,苏州迅达电梯有限公司,2000-01-01,,THJ1000/0.5,曳引驱动,,,,,,,翠屏区岷江西路150号,,,
五粮液集团有限公司,9区,迅达电梯,载货电梯,30115115002007120074,,苏州迅达电梯有限公司,1999-01-01,,THJ1000/0.5,曳引驱动,,,,,,,翠屏区岷江西路150号,,,
五粮液集团有限公司,10区,迅达电梯,载货电梯,30115115002007120075,,苏州迅达电梯有限公司,2002-01-01,,THJ1000/0.5,曳引驱动,,,,,,,翠屏区岷江西路150号,,,
五粮液集团有限公司,11区,迅达电梯,载货电梯,31105115022007120076,,苏州迅达电梯有限公司,2003-01-01,,THJ1000/0.5,曳引驱动,,,,,,,翠屏区岷江西路150号,,,
五粮液集团有限公司,12区,迅达电梯,载货电梯,31105115002007120077,,苏州迅达电梯有限公司,2003-01-01,,THJ1000/0.5,曳引驱动,,,,,,,翠屏区岷江西路150号,,,
五粮液集团有限公司,18库,恒达富士,载货电梯,32105115022014030079,,恒达富士电梯有限公司,2012-01-01,201204184,,曳引驱动,,,,,,,翠屏区岷江西路150号,,,
五粮液集团有限公司,陈酿29库,迅达电梯,载货电梯,30115115002007120072,,苏州迅达电梯有限公司,1997-01-01,9703033,,曳引驱动,,,,,,,翠屏区岷江西路150号,,,
五粮液集团有限公司,36库,星玛,载货电梯,31205115022014030069,,星玛电梯有限公司,2010-12-01,2010F5535E01-1#1,,曳引驱动,,,,,,,翠屏区岷江西路150号,,,
五粮液集团有限公司,37库,星玛,载货电梯,31205115022014030070,,星玛电梯有限公司,2010-12-01,2010F5535E03,,曳引驱动,,,,,,,翠屏区岷江西路150号,,,
五粮液集团有限公司,38库,星玛,载货电梯,31205115022014030071,,星玛电梯有限公司,2010-12-01,2010F5535E02,,曳引驱动,,,,,,,翠屏区岷江西路150号,,,
五粮液集团有限公司,39库,星玛,载货电梯,31205115022014030072,,星玛电梯有限公司,2010-12-01,2010F5535E01,,曳引驱动,,,,,,,翠屏区岷江西路150号,,,
五粮液集团有限公司,40库,星玛,载货电梯,31205115022014030073,,星玛电梯有限公司,2010-12-01,2010F5535E01-4#1,,曳引驱动,,,,,,,翠屏区岷江西路150号,,,
五粮液集团有限公司,41库,星玛,载货电梯,31205115022014030074,,星玛电梯有限公司,2010-12-01,2010F5535E02-2#6,,曳引驱动,,,,,,,翠屏区岷江西路150号,,,
五粮液集团有限公司,42库,星玛,载货电梯,31205115022014030075,,星玛电梯有限公司,2010-12-01,2010F5535E02-3#8,,曳引驱动,,,,,,,翠屏区岷江西路150号,,,
五粮液集团有限公司,43库,星玛,载货电梯,32105115022014030076,,星玛电梯有限公司,2010-12-01,2010F5535E02-2#2,,曳引驱动,,,,,,,翠屏区岷江西路150号,,,
五粮液集团有限公司,44库,星玛,载货电梯,32105115022014030077,,星玛电梯有限公司,2010-12-01,2010F5535E02-1#5,,曳引驱动,,,,,,,翠屏区岷江西路150号,,,
五粮液集团有限公司,45库,星玛,载货电梯,31205115022014030078,,星玛电梯有限公司,2010-12-01,2010F5535E02-2#5,,曳引驱动,,,,,,,翠屏区岷江西路150号,,,
五粮液集团有限公司,46库,杭州西奥,载货电梯,31205115022017010043,,杭州西奥电梯有限公司,2015-09-01,XODTA16105,,曳引驱动,,,,,,,翠屏区岷江西路150号,,,
五粮液集团有限公司,47库,杭州西奥,载货电梯,31205115022017010042,,杭州西奥电梯有限公司,2016-04-01,XODTA13106,,曳引驱动,,,,,,,翠屏区岷江西路150号,,,
五粮液集团有限公司,48库,杭州西奥,载货电梯,31205115022017010044,,杭州西奥电梯有限公司,2015-03-01,XOHA16104,,曳引驱动,,,,,,,翠屏区岷江西路150号,,,
五粮液集团有限公司,49库,苏州东南,载货电梯,31205115022014030057,,东南电梯有限公司,2014-07-01,P27889HJ756,,曳引驱动,,,,,,,翠屏区岷江西路150号,,,
五粮液集团有限公司,50库,苏州东南,载货电梯,31205115022151101155,,东南电梯有限公司,,P27889HJ757,,曳引驱动,,,,,,,翠屏区岷江西路150号,,,
五粮液集团有限公司,310组4区,苏州东南,载货电梯,32505115022014030060,,东南电梯有限公司,2012-08-25,M15929TJ3969,,曳引驱动,,,,,,,翠屏区岷江西路150号,,,
五粮液集团有限公司,310组5区,苏州东南,载货电梯,32505115022014030059,,东南电梯有限公司,2012-08-25,M15929TJ3968,,曳引驱动,,,,,,,翠屏区岷江西路150号,,,
五粮液集团有限公司,523组1#,迅达电梯,载货电梯,30115115002007120079,,苏州迅达电梯有限公司,2003-09-01,30613,,曳引驱动,,,,,,,翠屏区岷江西路150号,,,
五粮液集团有限公司,523组2#,迅达电梯,载货电梯,30115115002007120080,,苏州迅达电梯有限公司,2003-09-01,30612,,曳引驱动,,,,,,,翠屏区岷江西路150号,,,
五粮液集团有限公司,523组3#,伊士顿,载货电梯,30115115002007120081,,广州伊士顿电梯有限公司,2004-01-01,698,,曳引驱动,,,,,,,翠屏区岷江西路150号,,,
五粮液集团有限公司,523组4#,伊士顿,载货电梯,30115115002007120082,,广州伊士顿电梯有限公司,2003-09-01,697,,曳引驱动,,,,,,,翠屏区岷江西路150号,,,
五粮液集团有限公司,523组5#,迅达电梯,载货电梯,30115115002007120083,,苏州迅达电梯有限公司,2003-09-01,30614,,曳引驱动,,,,,,,翠屏区岷江西路150号,,,
五粮液集团有限公司,尾水,苏州东南,载货电梯,31205115022015110158,,东南电梯有限公司,2014-12-01,P27889HJ858,,曳引驱动,,,,,,,翠屏区岷江西路150号,,,
五粮液集团有限公司,尾液,迅达电梯,载货电梯,30115115002007120078,,苏州迅达电梯有限公司,2002-01-01,2002-Q29,,曳引驱动,,,,,,,翠屏区岷江西路150号,,,
五粮液集团有限公司,留样库2#,美迪斯,载货电梯,3120103182015A0004,,美迪斯电梯有限公司,2015-03-17,M150308,,曳引驱动,,,,,,,翠屏区岷江西路150号,,,
五粮液集团有限公司,成品16库1#,美迪斯,载货电梯,31205115022015120010,,美迪斯电梯有限公司,2014-12-01,M14111176,,曳引驱动,,,,,,,翠屏区岷江西路150号,,,
五粮液集团有限公司,成品16库2#,美迪斯,载货电梯,31205115022015120009,,美迪斯电梯有限公司,2014-12-01,M14111177,,曳引驱动,,,,,,,翠屏区岷江西路150号,,,
五粮液集团有限公司,18库2#,希姆斯电梯,载货电梯,32105115022016030069,,西姆斯电梯（中国）有限公司,2015-03-01,SV1515822,,曳引驱动,,,,,,,翠屏区岷江西路150号,,,
五粮液集团有限公司,18库1#,希姆斯电梯,载货电梯,32105115022016030068,,西姆斯电梯（中国）有限公司,2015-03-01,SV1515821,,曳引驱动,,,,,,,翠屏区岷江西路150号,,,
五粮液集团有限公司,17库,美迪斯,载货电梯,31205115022015120008,,美迪斯电梯有限公司,2014-12-01,M14111178,,曳引驱动,,,,,,,翠屏区岷江西路150号,,,
中国农业银行宜宾市分行翠屏支行,1#,三菱,乘客电梯,30105115022008080005,,上海三菱电梯有限公司,2005-01-01,508011270,HOPE,曳引驱动,12,12,12,800,1,2017-04-28,翠屏区刘臣街,,,
宜宾市文化广播新闻出版局,1#,华森天澳,乘客电梯,31105115022012080009,,重庆华森天澳电梯有限公司,2012-02-24,K12010,TKJ800/1.0-JXW-VVVF,曳引驱动,7,7,7,800,1,2017-04-04,宜宾市翠屏区县府街,,,
中国农业发展银行宜宾分行,1#,三菱,乘客电梯,31105115022014120113,,上海三菱电梯有限公司,2010-10-01,E-YX-C5601,MAXTEZ,曳引驱动,9,9,9,1050,1.75,2017-10-16,翠屏区大南街,,,
宜宾市林业局招待所,1#,华森天澳,乘客电梯,31105115022012120002,,重庆华森天澳电梯有限公司,2010-06-01,20100701,TKJ800/1.0,曳引驱动,9,9,9,800,1,2017-04-04,翠屏区十八间,,,
宜宾市铭城家用电器经营部,1#,华森天澳,乘客电梯,31105115022012050007,,重庆华森天澳电梯有限公司,2010-06-01,20100702,TK1000/1.0M/S-JXW-VVVF,曳引驱动,9,9,9,1000,1,2017-12-10,翠屏区东街126#,,,
宜宾市燕君贸易连锁有限责任公司,1#,三洋,观光电梯,30135115022011050015,,三洋电梯（无锡）有限公司,2008-01-01,SE00801982,SY010/1.0-VF-CO,曳引驱动,5,5,5,1000,1,2017-05-03,翠屏区东街口,,,
爱尔迪摄影会所,1#,华森天澳,观光电梯,31505115022014050037,,重庆华森天澳电梯有限公司,2011-06-01,G11016,,曳引驱动,,,,,,,翠屏区大观楼,,,
宜宾市凯晟假日酒店,1#,快菱,乘客电梯,31305115022014120009,,广州快菱电梯有限公司,2012-12-24,YG1211P727,MLX630/1.0-C00.8,曳引驱动,3,3,3,630,1,2017-02-05,翠屏区忠孝街,,,
四川宜宾金贸酒业服务公司,3#,美迪斯,乘客电梯,31105115022014010045,,美迪斯电梯有限公司,2013-09-01,M130873,ST1000/1.0,曳引驱动,5,5,5,1000,1,2017-11-11,翠屏区民主路108号,,,
宜宾市翠屏区工商行政管理局,1#,三菱,观光电梯,31105115022016010081,,肇庆亚洲三菱电梯有限公司,2014-11-01,SL20141007,SLTG1000/1.0-JXW  VF,曳引驱动,7,7,7,1000,1,2017-02-01,宜宾市翠屏区酒香路,,,
宜宾市哪吒宾馆,1#,富菱达,乘客电梯,30105115022007120178,,富菱达电梯有限公司,1999-10-01,99043,CCVR-15-C060,曳引驱动,8,8,8,1000,1,2017-04-04,翠屏区翠屏路227号,,,
宜宾市二中宿舍,1#,美迪斯,乘客电梯,31105115022016110011,,美迪斯电梯有限公司,2016-06-30,M16B045,,曳引驱动,,,,,,,翠屏区商业街1#,,,
宜宾市二中宿舍,2#,美迪斯,乘客电梯,31105115022016110012,,美迪斯电梯有限公司,2016-06-30,M16B145,,曳引驱动,,,,,,,翠屏区商业街1#,,,
四川省宜宾国笑房产开发有限公司,1#,美迪斯,乘客电梯,3110100212017A0112,,美迪斯电梯有限公司,2016-09-01,16070536,,曳引驱动,,,,,,,翠屏区珠玉街17号二单元三层,,,
宜宾市国际商会大厦,1#,天津奥的斯,乘客电梯,31105115022014070023,,天津OTIS电梯有限公司,2010-07-01,112782,OTIS-SKY,曳引驱动,15,15,15,1000,1.5,2017-11-10,翠屏区大南街108号,,,
宜宾沣润商贸有限公司,1#,华森天澳,乘客电梯,31105115022016090037,,重庆华森天澳电梯有限公司,2014-06-01,M1405157,TWJ1000/1.0-JXW,曳引驱动,6,6,6,1000,1,2017-09-18,翠屏区东街,,,
翠屏区就业促进局,1#,苏州帝奥,乘客电梯,31105115022014100037,,苏州帝奥电梯有限公司,2013-06-03,D2013-337,,曳引驱动,,,,,,,翠屏区人民路工人文化宫内,,,
宜宾市翠屏区住房和城乡规划建设局,1#,日立电梯,乘客电梯,31105115022013120209,,广州日立电梯工程有限公司,2013-09-03,13231333001,G .WiZ,曳引驱动,7,7,7,1050,1.5,2017-09-10,翠屏区岳武里14号,,,
北京鲁能物业服务有限责任公司宜宾公司,1栋1#,三菱,乘客电梯,31105115022013120074,,上海三菱电梯有限公司,2012-01-01,12N3V10-861-5,,曳引驱动,,,,,,,翠屏区睦邻路,,,
北京鲁能物业服务有限责任公司宜宾公司,1栋2#,三菱,乘客电梯,31105115022013120075,,上海三菱电梯有限公司,2012-01-01,12N3V10-861-6,,曳引驱动,,,,,,,翠屏区睦邻路,,,
北京鲁能物业服务有限责任公司宜宾公司,2栋1#,三菱,乘客电梯,31105115022013120076,,上海三菱电梯有限公司,2012-01-01,12N3V10-862-9,,曳引驱动,,,,,,,翠屏区睦邻路,,,
北京鲁能物业服务有限责任公司宜宾公司,2栋2#,三菱,乘客电梯,31105115022013120077,,上海三菱电梯有限公司,2012-01-01,12N3V10-862-10,,曳引驱动,,,,,,,翠屏区睦邻路,,,
北京鲁能物业服务有限责任公司宜宾公司,3栋1#,三菱,乘客电梯,31105115022013120078,,上海三菱电梯有限公司,2012-01-01,12N3V10-862-12,,曳引驱动,,,,,,,翠屏区睦邻路,,,
北京鲁能物业服务有限责任公司宜宾公司,3栋2#,三菱,乘客电梯,31105115022013120079,,上海三菱电梯有限公司,2012-01-01,12N3V10-862-11,,曳引驱动,,,,,,,翠屏区睦邻路,,,
北京鲁能物业服务有限责任公司宜宾公司,4栋1#,三菱,乘客电梯,31105115022013120080,,上海三菱电梯有限公司,2012-01-01,12N3V10-861-7,,曳引驱动,,,,,,,翠屏区睦邻路,,,
北京鲁能物业服务有限责任公司宜宾公司,4栋2#,三菱,乘客电梯,31105115022013120081,,上海三菱电梯有限公司,2012-01-01,12N3V10-861-8,,曳引驱动,,,,,,,翠屏区睦邻路,,,
北京鲁能物业服务有限责任公司宜宾公司2,12栋1-1#,通力电梯,乘客电梯,31105115022016030010,,通力电梯有限公司,2014-07-23,36805691,,曳引驱动,,,,,,,翠屏区金沙江大道清溪路,,,
北京鲁能物业服务有限责任公司宜宾公司2,12栋1-2#,通力电梯,乘客电梯,31105115022016030011,,通力电梯有限公司,2014-07-23,36805690,,曳引驱动,,,,,,,翠屏区金沙江大道清溪路,,,
北京鲁能物业服务有限责任公司宜宾公司2,12栋2-1#,通力电梯,乘客电梯,31105115022016030014,,通力电梯有限公司,2014-07-23,36805695,,曳引驱动,,,,,,,翠屏区金沙江大道清溪路,,,
北京鲁能物业服务有限责任公司宜宾公司2,12栋2-2#,通力电梯,乘客电梯,31105115022016030009,,通力电梯有限公司,2014-07-23,36805697,,曳引驱动,,,,,,,翠屏区金沙江大道清溪路,,,
北京鲁能物业服务有限责任公司宜宾公司2,12栋3-1#,通力电梯,乘客电梯,31105115022016030012,,通力电梯有限公司,2014-07-23,36805700,,曳引驱动,,,,,,,翠屏区金沙江大道清溪路,,,
北京鲁能物业服务有限责任公司宜宾公司2,12栋3-2#,通力电梯,乘客电梯,31105115022016030013,,通力电梯有限公司,2014-07-23,36805699,,曳引驱动,,,,,,,翠屏区金沙江大道清溪路,,,
北京鲁能物业服务有限责任公司宜宾公司3,1栋1#,通力电梯,乘客电梯,31105115022014110048,,通力电梯有限公司,2012-10-01,36689908,,曳引驱动,,,,,,,翠屏区南岸西区外江路,,,
北京鲁能物业服务有限责任公司宜宾公司3,1栋2#,通力电梯,乘客电梯,31105115022014110049,,通力电梯有限公司,2012-10-01,36689909,,曳引驱动,,,,,,,翠屏区南岸西区外江路,,,
北京鲁能物业服务有限责任公司宜宾公司3,2栋1#,通力电梯,乘客电梯,31105115022014110050,,通力电梯有限公司,2012-10-01,36689910,,曳引驱动,,,,,,,翠屏区南岸西区外江路,,,
北京鲁能物业服务有限责任公司宜宾公司3,2栋2#,通力电梯,乘客电梯,31105115022014110051,,通力电梯有限公司,2012-10-01,36689911,,曳引驱动,,,,,,,翠屏区南岸西区外江路,,,
北京鲁能物业服务有限责任公司宜宾公司3,3栋1#,通力电梯,乘客电梯,31105115022014110052,,通力电梯有限公司,2012-12-01,36695082,,曳引驱动,,,,,,,翠屏区南岸西区外江路,,,
北京鲁能物业服务有限责任公司宜宾公司3,3栋2#,通力电梯,乘客电梯,31105115022014110053,,通力电梯有限公司,2012-12-01,36695083,,曳引驱动,,,,,,,翠屏区南岸西区外江路,,,
北京鲁能物业服务有限责任公司宜宾公司3,4栋1#,通力电梯,乘客电梯,31105115022014110054,,通力电梯有限公司,2012-12-01,36695084,,曳引驱动,,,,,,,翠屏区南岸西区外江路,,,
北京鲁能物业服务有限责任公司宜宾公司3,5栋1#,通力电梯,乘客电梯,31105115022014110056,,通力电梯有限公司,2012-12-01,36695087,,曳引驱动,,,,,,,翠屏区南岸西区外江路,,,
北京鲁能物业服务有限责任公司宜宾公司3,5栋2#,通力电梯,乘客电梯,31105115022014110057,,通力电梯有限公司,2012-12-01,36695086,,曳引驱动,,,,,,,翠屏区南岸西区外江路,,,
北京鲁能物业服务有限责任公司宜宾公司3,7栋1#,通力电梯,乘客电梯,31105115022014110058,,通力电梯有限公司,2012-12-01,36695088,,曳引驱动,,,,,,,翠屏区南岸西区外江路,,,
北京鲁能物业服务有限责任公司宜宾公司3,7栋2#,通力电梯,乘客电梯,31105115022014110059,,通力电梯有限公司,2012-12-01,36695089,,曳引驱动,,,,,,,翠屏区南岸西区外江路,,,
北京鲁能物业服务有限责任公司宜宾公司3,8栋1#,通力电梯,乘客电梯,31105115022014110060,,通力电梯有限公司,2012-12-01,36695074,,曳引驱动,,,,,,,翠屏区南岸西区外江路,,,
北京鲁能物业服务有限责任公司宜宾公司3,8栋2#,通力电梯,乘客电梯,31105115022014110061,,通力电梯有限公司,2012-12-01,36695075,,曳引驱动,,,,,,,翠屏区南岸西区外江路,,,
北京鲁能物业服务有限责任公司宜宾公司3,9栋1#,通力电梯,乘客电梯,31105115022014110062,,通力电梯有限公司,2012-12-01,36695079,,曳引驱动,,,,,,,翠屏区南岸西区外江路,,,
北京鲁能物业服务有限责任公司宜宾公司3,9栋2#,通力电梯,乘客电梯,31105115022014110063,,通力电梯有限公司,2012-12-01,36695080,,曳引驱动,,,,,,,翠屏区南岸西区外江路,,,
北京鲁能物业服务有限责任公司宜宾公司3,10栋1#,通力电梯,乘客电梯,31105115022014110064,,通力电梯有限公司,2012-12-01,36695077,,曳引驱动,,,,,,,翠屏区南岸西区外江路,,,
北京鲁能物业服务有限责任公司宜宾公司3,10栋2#,通力电梯,乘客电梯,31105115022014110065,,通力电梯有限公司,2012-12-01,36695076,,曳引驱动,,,,,,,翠屏区南岸西区外江路,,,
北京鲁能物业服务有限责任公司宜宾公司3,11栋1#,通力电梯,乘客电梯,31105115022014110066,,通力电梯有限公司,2012-12-01,36695081,,曳引驱动,,,,,,,翠屏区南岸西区外江路,,,
北京鲁能物业服务有限责任公司宜宾公司3,11栋2#,通力电梯,乘客电梯,31105115022014110067,,通力电梯有限公司,2012-12-01,36695078,,曳引驱动,,,,,,,翠屏区南岸西区外江路,,,
中国移动通信集团四川有限公司宜宾分公司,1#,三菱,乘客电梯,30105115022006020001,,上海三菱电梯有限公司,2005-01-01,406005786,,曳引驱动,,,,,,,翠屏区金沙江大道中段11号,,,
中国移动通信集团四川有限公司宜宾分公司,2#,三菱,乘客电梯,30105115022006020002,,上海三菱电梯有限公司,2005-01-01,406005787,,曳引驱动,,,,,,,翠屏区金沙江大道中段11号,,,
四川省宜宾市广播电视中心,6#,三洋,乘客电梯,31105115022016080062,,三洋电梯（珠海）有限公司,2015-05-01,K201404105,,曳引驱动,,,,,,,翠屏区南岸黑塔路28号,,,
上游印象酒店,2#,三菱,乘客电梯,31105115022012110004,,上海三菱电梯有限公司,2010-01-01,10N2C10-133-1,LEHY,曳引驱动,8,8,8,1050,1,2017-06-13,宜宾南岸,,,
宜宾上游印象酒店,1#,三菱,观光电梯,31105115022012110003,,上海三菱电梯有限公司,2010-01-01,120603794,ELE-IV  2015,曳引驱动,8,8,8,1050,1,2017-06-13,翠屏区宜庆东街9号,,,
宜宾天使五官医院,1#,蒂森电梯,乘客电梯,31105115022016060092,,蒂森电梯有限公司,2011-01-01,E/30013528.001,规格型号 TE-GLI,曳引驱动,5,5,5,1000,1,2017-03-11,翠屏区蜀南大道中山生态园32号,,,
宜宾蜀南医院,1#,苏州帝奥,病床电梯,31705115022012080007,,苏州帝奥电梯有限公司,2011-11-03,2011-1544,TBJ1600/1.0,曳引驱动,4,4,4,1600,1,2017-03-11,翠屏区蜀南大道东段,,,
宜宾华西友好医院,1#,许昌西继,乘客电梯,31305115022013030018,,许昌西继电梯有限公司,2010-10-12,1009064SC-001,,曳引驱动,5,5,5,1000,1,2017-02-01,翠屏区长江大道西段3号,,,
宜宾男健专科医院,1#,华森天澳,观光电梯,31505115022013030027,,重庆华森天澳电梯有限公司,2015-10-10,G20151010,TKJ800/1.0m/s-JXW-VVVF,曳引驱动,5,5,5,800,1,2017-04-04,翠屏区蜀南大道西段,,,
宜宾8+1酒店,1#,迅业,乘客电梯,31105115022011100018,,广州市迅业电梯有限公司,2009-01-01,P0910119,XEVP800/1.0,曳引驱动,5,5,5,800,1,2017-02-04,宜宾南岸,,,
宜宾锦成商务酒店,1#,美迪斯,乘客电梯,31105115022014120008,,美迪斯电梯有限公司,2013-03-09,M130138,ST,曳引驱动,6,6,6,800,1,2017-09-12,翠屏区商贸路117号附6号,,,
宜宾市睿诚金融仓储有限公司,1#,西继迅达,乘客电梯,31105115022015010068,,西继迅达（许昌）电梯有限公司,2013-08-09,1306210SC-001,900-WT-08-10-2-XS,曳引驱动,4,4,4,800,1,2017-10-18,翠屏区航天路中段莱茵河畔,,,
宜宾市玉琼河田汽车销售服务有限公司,1#,华森天澳,车辆电梯,32405115022013030020,,重庆华森天澳电梯有限公司,2011-9-26,Q11016,TQJ3000/0.5-VVVF,曳引驱动,3,3,3,3000,0.5,2017-10-26,翠屏区七星大道中段,,,
泸州市众鑫物业管理有限公司宜宾分公司,10栋1#,巨人通力,乘客电梯,31105115022016060003,,巨人通力电梯有限公司,2015-06-01,42209026,,曳引驱动,,,,,,,翠屏区西环线,,,
泸州市众鑫物业管理有限公司宜宾分公司,10栋2#,巨人通力,乘客电梯,31105115022016060006,,巨人通力电梯有限公司,2015-06-01,42209027,,曳引驱动,,,,,,,翠屏区西环线,,,
泸州市众鑫物业管理有限公司宜宾分公司,11栋1单元1#,巨人通力,乘客电梯,31105115022016060005,,巨人通力电梯有限公司,2015-06-01,42209028,,曳引驱动,,,,,,,翠屏区西环线,,,
泸州市众鑫物业管理有限公司宜宾分公司,11栋1单元2#,巨人通力,乘客电梯,31105115022016060008,,巨人通力电梯有限公司,2015-06-01,42209030,,曳引驱动,,,,,,,翠屏区西环线,,,
泸州市众鑫物业管理有限公司宜宾分公司,11栋2单元1#,巨人通力,乘客电梯,31105115022016060009,,巨人通力电梯有限公司,2015-06-01,42209031,,曳引驱动,,,,,,,翠屏区西环线,,,
泸州市众鑫物业管理有限公司宜宾分公司,11栋2单元2#,巨人通力,乘客电梯,31105115022016060004,,巨人通力电梯有限公司,2015-06-01,42209029,,曳引驱动,,,,,,,翠屏区西环线,,,
泸州市众鑫物业管理有限公司宜宾分公司,12栋1#,巨人通力,乘客电梯,31105115022016060007,,巨人通力电梯有限公司,2015-06-01,42209032,,曳引驱动,,,,,,,翠屏区西环线,,,
泸州市众鑫物业管理有限公司宜宾分公司,12栋1#,巨人通力,乘客电梯,31105115022016060011,,巨人通力电梯有限公司,2015-06-01,42209033,,曳引驱动,,,,,,,翠屏区西环线,,,
泸州市众鑫物业管理有限公司宜宾分公司,13栋1#,巨人通力,乘客电梯,31105115022016060012,,巨人通力电梯有限公司,2015-06-01,42209034,,曳引驱动,,,,,,,翠屏区西环线,,,
泸州市众鑫物业管理有限公司宜宾分公司,13栋2#,巨人通力,乘客电梯,31105115022016060010,,巨人通力电梯有限公司,2015-06-01,42209035,,曳引驱动,,,,,,,翠屏区西环线,,,
李庄古韵度假酒店,1#,西尼电梯,乘客电梯,31105115022014020004,,西尼电梯（杭州）有限公司,2011-01-10,K10-685-12-0108,TKJ450/1.0,曳引驱动,,,,,,2017-04-04,翠屏区李庄古镇,,,
高县天泰大酒店,1#,佳登曼电梯,乘客电梯,30105115252009040001,,四川佳登曼电梯有限公司,2005-02-01,50511,GODM-01,曳引驱动,8,8,8,800,1.5,2017-09-10,高县庆符镇硕勋大道西段087号,,,
高县残疾人联合会,1#,杭州西奥,乘客电梯,31105115252017030083,,上海三菱电梯有限公司,2016-09-04,XODTA75794,XO-MRL-III,曳引驱动,4,4,4,1000,1,,高县庆符镇兴盛路,,,
筠连蜀亨酒店,1#,四川快速,乘客电梯,31105115272012030001,,四川快速电梯有限公司,2011-10-28,20111301,MRGL-P,曳引驱动,9,9,9,1000,1.5,2017-07-12,筠连县筠连镇瀛江路30号附1号,,,
筠连蜀亨酒店,2#,四川快速,乘客电梯,31105115272012030002,,四川快速电梯有限公司,2011-07-01,EX1107NO.2233P,EX850-1000/1.5-JX,曳引驱动,11,11,11,1000,1.5,2017-07-12,筠连县筠连镇瀛江路30号附1号,,,
筠连浙商大酒店,1#,四川快速,乘客电梯,31105115272013120017,,四川快速电梯有限公司,2011-05-01,EX1104NO.0980P,MRGL-P-1000/1.5-JX,曳引驱动,12,12,12,1000,1.5,2017-07-12,筠连县筠连镇煤都大道24-26号,,,
筠连浙商大酒店,2#,四川快速,乘客电梯,31105115272013120018,,四川快速电梯有限公司,2011-05-01,EX1104NO.0981P,MRGL-P-1000/1.5-JX,曳引驱动,12,12,12,1000,1.5,2017-07-12,筠连县筠连镇煤都大道24-26号,,,
筠连浙商大酒店,3#,四川快速,乘客电梯,31105115272013120019,,四川快速电梯有限公司,2011-05-01,EX1104NO.0982P,MRGL-P-1000/1.5-JX,曳引驱动,12,12,12,1000,1.5,2017-07-12,筠连县筠连镇煤都大道24-26号,,,
筠连中医医院,1#,三菱,医用电梯,30105115272008070069,,上海三菱电梯有限公司,2007-09-01,709016977,HOPE-IIB,曳引驱动,5,5,5,1800,1,2017-12-03,筠连县筠连镇筠州中路2号,,,
筠连县人民医院,4#,苏州帝奥,乘客电梯,31705115272014050072,,苏州帝奥电梯有限公司,2012-05-29,D2012-516-1,TKJ1000/1.0m/s-JXW.VVVF,曳引驱动,9,9,9,1000,1,2017-03-21,筠连县煤都大道,,,
筠连县人民医院,2#,苏州帝奥,医用电梯,31705115272014050071,,苏州帝奥电梯有限公司,2012-05-29,D2011-2259-2,TBJ1600/1.0m/s-JXW.VVVF,曳引驱动,9,9,9,1000,1,2017-03-21,筠连县煤都大道,,,
筠连县人民医院,1#,苏州帝奥,医用电梯,31705115272014050070,,苏州帝奥电梯有限公司,2012-05-29,D2012-516-2,TBJ1600/1.0m/s-JXW.VVVF,曳引驱动,9,9,9,1000,1,2017-03-21,筠连县煤都大道,,,
筠连县人民医院,3#,苏州帝奥,乘客电梯,31705115272014050073,,苏州帝奥电梯有限公司,2012-05-29,D2011-2259-1,TKJ1000/1.0m/s-JXW.VVVF,曳引驱动,9,9,9,1000,1,2017-03-21,筠连县煤都大道,,,
筠连天和医院,1#,苏州帝奥,医用电梯,31705115272013060006,,苏州帝奥电梯有限公司,2012-03-21,D11-1110,TBJ1600/1.0,曳引驱动,6,6,6,1600,1,2017-03-21,筠连县南郊路116号,,,
筠连祥龙宾馆,1#,三菱,乘客电梯,31105115272010040038,,上海三菱电梯有限公司,2008-01-01,81000306,LEHY-Ⅱ,曳引驱动,9,9,9,1050,1,2017-03-21,筠连县滨河东路三段,,,
江安蓝月楼商务宾馆,1#,米高电梯,乘客电梯,31305115232011050009,,建中米高电梯厂,2010-11-01,K2010-042,TKJ1000/1.0,曳引驱动,6,6,6,1000,1,2017-03-20,江安县城,,,
屏山县中医医院,1#,华森天澳,医用电梯,31705115292014110118,,重庆华森天澳电梯有限公司,2011-01-03,K11048,TBJ1600/1.0-JXW,曳引驱动,7,7,7,1600,1,2017-03-11,屏山县安顺街2号,,,
屏山县中医医院,2#,华森天澳,医用电梯,31705115292014110119,,重庆华森天澳电梯有限公司,2011-01-03,K11049,TBJ1600/1.0-JXW,曳引驱动,7,7,7,1600,1,2017-03-11,屏山县安顺街2号,,,
四川润厚特种纤维有限公司,1#,西尼电梯,载货电梯,3120104232017K0011,,四川西尼电梯有限公司,2017-08-24,XAHW20170801-5,THW2000/1.0,曳引驱动,3,3,3,2000,1,,屏山县屏山镇石盘工业园,,,
四川润厚特种纤维有限公司,2#,西尼电梯,载货电梯,3120104232017K0012,,四川西尼电梯有限公司,2017-08-24,XAHW20170801-4,THW2000/1.0,曳引驱动,3,3,3,2000,1,,屏山县屏山镇石盘工业园,,,
屏山县锦鹏客运有限公司,1#,华森天澳,乘客电梯,,,重庆华森天澳电梯有限公司,2011-05-27,K11010,TBJ1600/1.0-JXW,曳引驱动,4,4,4,1000,1,,屏山县屏山镇,,,
屏山中学,中学,沃克斯电梯,乘客电梯,3110102072017K0001,,沃克斯电梯（中国）有限公司,2017-02-09,V16NA387,VE800/1.5-VVVF,曳引驱动,6,6,6,800,1.5,,屏山县屏山镇,,,
屏山县新县城失地农民安置小区,1栋1#,沃克斯电梯,乘客电梯,3110102072017K0002,,沃克斯电梯（中国）有限公司,2017-02-09,V16NA369,VE1000/1.75-VVVF,曳引驱动,24,24,24,1000,1.75,,屏山县屏山镇,,,
屏山县新县城失地农民安置小区,1栋2#,沃克斯电梯,乘客电梯,3110102072017K0003,,沃克斯电梯（中国）有限公司,2017-02-09,V16NA371,VE1000/1.75-VVVF,曳引驱动,24,24,24,1000,1.75,,屏山县屏山镇,,,
屏山县新县城失地农民安置小区,2栋1#,沃克斯电梯,乘客电梯,3110102072017K0004,,沃克斯电梯（中国）有限公司,2017-02-09,V16NA370,3.01051E+19,曳引驱动,33,33,33,1000,2,,屏山县屏山镇,,,
屏山县新县城失地农民安置小区,2栋2#,沃克斯电梯,乘客电梯,3110102072017K0005,,沃克斯电梯（中国）有限公司,2017-02-09,V16NA372,VE1000/1.75-VVVF,曳引驱动,33,33,33,1000,2,,屏山县屏山镇,,,
屏山县新县城失地农民安置小区,3栋1单元1#,沃克斯电梯,乘客电梯,3110102072017K0006,,沃克斯电梯（中国）有限公司,2017-02-09,V16NA377,VE1000/1.75-VVVF,曳引驱动,25,25,25,1000,1.75,,屏山县屏山镇,,,
屏山县新县城失地农民安置小区,3栋1单元2#,沃克斯电梯,乘客电梯,3110102072017K0007,,沃克斯电梯（中国）有限公司,2017-02-09,V16NA373,VE1000/1.75-VVVF,曳引驱动,25,25,25,1000,1.75,,屏山县屏山镇,,,
屏山县新县城失地农民安置小区,3栋2单元1#,沃克斯电梯,乘客电梯,3110102072017K0008,,沃克斯电梯（中国）有限公司,2017-02-09,V16NA374,VE1000/1.75-VVVF,曳引驱动,25,25,25,1000,1.75,,屏山县屏山镇,,,
屏山县新县城失地农民安置小区,3栋2单元2#,沃克斯电梯,乘客电梯,3110102072017K0009,,沃克斯电梯（中国）有限公司,2017-02-09,V16NA378,VE1000/1.75-VVVF,曳引驱动,25,25,25,1000,1.75,,屏山县屏山镇,,,
屏山县新县城失地农民安置小区,4栋1单元1#,沃克斯电梯,乘客电梯,3110102072017K0010,,沃克斯电梯（中国）有限公司,2017-02-09,V16NA381,VE1000/1.75-VVVF,曳引驱动,24,24,24,1000,1.75,,屏山县屏山镇,,,
屏山县新县城失地农民安置小区,4栋1单元2#,沃克斯电梯,乘客电梯,3110102072017K0011,,沃克斯电梯（中国）有限公司,2017-02-09,V16NA383,VE1000/1.75-VVVF,曳引驱动,24,24,24,1000,1.75,,屏山县屏山镇,,,
屏山县新县城失地农民安置小区,4栋2单元1#,沃克斯电梯,乘客电梯,3110102072017K0012,,沃克斯电梯（中国）有限公司,2017-02-09,V16NA382,VE1000/1.75-VVVF,曳引驱动,24,24,24,1000,1.75,,屏山县屏山镇,,,
屏山县新县城失地农民安置小区,4栋2单元2#,沃克斯电梯,乘客电梯,3110102072017K0013,,沃克斯电梯（中国）有限公司,2017-02-09,V16NA384,VE1000/1.75-VVVF,曳引驱动,24,24,24,1000,1.75,,屏山县屏山镇,,,
屏山县新县城失地农民安置小区,5栋1#,沃克斯电梯,乘客电梯,3110102072017K0014,,沃克斯电梯（中国）有限公司,2017-02-09,V16NA379,VE1000/1.75-VVVF,曳引驱动,25,25,25,1000,1.75,,屏山县屏山镇,,,
屏山县新县城失地农民安置小区,5栋2#,沃克斯电梯,乘客电梯,3110102072017K0015,,沃克斯电梯（中国）有限公司,2017-02-09,V16NA375,VE1000/1.75-VVVF,曳引驱动,25,25,25,1000,1.75,,屏山县屏山镇,,,
屏山县新县城失地农民安置小区,6栋1#,沃克斯电梯,乘客电梯,3110102072017K0016,,沃克斯电梯（中国）有限公司,2017-02-09,V16NA380,VE1000/1.75-VVVF,曳引驱动,25,25,25,1000,1.75,,屏山县屏山镇,,,
屏山县新县城失地农民安置小区,6栋2#,沃克斯电梯,乘客电梯,3110102072017K0017,,沃克斯电梯（中国）有限公司,2017-02-09,V16NA367,VE1000/1.75-VVVF,曳引驱动,25,25,25,1000,1.75,,屏山县屏山镇,,,
屏山县新县城失地农民安置小区,7栋1#,沃克斯电梯,乘客电梯,3110102072017K0018,,沃克斯电梯（中国）有限公司,2017-02-09,V16NA386,VE1000/1.75-VVVF,曳引驱动,23,23,23,1000,1.75,,屏山县屏山镇,,,
屏山县新县城失地农民安置小区,7栋2#,沃克斯电梯,乘客电梯,3110102072017K0019,,沃克斯电梯（中国）有限公司,2017-02-09,V16NA385,VE1000/1.75-VVVF,曳引驱动,23,23,23,1000,1.75,,屏山县屏山镇,,,
柏溪柏领佳苑小区,1栋1单元,上海三洋,乘客电梯,31105115212013120004,,上海三洋电梯有限公司,2011-05-01,SHS(SC)10087L2,VF320,曳引驱动,11,11,11,1050,1.5,2017-11-05,宜宾县柏溪镇育才路,,,
柏溪柏领佳苑小区,1栋2单元,上海三洋,乘客电梯,31105115212013120005,,上海三洋电梯有限公司,2011-05-01,SHS(SC)10087L1,VF320,曳引驱动,11,11,11,1050,1.5,2017-11-05,宜宾县柏溪镇育才路,,,
柏溪柏领佳苑小区,2栋1单元1#,上海三洋,乘客电梯,31105115212013120007,,上海三洋电梯有限公司,2011-05-01,SHS(SC)10087L3,VF320,曳引驱动,25,25,25,825,1.5,2017-11-05,宜宾县柏溪镇育才路,,,
柏溪柏领佳苑小区,2栋1单元2#,上海三洋,乘客电梯,31105115212013120006,,上海三洋电梯有限公司,2011-05-01,SHS(SC)10087L6,VF320,曳引驱动,25,25,25,825,1.5,2017-11-05,宜宾县柏溪镇育才路,,,
柏溪柏领佳苑小区,2栋2单元1#,上海三洋,乘客电梯,31105115212013120008,,上海三洋电梯有限公司,2011-05-01,SHS(SC)10087L5,VF320,曳引驱动,25,25,25,825,1.75,2017-11-05,宜宾县柏溪镇育才路,,,
柏溪柏领佳苑小区,2栋2单元2#,上海三洋,乘客电梯,31105115212013120009,,上海三洋电梯有限公司,2011-05-01,SHS(SC)10087L7,VF320,曳引驱动,26,26,26,825,1.75,2017-11-05,宜宾县柏溪镇育才路,,,
柏溪柏领佳苑小区,2栋3单元1#,上海三洋,乘客电梯,31105115212013120010,,上海三洋电梯有限公司,2011-05-01,SHS(SC)10087L4,VF320,曳引驱动,25,25,25,825,1.75,2017-11-05,宜宾县柏溪镇育才路,,,
柏溪柏领佳苑小区,2栋3单元2#,上海三洋,乘客电梯,31105115212013120011,,上海三洋电梯有限公司,2011-05-01,SHS(SC)10087L8,VF320,曳引驱动,26,26,26,825,1.75,2017-11-05,宜宾县柏溪镇育才路,,,
江安鑫时代装饰城,3#,康力电梯,乘客电梯,31105115022016060105,,康力电梯股份有限公司,2015-08-01,10028262-0050,KLH/VF2000/1.0,曳引驱动,4,4,4,2000,1,2017-08-13,江安鑫时代装饰城,,,
江安鑫时代装饰城,4#,康力电梯,乘客电梯,31105115022016060106,,康力电梯股份有限公司,2015-08-01,10028262-0060,KLH/VF2000/1.0,曳引驱动,4,4,4,2000,1,2017-08-13,江安鑫时代装饰城,,,
江安鑫时代装饰城,观光电梯1#,康力电梯,观光电梯,31105115022016060103,,康力电梯股份有限公司,2015-07-01,10028262-0020,KLWG/VF1600/1.0,曳引驱动,4,4,4,1600,1,2017-08-13,江安鑫时代装饰城,,,
江安鑫时代装饰城,观光电梯2#,康力电梯,观光电梯,31105115022016060104,,康力电梯股份有限公司,2015-07-01,10028262-0010,KLWG/VF1600/1.0,曳引驱动,4,4,4,1600,1,2017-08-13,江安鑫时代装饰城,,,
金江外滩3期,1号楼3单元1#,西继迅达,乘客电梯,31105115212016090042,,西继迅达（许昌）电梯有限公司,,1209036SC-071,9000-KT-10-17-2-XS,曳引驱动,27,27,27,1000,1.75,2017-06-04,宜宾县柏溪镇育才路,,,
金江外滩3期,1号楼3单元3#,西继迅达,乘客电梯,31105115212016090044,,西继迅达（许昌）电梯有限公司,,1209036SC-109,9000-KT-08-17-2-XS,曳引驱动,27,27,27,800,1.75,2017-06-04,宜宾县柏溪镇育才路,,,
金江外滩3期,1号楼3单元2#,西继迅达,乘客电梯,31105115212016090043,,西继迅达（许昌）电梯有限公司,,1209036SC-110,9000-KT-08-17-2-XS,曳引驱动,27,27,27,800,1.75,2017-06-04,宜宾县柏溪镇育才路,,,
金江外滩3期,3号楼1#,西继迅达,乘客电梯,31105115212016090041,,西继迅达（许昌）电梯有限公司,,1209036SC-111,9000-KT-08-17-2-XS,曳引驱动,27,27,27,800,1.75,2017-06-04,宜宾县柏溪镇育才路,,,
金江外滩3期,3号楼2#,西继迅达,乘客电梯,31105115212016090040,,西继迅达（许昌）电梯有限公司,,1209036SC-113,9000-KT-10-17-2-XS,曳引驱动,27,27,27,1000,1.75,2017-06-04,宜宾县柏溪镇育才路,,,
金江外滩3期,3栋1单元1#,西继迅达,乘客电梯,31105115022015060001,,西继迅达（许昌）电梯有限公司,2014-06-04,1209036SC-098,9000-KT-08-17-2-XS,曳引驱动,27,27,27,800,1.75,2017-10-11,宜宾县柏溪镇育才路,,,
水富金沙明珠,1#,四川快速,乘客电梯,31505306002010040001,,四川快速电梯有限公司,2009-09-01,EX0908NO.1099O,EX8500,曳引驱动,6,6,6,1000,1.5,2017-07-15,水富县人民东路,,,
水富金沙明珠,2#,四川快速,观光电梯,31105306002010040001,,四川快速电梯有限公司,2009-09-01,EX0908NO.1100O,EX8500,曳引驱动,4,4,4,1000,1,2017-07-15,水富县人民东路,,,
水富县第一中学,1#,日立电梯,乘客电梯,31105306002012070001,,广州日立电梯有限公司,2011-05-01,11002333001,MAX-E630-CO1.0,曳引驱动,4,4,4,630,1,2017-07-15,水富县第一中学,,,
水富县第一中学,2#,日立电梯,乘客电梯,31105306002012070002,,广州日立电梯有限公司,2011-05-01,11002333002,MAX-E630-CO1.0,曳引驱动,4,4,4,630,1,2017-07-15,水富县第一中学,,,
绥江县国家税务局,1#,杭州西奥,乘客电梯,31105306262013040001,,杭州西奥电梯有限公司,2012-05-01,XOK36878,XO-CONDA,曳引驱动,15,15,15,1000,1.5,2017-11-25,昭通市绥江县中城镇保宁街2号,,,
绥江县国家税务局,2#,杭州西奥,乘客电梯,31105306262013040002,,杭州西奥电梯有限公司,2012-05-01,XOK36879,XO-CONDA,曳引驱动,15,15,15,1000,1.5,2017-11-25,昭通市绥江县中城镇保宁街2号,,,
绥江县国家税务局,3#,杭州西奥,乘客电梯,31105306262013040003,,杭州西奥电梯有限公司,2012-05-01,XOK36880,XO-CONDA,曳引驱动,15,15,15,1000,1.5,2017-11-25,昭通市绥江县中城镇保宁街2号,,,
绥江县水利局,1#,西成电梯,乘客电梯,31105306262014030001,,成都西成电梯有限公司,2012-07-01,XC20120601,SMSK,曳引驱动,6,6,6,1000,1.75,2017-07-15,绥江县县府街9号,,,
长宁竹海世外桃源酒店,A-1,三菱,乘客电梯,30105115242007050009,,上海三菱电梯有限公司,2006-01-01,60500192,HOPE-II,曳引驱动,5,5,5,1350,1.75,2017-09-06,长宁竹海世外桃源酒店,,,
长宁竹海世外桃源酒店,A-2,三菱,乘客电梯,30105115242007050010,,上海三菱电梯有限公司,2006-01-01,605005553,HOPE-II,曳引驱动,5,5,5,1350,1.75,2017-09-06,长宁竹海世外桃源酒店,,,
长宁竹海世外桃源酒店,A-3,三菱,乘客电梯,30105115242007050011,,上海三菱电梯有限公司,2006-01-01,605005554,HOPE-II,曳引驱动,5,5,5,1050,1,2017-09-06,长宁竹海世外桃源酒店,,,
长宁竹海世外桃源酒店,B-1,三菱,乘客电梯,30105115242007050012,,上海三菱电梯有限公司,2006-01-01,605005511,HOPE-II,曳引驱动,5,5,5,1350,1.75,2017-09-06,长宁竹海世外桃源酒店,,,
长宁竹海世外桃源酒店,B-2,三菱,乘客电梯,30105115242007050014,,上海三菱电梯有限公司,2006-01-01,605005552,HOPE-II,曳引驱动,5,5,5,1350,1.75,2017-09-06,长宁竹海世外桃源酒店,,,
长宁竹海世外桃源酒店,B-3,三菱,乘客电梯,30105115242007050013,,上海三菱电梯有限公司,2006-01-01,605005191,HOPE-II,曳引驱动,5,5,5,1050,1,2017-09-06,长宁竹海世外桃源酒店,,,
长宁竹海世外桃源酒店,会议1#,三菱,乘客电梯,30105115242007050004,,上海三菱电梯有限公司,2017-01-01,605005301,ELENESSA,曳引驱动,3,3,3,1050,1.6,2017-09-05,长宁竹海世外桃源酒店,,,
长宁竹海世外桃源酒店,会议2#,三菱,乘客电梯,30105115242007050005,,上海三菱电梯有限公司,2007-01-01,605005302,ELENESSA,曳引驱动,3,3,3,1050,1.6,2017-09-05,长宁竹海世外桃源酒店,,,
长宁竹海世外桃源酒店,会议5#,三菱,乘客电梯,30105115242007050007,,上海三菱电梯有限公司,2007-01-01,605005305,ELENESSA,曳引驱动,3,3,3,1050,1.6,2017-09-05,长宁竹海世外桃源酒店,,,
长宁竹海世外桃源酒店,洗浴中心1#,三菱,乘客电梯,30105115242007050001,,上海三菱电梯有限公司,2007-01-01,605005298,ELENESSA,曳引驱动,4,4,4,1050,1.6,2017-09-05,长宁竹海世外桃源酒店,,,
长宁竹海世外桃源酒店,洗浴中心2#,三菱,乘客电梯,30105115242007000000,,上海三菱电梯有限公司,2007-01-01,605005299,ELENESSA,曳引驱动,4,4,4,1050,1.6,2017-09-05,长宁竹海世外桃源酒店,,,
长宁竹海世外桃源酒店,洗浴中心3#,三菱,乘客电梯,30105115242007050003,,上海三菱电梯有限公司,2007-01-01,605005295,ELENESSA,曳引驱动,4,4,4,1050,1.6,2017-09-05,长宁竹海世外桃源酒店,,,
宜宾学院,美食城1#,华森天澳,乘客电梯,31505115022014110025,,重庆华森天澳电梯有限公司,2012-02-01,K12009,TGJ1000/1.0-JXW,曳引驱动,4,4,4,1000,1,2017-02-05,宜宾江北,,,
柏溪滨丽商务酒店,1#,华森天澳,乘客电梯,31105115212016010007,,重庆华森天澳电梯有限公司,2015-08-01,15070934,TWJ800/1.0-JXW,曳引驱动,8,8,8,800,1,2017-09-19,宜宾市宜宾县柏溪镇,,,
柏溪万兴现代城.加州阳光,6栋,三菱,乘客电梯,31105115212011030024,,上海三菱电梯有限公司,2018-12-01,812027662,LEHY-II,曳引驱动,17,17,17,1050,1.6,2017-04-04,宜宾县柏溪,,,
柏溪万兴现代城.加州阳光,7栋,三菱,乘客电梯,31105115212011030023,,上海三菱电梯有限公司,2018-12-01,812027661,LEHY-II,曳引驱动,17,17,17,1050,1.6,2017-04-04,宜宾县柏溪,,,
柏溪万兴现代城.加州阳光,8栋,三菱,乘客电梯,31105115212011030025,,上海三菱电梯有限公司,2018-12-01,812027660,LEHY-II,曳引驱动,17,17,17,1050,1.6,2017-04-04,宜宾县柏溪,,,
南岸春江花园,1#,三菱,乘客电梯,30105115022008060001 ,,上海三菱电梯有限公司,2005-12-01,512017145,HOPE-II,曳引驱动,12,12,12,800,1,2017-06-15,宜宾市翠屏区南岸,,,
南岸春江花园,2#,三菱,乘客电梯,30105115022008060002,,上海三菱电梯有限公司,2005-12-01,512017146,HOPE-II,曳引驱动,12,12,12,800,1,2017-06-15,宜宾市翠屏区南岸,,,
珙县凯瑞商务酒店,1#,新力,乘客电梯,31105115262012010046,,佛山新力电梯有限公司,2010-06-01,106XL153166,TKJ450/1.0JX,曳引驱动,6,6,6,450,1,2017-01-04,珙县巡场镇金新巷33号,,,
珙县凌豪大酒店 ,2#,佳登曼,乘客电梯,,,上海佳登曼电梯有限公司,,,,曳引驱动,,,,630,1,2017-12-25,珙县巡场镇文鑫街,,,
珙县御景湾风尚酒店,1#,西尼电梯,乘客电梯,31105115262014040056,,西尼电梯（杭州）有限公司,2011-3-30,K11-073-02-0319-3#,TKJ450/1.0-JXW-VVVF,曳引驱动,7,7,7,450,1,2017-12-25,珙县巡场镇金新巷4号,,,
江安健朗医院,1#,菱怡,乘客电梯,31705115232014120010,,苏州菱怡电梯有限公司,2014-03-10,LY1402141,TBJ1600/1.0,曳引驱动,6,6,6,1600,1,2017-06-04,江安县四面山镇,,,
筠连筠山都市小区,3栋2号（L4,优力维特,乘客电梯,31105115022015040078 ,,北京优力维特电梯有限公司,2013-12-01,201312009,TKJ800/1.5,曳引驱动,18,18,18,800,1.5,2017-07-12,筠连县小南街32号,,,
筠连筠山都市小区,4栋1号(L1),优力维特,乘客电梯,31105115022015040075,,北京优力维特电梯有限公司,2013-12-01,201312006,TKJ800/1.5,曳引驱动,18,18,18,800,1.5,2017-07-12,筠连县小南街32号,,,
南溪九龙大酒店,1#,四川快速,乘客电梯,30105115222007110054,,四川快速电梯有限公司,2006-01-01,2006261,MRGL-O,曳引驱动,5,5,5,800,1,2017-03-11,南溪迎宾巷9#,,,
宜宾市南溪区森林管理所,1#,美迪斯,乘客电梯,31105115032013070027,,美迪斯电梯有限公司,2012-10-18,M120815,ST,曳引驱动,15,15,15,1000,1.75,2017-04-27,宜宾市南溪区,,,
宜宾市南溪区森林管理所,2#,美迪斯,乘客电梯,31105115032013070028,,美迪斯电梯有限公司,2012-10-18,M120816,ST,曳引驱动,15,15,15,1000,1.75,2017-04-27,宜宾市南溪区,,,
南溪驿佳宾馆,1#,华森天澳,乘客电梯,31105115022014070015,,重庆华森天澳电梯有限公司,2013-07-01,K13035,TKJ800/1.0-JXW,曳引驱动,5,5,5,800,1,2017-04-27,南溪区长江大道324号,,,
四川普什醋酸纤维素有限责任公司,CA1#,苏州东南,乘客电梯,32105115242010050001,,苏州东南电梯（集团）有限公司,209-07-01,J6086TJ137,THJBQ3000/0.5,曳引驱动,5,5,5,3000,0.5,2017-03-30,宜宾长宁,,,
四川普什醋酸纤维素有限责任公司,CA-2#,浙江梅轮,乘客电梯,32105115242014070017,,浙江梅轮电扶梯成套有限公司,2011-02-01,FSL1011802,MLH3000-0.5-JXW,曳引驱动,2,2,2,3000,0.5,2017-03-30,宜宾长宁,,,
宜宾市清源水务有限公司四水厂,1#,西继电梯,乘客电梯,31105115022013070034,,许昌西继电梯有限公司,2010-12-01,1011001SC-002,9000-KT-06-10-2-F,曳引驱动,5,5,5,630,1,2017-04-04,翠屏区南岸,,,
绥江县农业局,2#,杭州西奥,乘客电梯,31105306262013030043,,杭州西奥电梯有限公司,2012-04-24,XOK36529,XO-CONDA,曳引驱动,6,6,6,1000,1,2016-07-25,绥江县新县城B区,,,
兴文苗城印象,1#,康力电梯,乘客电梯,31105115282015090039,,康力电梯股份有限公司,2015-06-01,10027892-0030,KLWG/VF800/1.0,曳引驱动,4,4,4,800,1,2016-06-23,兴文苗城印象,,,
兴文县石海名都,3-3,益阳西思特,乘客电梯,31105115282013100003,,益阳西思特电梯有限公司,2010-01-01,1001151,CEN3000F3KJ-1000/1.75,曳引驱动,17,17,17,1000,1.75,2017-01-22,兴文县石海名都,,,
兴文县石海名都,4-1,益阳西思特,乘客电梯,31105115282013100002,,益阳西思特电梯有限公司,2016-01-22,1001152,CEN3000F3KJ-1000/1.75,曳引驱动,17,17,17,1000,1.75,2017-01-22,兴文县石海名都,,,
兴文县石海名都,4-2#,益阳西思特,乘客电梯,31105115282013100001,,益阳西思特电梯有限公司,2010-01-01,1001153,CEN3000F3KJ-1000/1.75,曳引驱动,17,17,17,1000,1.75,2017-01-22,兴文县石海名都,,,
巡场芙蓉大酒店,1#,武汉智能,乘客电梯,301051126200806004,,武汉智能电梯有限公司,2013-08-01,2003-08-109/A,TKJ630/1.0-JXVF,曳引驱动,7,7,7,630,1,2017-12-19,珙县巡场镇新桥街113号,,,
巡场芙蓉大酒店 ,2#,成都西成,观光电梯,3130511526214040059,,成都西成电梯有限公司,2012-09-01,XC20120814,SMSB7000-1000.10,曳引驱动,3,3,3,1000,1,2017-01-04,珙县巡场镇新桥街113号,,,
珙县巡场镇蜀南商业苑,2#,华森天澳,乘客电梯,31105115262015060168,,重庆华森天澳电梯有限公司,2011-03-01,YG1102P295,XEVP800/1.0-C00.8-JW.CY,曳引驱动,11,11,11,800,1,2017-06-04,珙县巡场镇步行街,,,
珙县巡场镇蜀南商业苑,1#,迅业,乘客电梯,31105115262010010002,,广州市迅业电梯有限公司,2009-08-01,H10908076,XEVP800/1.0-C00.8-JW.CY,曳引驱动,11,11,11,800,1,2017-06-04,珙县巡场镇步行街,,,
巡场雪盛房产A区,A区,佳登曼,乘客电梯,31105115262014040057,,四川佳登曼电梯有限公司,2008-05-01,8081,GODK800/1.0,曳引驱动,12,12,12,800,1,2017-07-11,珙县巡场步行街,,,
珙县巡场阳光半岛酒店,1#,西尼电梯,乘客电梯,31105115262016010054,,西尼电梯（杭州）有限公司,2011-03-30,K11-073-02-0319-4#,TWJ800/1.0-JXW,曳引驱动,7,7,7,630,1,2017-07-04,珙县巡场镇,,,
巡场中西医结合医院,1#,美迪斯,乘客电梯,31105115262016000000,,美迪斯电梯有限公司,2015-04-01,M1503133,TWJ800/1.0-JXW,曳引驱动,6,6,6,800,1,2017-04-04,珙县巡场,,,
宜宾市清源水务有限公司一水厂,1#,许昌西继,乘客电梯,31105115022013070033,,许昌西继电梯有限公司,2010-12-01,1011001SC-001,9000-KT-06-10-2-F,曳引驱动,10,10,10,630,1,2017-04-29,翠屏区,,,
宜宾昊昇农业投资发展有限公司,1#,西继迅达,观光电梯,31105115022015040072,,西继迅达（许昌）电梯有限公司,2013-09-24,1308159SC-001,9000-WT-10-10-2-XS,曳引驱动,3,3,3,1000,1,2017-10-26,宜宾市临港区装备城,,,
宜宾市城景商务宾馆,1#,三菱,乘客电梯,31105115022013020003,,日本三菱（重庆华森天澳电梯有限公司改造）,2009-09-20,201001007,TKJ1000/1.0,曳引驱动,7,7,7,1000,1,2017-04-04,南岸柑子园街,,,
宜宾市凯凡商务酒店,1#,西尼电梯,乘客电梯,31105115022013110019,,西尼电梯（杭州）有限公司,2011-01-01,KW10-650-12-1222-1,TKJW450/1.0-JXW-VVVF,曳引驱动,3,3,3,450,1,2017-04-05,滨江路,,,
宜宾上游印象酒店,2#,三菱,乘客电梯,31505115022012110004,,上海三菱电梯有限公司,2010-01-01,10N2C10-133-1,,曳引驱动,8,8,8,1050,1,2017-06-13,翠屏区宜庆东街9号,,,
宜宾华誉物业管理有限公司,1#,三菱,乘客电梯,30105115022008060001,,上海三菱电梯有限公司,2005-12-01,512017145,,曳引驱动,,,,,,,翠屏区上江北致富路168号,,,
宜宾华誉物业管理有限公司,2#,三菱,乘客电梯,30105115022008060002,,上海三菱电梯有限公司,2005-12-01,512017146,,曳引驱动,,,,,,,翠屏区上江北致富路168号,,,
四川玛谱丽服装有限公司,1#,西继迅达,载货电梯,32105115232014110144,,西继迅达（许昌）电梯有限公司,2014-09-17,1407071SC-001,9000-HT-30-05-4-XS,曳引驱动,3,3,3,3000,0.5,2017-06-04,四川省江安县水清镇新窝头村,,,
鑫时代装饰城,观光1#,康力电梯,乘客电梯,31105115022016060103,,康力电梯股份有限公司,2014-07-01,10028262-0020,KLWG/VF1600/1.0,曳引驱动,4,4,4,1600,1,,江安县南屏大道鑫时代装饰城,,,
鑫时代装饰城,观光2#,康力电梯,乘客电梯,31105115022016060104,,康力电梯股份有限公司,2014-07-01,10028262-0010,KLWG/VF1600/1.0,曳引驱动,4,4,4,1600,1,,江安县南屏大道鑫时代装饰城,,,
鑫时代装饰城,货运电梯3#,康力电梯,载货电梯,31105115022016060105,,康力电梯股份有限公司,2015-08-01,10028262-0050,KLH/VF2000/1.0,曳引驱动,4,4,4,2000,1,,江安县南屏大道鑫时代装饰城,,,
鑫时代装饰城,货运电梯2#,康力电梯,载货电梯,31105115022016060106,,康力电梯股份有限公司,2015-08-01,10028262-0060,KLH/VF2000/1.0,曳引驱动,4,4,4,2000,1,,江安县南屏大道鑫时代装饰城,,,
宜宾市荣鑫商贸有限公司,1#,柳州富士,观光电梯,31305115022013120043,,柳州富士电梯有限公司,2009-04-20,LFK2009-0408,TKJW1000/1.6-JXW,曳引驱动,15,15,15,1000,1.6,2017-06-05,宜宾市翠屏区人民路323号,,,
宜宾市荣鑫商贸有限公司,2#,柳州富士,观光电梯,31305115022013120044,,柳州富士电梯有限公司,2009-04-20,LFK2009-0409,TGJW1000/1.5-JXW,曳引驱动,15,15,15,1000,1.5,2017-06-05,宜宾市翠屏区人民路323号,,,
宜宾市荣鑫商贸有限公司,3#,柳州富士,观光电梯,31305115022013120045,,柳州富士电梯有限公司,2009-04-20,LFK2009-0410,TGJW1000/1.5-JXW,曳引驱动,15,15,15,1000,1.5,2017-06-05,宜宾市翠屏区人民路323号,,,
宜宾市三江机械厂,54栋1#,西继迅达,乘客电梯,31105115212015120005,,西继迅达（许昌）电梯有限公司,2014-07-07,1306023SC-001,9000-KT-10-15-2-XS,曳引驱动,12,12,12,1000,1.5,2017-02-02,宜宾翠屏区岷江北路72号,,,
宜宾市三江机械厂,55栋1#,西继迅达,乘客电梯,31105115212015120006,,西继迅达（许昌）电梯有限公司,2014-07-07,1306023SC-002,9000-KT-10-17-2-XS,曳引驱动,24,24,24,1000,1.75,2017-02-02,宜宾翠屏区岷江北路72号,,,
宜宾市三江机械厂,55栋2#,西继迅达,乘客电梯,31105115212015120007,,西继迅达（许昌）电梯有限公司,2014-07-07,1306023SC-003,9000-KT-10-17-2-XS,曳引驱动,24,24,24,1000,1.75,2017-02-02,宜宾翠屏区岷江北路72号,,,
宜宾县精神病医院,1#,辽宁富士,医用电梯,31705115212013020001,,辽宁富士电梯有限公司,2012-08-01,DC20120840,TBJ1600/1.0-JXW,曳引驱动,7,7,7,1600,1,2017-02-04,宜宾县普安镇,,,
宜宾县精神病医院,2#,辽宁富士,乘客电梯,31105115212013020002,,辽宁富士电梯有限公司,2012-08-01,DC20120841,TKJ1000/1.5-JXW,曳引驱动,7,7,7,1600,1.5,2017-02-04,宜宾县普安镇,,,
宜宾县祥和花园,2#,益阳西思特,乘客电梯,31105115022009010030,,益阳西意恩特电梯有限公司,2008-09-01,809115,CEN3000F3KJ-1000/1.75,曳引驱动,16,16,16,1000,1.75,2017-04-04,宜宾县迎宾街,,,
宜宾县祥和花园,1#,益阳西思特,乘客电梯,31105115022009010029,,益阳西意恩特电梯有限公司,2008-09-01,809116,CEN3000F3KJ-1000/1.75,曳引驱动,16,16,16,1000,1.75,2017-04-04,宜宾县迎宾街,,,
宜宾长江源酿酒有限公司,1#,华森天澳,载货电梯,31105115032016040047,,重庆华森天澳电梯有限公司,2015-09-10,H15038,THJW1000/0.5-JXW,曳引驱动,4,4,4,1000,0.5,2017-10-15,南溪区南溪镇川组四社（制曲大楼）,,,
长宁明达商务宾馆,1#,美迪斯,乘客电梯,31105115242016080105,,美迪斯电梯有限公司,2014-06-01,M140528,ST,曳引驱动,7,7,7,800,1,2017-08-20,长宁县城西路,,,
长宁蜀南大酒店,1#,辽宁富士,乘客电梯,31505115242015030004,,辽宁富士电梯有限公司,2011-05-03,CD20110103,TKJ-1350/1.0,曳引驱动,3,3,3,1350,1,2017-03-11,宜宾市长宁县,,,
宜宾竹海酒业有限公司,办公大楼3#,西继迅达,乘客电梯,31305115242014110028,,西继迅达（许昌）电梯有限公司,2014-04-14,1310024CS-003,9000-WT-11-10-2-XS,曳引驱动,4,4,4,1150,1,2017-06-10,长宁县竹海镇,,,
宜宾竹海酒业有限公司,包装车间1#,西继迅达,乘客电梯,32105115242014110026,,西继迅达（许昌）电梯有限公司,2014-04-14,1310024CS-001,8000-HT-20-05-2-XS,曳引驱动,4,4,4,2000,0.5,2017-06-10,长宁县竹海镇,,,
宜宾竹海酒业有限公司,陶坛库2#,西继迅达,乘客电梯,32105115242014110027,,西继迅达（许昌）电梯有限公司,2014-04-14,1310024CS-002,8000-HT-20-05-2-XS,曳引驱动,4,4,4,2000,0.5,2017-06-10,长宁县竹海镇,,,
