格力新元电子,,上海三菱电梯有限公司,载货电梯,32104404002012040007,,,,,HOPE-IIG,曳引驱动,,,,,,2018-3-29,斗门区龙山工业园,,,
格力新元电子,,上海三菱电梯有限公司,载货电梯,32104404002012040006,,,,,HOPE-IIG,曳引驱动,,,,,,2018-3-29,斗门区龙山工业园,,,
格力新元电子,,上海三菱电梯有限公司,载货电梯,32104404002012040005,,,,,HOPE-IIG,曳引驱动,,,,,,2018-3-29,斗门区龙山工业园,,,
格力新元电子,,上海三菱电梯有限公司,载货电梯,32104404002012040004,,,,,HOPE-IIG,曳引驱动,,,,,,2018-3-29,斗门区龙山工业园,,,
格力新元电子,,上海三菱电梯有限公司,载货电梯,32104404002012040003,,,,,HOPE-IIG,曳引驱动,,,,,,2018-3-29,斗门区龙山工业园,,,
润珠商贸,3#,西子西奥电梯有限公司,乘客电梯,31104404002018070008,,,,,TKJ1050/1.5-JXW,曳引驱动,,,,,,2017-12-13,金湾区金岛路与虹阳路交汇处,,,
朝阳花园,,日立电梯（中国）有限公司,乘客电梯,31104404002017010120,,,,,LCA-0825-CO90,曳引驱动,,,,,,2017-9-27,拱北夏湾朝阳花园15栋,,,
运圣工贸,,日立电梯（中国）有限公司,乘客电梯,32104404002017010010,,,,,LE-3000-2S30,曳引驱动,,,,,,2017-11-13,红旗镇联港工业区红灯片区永安中路10号,,,
九洲大厦,,广州电梯工业公司,乘客电梯,30104404001998090005,,,,,GVF,曳引驱动,,,,,,2018-4-16,吉大九洲大道1巷1号九洲大厦,,,
九洲大厦,,广州电梯工业公司,乘客电梯,30104404001998090004,,,,,GVF,曳引驱动,,,,,,2018-4-16,吉大九洲大道1巷1号九洲大厦,,,
梅华街道办,,日立电梯（中国）有限公司,乘客电梯,31104404002016120200,,,,,MCA-1050-C090,曳引驱动,,,,,,2017-9-19,香洲梅华街道,,,
英搏尔,8#,珠江富士电梯（中国）有限公司,乘客电梯,32104404002017100014,,,,,GSTK3000/0.5-JXW(VVVF),曳引驱动,,,,,,2017-9-15,创新海岸科技六路7号,,,
英搏尔,9#,珠江富士电梯（中国）有限公司,乘客电梯,32104404002017100013,,,,,GSTK3000/0.5-JXW(VVVF),曳引驱动,,,,,,2017-9-15,创新海岸科技六路7号,,,
人社局,2#,康力电梯股份有限公司,乘客电梯,31104404002018020003,,,,,KLK1,曳引驱动,,,,,,2018-1-25,珠海市香洲区康宁路66号劳动大厦,,,
盈彩美居,1栋2单元L8,苏州江南快速电梯有限公司,乘客电梯,31104404002009050023,,,,,P1000G17W-C0,曳引驱动,,,,,,2017-7-31,香洲红山路33号,,,
盈彩美居,1栋2单元L7,苏州江南快速电梯有限公司,乘客电梯,31104404002009050022,,,,,P1000G17W-C0,曳引驱动,,,,,,2017-7-31,香洲红山路33号,,,
盈彩美居,1栋1单元L6,苏州江南快速电梯有限公司,乘客电梯,31104404002009050021,,,,,P1000G17W-C0,曳引驱动,,,,,,2017-7-31,香洲红山路33号,,,
盈彩美居,1栋1单元L5,苏州江南快速电梯有限公司,乘客电梯,31104404002009050020,,,,,P1000G17W-C0,曳引驱动,,,,,,2017-7-31,香洲红山路33号,,,
盈彩美居,2栋2单元L4,苏州江南快速电梯有限公司,乘客电梯,31104404002009050019,,,,,P1000G17W-C0,曳引驱动,,,,,,2017-7-31,香洲红山路33号,,,
盈彩美居,2栋2单元L3,苏州江南快速电梯有限公司,乘客电梯,31104404002009050018,,,,,P1000G17W-C0,曳引驱动,,,,,,2017-7-31,香洲红山路33号,,,
盈彩美居,2栋1单元L2,苏州江南快速电梯有限公司,乘客电梯,31104404002009050017,,,,,P1000G17W-C0,曳引驱动,,,,,,2017-7-31,香洲红山路33号,,,
盈彩美居,2栋1单元L1,苏州江南快速电梯有限公司,乘客电梯,31104404002009050016,,,,,P1000G17W-C0,曳引驱动,,,,,,2017-7-31,香洲红山路33号,,,
志洪嘉园,21栋,佛山市新力电梯有限公司,乘客电梯,31104420002010060044,,,,,TKJ800/1.5-JX,曳引驱动,,,,,,2017-5-23,中山市坦洲十四村志洪嘉园1栋,,,
志洪嘉园,20栋,佛山市新力电梯有限公司,乘客电梯,31104420002010060043,,,,,TKJ800/1.5-JX,曳引驱动,,,,,,2017-5-23,中山市坦洲十四村志洪嘉园1栋,,,
志洪嘉园,19栋,佛山市新力电梯有限公司,乘客电梯,31104420002010060045,,,,,TKJ800/1.0-JX,曳引驱动,,,,,,2017-5-23,中山市坦洲十四村志洪嘉园1栋,,,
志洪嘉园,18栋,佛山市新力电梯有限公司,乘客电梯,31104420002012080104,,,,,TKJ800/1.0-JX,曳引驱动,,,,,,2017-5-23,中山市坦洲十四村志洪嘉园1栋,,,
志洪嘉园,17栋,佛山市新力电梯有限公司,乘客电梯,31104420002012080103,,,,,TKJ800/1.0-JX,曳引驱动,,,,,,2017-5-23,中山市坦洲十四村志洪嘉园1栋,,,
志洪嘉园,16栋,佛山市新力电梯有限公司,乘客电梯,31104420002012080102,,,,,TKJ800/1.0-JX,曳引驱动,,,,,,2017-5-23,中山市坦洲十四村志洪嘉园1栋,,,
志洪嘉园,15栋,佛山市新力电梯有限公司,乘客电梯,31104420002010060069,,,,,TKJ800/1.5-JX,曳引驱动,,,,,,2017-5-23,中山市坦洲十四村志洪嘉园1栋,,,
志洪嘉园,14栋,佛山市新力电梯有限公司,乘客电梯,31104420002010060071,,,,,TKJ800/1.5-JX,曳引驱动,,,,,,2017-5-23,中山市坦洲十四村志洪嘉园1栋,,,
志洪嘉园,13栋,佛山市新力电梯有限公司,乘客电梯,31104420002010060046,,,,,TKJ800/1.5-JX,曳引驱动,,,,,,2017-5-23,中山市坦洲十四村志洪嘉园1栋,,,
志洪嘉园,12栋,佛山市新力电梯有限公司,乘客电梯,31104420002010060065,,,,,TKJ800/1.0-JX,曳引驱动,,,,,,2017-5-23,中山市坦洲十四村志洪嘉园1栋,,,
志洪嘉园,11栋,佛山市新力电梯有限公司,乘客电梯,31104420002010060067,,,,,TKJ800/1.0-JX,曳引驱动,,,,,,2017-5-23,中山市坦洲十四村志洪嘉园1栋,,,
志洪嘉园,10栋,佛山市新力电梯有限公司,乘客电梯,31104420002010060066,,,,,TKJ800/1.0-JX,曳引驱动,,,,,,2017-5-23,中山市坦洲十四村志洪嘉园1栋,,,
志洪嘉园,9栋,佛山市新力电梯有限公司,乘客电梯,31104420002010060070,,,,,TKJ800/1.5-JX,曳引驱动,,,,,,2017-5-23,中山市坦洲十四村志洪嘉园1栋,,,
志洪嘉园,8栋,佛山市新力电梯有限公司,乘客电梯,31104420002010060068,,,,,TKJ800/1.5-JX,曳引驱动,,,,,,2017-5-23,中山市坦洲十四村志洪嘉园1栋,,,
志洪嘉园,7栋,佛山市新力电梯有限公司,乘客电梯,31104420002010060064,,,,,TKJ800/1.6-JX,曳引驱动,,,,,,2017-5-23,中山市坦洲十四村志洪嘉园1栋,,,
志洪嘉园,6栋,佛山市新力电梯有限公司,乘客电梯,31104420002010060063,,,,,TKJ800/1.6-JX,曳引驱动,,,,,,2017-5-23,中山市坦洲十四村志洪嘉园1栋,,,
志洪嘉园,5栋,佛山市新力电梯有限公司,乘客电梯,31104420002010070079,,,,,TKJ800/1.6-JX,曳引驱动,,,,,,2017-5-23,中山市坦洲十四村志洪嘉园1栋,,,
志洪嘉园,4栋,佛山市新力电梯有限公司,乘客电梯,31104420002010070080,,,,,TKJ800/1.6-JX,曳引驱动,,,,,,2017-5-23,中山市坦洲十四村志洪嘉园1栋,,,
志洪嘉园,3栋,佛山市新力电梯有限公司,乘客电梯,31104420002010070046,,,,,TKJ800/1.6-JX,曳引驱动,,,,,,2017-5-23,中山市坦洲十四村志洪嘉园1栋,,,
志洪嘉园,2栋,佛山市新力电梯有限公司,乘客电梯,31104420002010070045,,,,,TKJ800/1.6-JX,曳引驱动,,,,,,2017-5-23,中山市坦洲十四村志洪嘉园1栋,,,
志洪嘉园,1栋,佛山市新力电梯有限公司,乘客电梯,31104420002010070047,,,,,TKJ800/1.6-JX,曳引驱动,,,,,,2017-5-23,中山市坦洲十四村志洪嘉园1栋,,,
岭秀城,,通力电梯有限公司,乘客电梯,31304404002016120029,,,,,KONE N MonoSpace,曳引驱动,,,,,,2018-1-30,拱北岭南路8号,,,
岭秀城,2#,通力电梯有限公司,乘客电梯,31304404002010100002,,,,,PT13/16-19,曳引驱动,,,,,,2018-5-17,拱北岭南路8号,,,
岭秀城,WS1DT3L2,通力电梯有限公司,载货电梯,32304404002013010001,,,,,GW20/05-19,曳引驱动,,,,,,2018-1-30,拱北岭南路8号,,,
岭秀城,WS1DT3L1,通力电梯有限公司,载货电梯,32304404002013010004,,,,,GW20/05-19,曳引驱动,,,,,,2018-1-30,拱北岭南路8号,,,
岭秀城,WS1DT2:L2,通力电梯有限公司,载货电梯,32104404002012120013,,,,,KONE1000,曳引驱动,,,,,,2018-5-17,拱北岭南路8号,,,
岭秀城,WS1DT2:L1,通力电梯有限公司,载货电梯,32104404002012120012,,,,,KONE1000,曳引驱动,,,,,,2018-5-17,拱北岭南路8号,,,
岭秀城,F1DT4L2,通力电梯有限公司,乘客电梯,31504404002013100003,,,,,PT13/16-19,曳引驱动,,,,,,2018-6-19,拱北岭南路8号,,,
岭秀城,,通力电梯有限公司,乘客电梯,31304404002013100012,,,,,PT13/16-19,曳引驱动,,,,,,2018-1-30,拱北岭南路8号,,,
岭秀城,,通力电梯有限公司,乘客电梯,31104404002009070140,,,,,PT13/20-19,曳引驱动,,,,,,2018-5-17,拱北岭南路8号,,,
岭秀城,AL21单元,通力电梯有限公司,乘客电梯,31104404002009070139,,,,,PT13/20-19,曳引驱动,,,,,,2018-5-17,拱北岭南路8号,,,
岭秀城,AL31单元,通力电梯有限公司,乘客电梯,31104404002009070138,,,,,PT13/20-19,曳引驱动,,,,,,2018-5-17,拱北岭南路8号,,,
岭秀城,BL32单元,通力电梯有限公司,乘客电梯,31104404002009070137,,,,,PT13/20-19,曳引驱动,,,,,,2018-5-17,拱北岭南路8号,,,
岭秀城,BL22单元,通力电梯有限公司,乘客电梯,31104404002009070136,,,,,PT13/20-19,曳引驱动,,,,,,2018-5-17,拱北岭南路8号,,,
岭秀城,BL12单元,通力电梯有限公司,乘客电梯,31104404002009070135,,,,,PT13/20-19,曳引驱动,,,,,,2018-5-17,拱北岭南路8号,,,
岭秀城,L17,通力电梯有限公司,乘客电梯,31104404002011100132,,,,,PT13/20-19,曳引驱动,,,,,,2018-6-19,拱北岭南路8号,,,
岭秀城,L24,通力电梯有限公司,乘客电梯,31104404002011100131,,,,,PT13/20-19,曳引驱动,,,,,,2018-6-19,拱北岭南路8号,,,
岭秀城,L22,通力电梯有限公司,乘客电梯,31104404002011100130,,,,,PT13/20-19,曳引驱动,,,,,,2018-6-19,拱北岭南路8号,,,
岭秀城,L23,通力电梯有限公司,乘客电梯,31104404002011100129,,,,,PT13/20-19,曳引驱动,,,,,,2018-6-19,拱北岭南路8号,,,
岭秀城,L21,通力电梯有限公司,乘客电梯,31104404002011100128,,,,,PT13/20-19,曳引驱动,,,,,,2018-6-19,拱北岭南路8号,,,
岭秀城,L20,通力电梯有限公司,乘客电梯,31104404002011100127,,,,,PT13/20-19,曳引驱动,,,,,,2018-6-19,拱北岭南路8号,,,
岭秀城,L18,通力电梯有限公司,乘客电梯,31104404002011100126,,,,,PT13/20-19,曳引驱动,,,,,,2018-6-19,拱北岭南路8号,,,
岭秀城,L19,通力电梯有限公司,乘客电梯,31104404002011100125,,,,,PT13/20-19,曳引驱动,,,,,,2018-6-19,拱北岭南路8号,,,
岭秀城,17栋12#,通力电梯有限公司,乘客电梯,31104404002009100023,,,,,PT13/20-19,曳引驱动,,,,,,2018-6-19,拱北岭南路8号,,,
岭秀城,17栋11#,通力电梯有限公司,乘客电梯,31104404002009100022,,,,,PT13/20-19,曳引驱动,,,,,,2018-6-19,拱北岭南路8号,,,
岭秀城,16栋2#,通力电梯有限公司,乘客电梯,31104404002009100021,,,,,PT13/20-19,曳引驱动,,,,,,2018-6-19,拱北岭南路8号,,,
岭秀城,16栋1#（L9）,通力电梯有限公司,乘客电梯,31104404002009100020,,,,,PT13/20-19,曳引驱动,,,,,,2018-6-19,拱北岭南路8号,,,
岭秀城,19栋16#,通力电梯有限公司,乘客电梯,31104404002009100019,,,,,PT13/20-19,曳引驱动,,,,,,2018-6-19,拱北岭南路8号,,,
岭秀城,18栋14#,通力电梯有限公司,乘客电梯,31104404002009100018,,,,,PT13/20-19,曳引驱动,,,,,,2018-6-19,拱北岭南路8号,,,
岭秀城,19栋15#,通力电梯有限公司,乘客电梯,31104404002009100017,,,,,PT13/20-19,曳引驱动,,,,,,2018-6-19,拱北岭南路8号,,,
岭秀城,18栋13#,通力电梯有限公司,乘客电梯,31104404002009100016,,,,,PT13/20-19,曳引驱动,,,,,,2018-6-19,拱北岭南路8号,,,
岭秀城,15栋8#（L8）,通力电梯有限公司,乘客电梯,31104404002009100015,,,,,PT13/20-19,曳引驱动,,,,,,2018-6-19,拱北岭南路8号,,,
岭秀城,14栋6#（L6）,通力电梯有限公司,乘客电梯,31104404002009100014,,,,,PT13/20-19,曳引驱动,,,,,,2018-6-19,拱北岭南路8号,,,
岭秀城,13栋L4,通力电梯有限公司,乘客电梯,31104404002009100013,,,,,PT13/20-19,曳引驱动,,,,,,2018-6-19,拱北岭南路8号,,,
岭秀城,12栋L2,通力电梯有限公司,乘客电梯,31104404002009100012,,,,,PT13/20-19,曳引驱动,,,,,,2018-6-19,拱北岭南路8号,,,
岭秀城,15栋7#（L7),通力电梯有限公司,乘客电梯,31104404002009100011,,,,,PT13/20-19,曳引驱动,,,,,,2018-6-19,拱北岭南路8号,,,
岭秀城,14栋L5,通力电梯有限公司,乘客电梯,31104404002009100010,,,,,PT13/20-19,曳引驱动,,,,,,2018-6-19,拱北岭南路8号,,,
岭秀城,13栋L3,通力电梯有限公司,乘客电梯,31104404002009100009,,,,,PT13/20-19,曳引驱动,,,,,,2018-6-19,拱北岭南路8号,,,
岭秀城,12栋L1,通力电梯有限公司,乘客电梯,31104404002009100008,,,,,PT13/20-19,曳引驱动,,,,,,2018-6-19,拱北岭南路8号,,,
岭秀城,2栋L3,通力电梯有限公司,乘客电梯,31104404002007110133,,,,,PT13/18-19,曳引驱动,,,,,,2018-4-16,拱北岭南路8号,,,
岭秀城,2栋L4,通力电梯有限公司,乘客电梯,31104404002007110132,,,,,PT13/18-19,曳引驱动,,,,,,2018-4-16,拱北岭南路8号,,,
岭秀城,4栋L7,通力电梯有限公司,乘客电梯,31104404002007110131,,,,,PT13/20-19,曳引驱动,,,,,,2018-4-16,拱北岭南路8号,,,
岭秀城,3栋L6,通力电梯有限公司,乘客电梯,31104404002007110130,,,,,PT13/18-19,曳引驱动,,,,,,2018-4-16,拱北岭南路8号,,,
岭秀城,1栋L1,通力电梯有限公司,乘客电梯,31104404002007110129,,,,,PT13/18-19,曳引驱动,,,,,,2018-4-16,拱北岭南路8号,,,
岭秀城,6栋L12,通力电梯有限公司,乘客电梯,31104404002007110128,,,,,PT13/20-19,曳引驱动,,,,,,2018-4-16,拱北岭南路8号,,,
岭秀城,6栋L11,通力电梯有限公司,乘客电梯,31104404002007110127,,,,,PT13/20-19,曳引驱动,,,,,,2018-4-16,拱北岭南路8号,,,
岭秀城,6栋L13,通力电梯有限公司,乘客电梯,31104404002007110126,,,,,PT13/20-19,曳引驱动,,,,,,2018-4-16,拱北岭南路8号,,,
岭秀城,11栋23#,通力电梯有限公司,乘客电梯,31104404002007110125,,,,,PT13/20-19,曳引驱动,,,,,,2018-4-16,拱北岭南路8号,,,
岭秀城,1栋L2,通力电梯有限公司,乘客电梯,31104404002007110124,,,,,PT13/18-19,曳引驱动,,,,,,2018-4-16,拱北岭南路8号,,,
岭秀城,10栋21#,通力电梯有限公司,乘客电梯,31104404002007110123,,,,,PT13/18-19,曳引驱动,,,,,,2018-4-16,拱北岭南路8号,,,
岭秀城,11栋22#,通力电梯有限公司,乘客电梯,31104404002007110122,,,,,PT13/20-19,曳引驱动,,,,,,2018-4-16,拱北岭南路8号,,,
岭秀城,9栋18#,通力电梯有限公司,乘客电梯,31104404002007110121,,,,,PT13/18-19,曳引驱动,,,,,,2018-4-16,拱北岭南路8号,,,
岭秀城,10栋20#,通力电梯有限公司,乘客电梯,31104404002007110120,,,,,PT13/20-19,曳引驱动,,,,,,2018-4-16,拱北岭南路8号,,,
岭秀城,9栋19#,通力电梯有限公司,乘客电梯,31104404002007110119,,,,,PT13/18-19,曳引驱动,,,,,,2018-4-16,拱北岭南路8号,,,
岭秀城,5栋L9,通力电梯有限公司,乘客电梯,31104404002007110118,,,,,PT13/20-19,曳引驱动,,,,,,2018-4-16,拱北岭南路8号,,,
岭秀城,4栋L8,通力电梯有限公司,乘客电梯,31104404002007110117,,,,,PT13/20-19,曳引驱动,,,,,,2018-4-16,拱北岭南路8号,,,
岭秀城,5栋L10,通力电梯有限公司,乘客电梯,31104404002007110116,,,,,PT13/20-19,曳引驱动,,,,,,2018-4-16,拱北岭南路8号,,,
岭秀城,7栋L14,通力电梯有限公司,乘客电梯,31104404002007110115,,,,,PT13/20-19,曳引驱动,,,,,,2018-4-16,拱北岭南路8号,,,
岭秀城,7栋L15,通力电梯有限公司,乘客电梯,31104404002007110114,,,,,PT13/20-19,曳引驱动,,,,,,2018-4-16,拱北岭南路8号,,,
岭秀城,8栋L16,通力电梯有限公司,乘客电梯,31104404002007110113,,,,,PT13/20-19,曳引驱动,,,,,,2018-4-16,拱北岭南路8号,,,
岭秀城,8栋L17,通力电梯有限公司,乘客电梯,31104404002007110112,,,,,PT13/20-19,曳引驱动,,,,,,2018-4-16,拱北岭南路8号,,,
岭秀城,3栋L5,通力电梯有限公司,乘客电梯,31104404002007110111,,,,,PT13/18-19,曳引驱动,,,,,,2018-4-16,拱北岭南路8号,,,
晶鼎帆布,,西继迅达（许昌）电梯有限公司,乘客电梯,31304404002015110008,,,,,9000-WT-08-15-2-XS,曳引驱动,,,,,,2018-3-31,珠海市三灶镇鱼弄村,,,
李贵武,L1#,佛山市三水三洋电梯有限公司,乘客电梯,31104409002011010032,,,,,SYTK,曳引驱动,,,,,,2017-12-3,信宜市池洞西村,,,
徐世平,1#,深圳市港日电梯有限公司,乘客电梯,31104409002015050004,,,,,TKJ1000/1.6-JXW,曳引驱动,,,,,,2017-12-2,信宜市飞鹰大转盘旁边,,,
信宜江东房地产有限公司,6#,日立电梯（中国）有限公司,乘客电梯,31104409002017120058,,,,,MCA-1150-CO105,曳引驱动,,,,,,2017-11-2,信宜市教育路1-3号,,,
信宜江东房地产有限公司,18#,日立电梯（中国）有限公司,乘客电梯,31104409002017120059,,,,,MCA-1150-CO105,曳引驱动,,,,,,2017-11-2,信宜市教育路1-3号,,,
信宜江东房地产有限公司,17#,日立电梯（中国）有限公司,乘客电梯,31104409002017120060,,,,,LCA-630-CO105,曳引驱动,,,,,,2017-11-2,信宜市教育路1-3号,,,
信宜江东房地产有限公司,3#,日立电梯（中国）有限公司,乘客电梯,31104409002017120061,,,,,LCA-1050-CO105,曳引驱动,,,,,,2017-11-2,信宜市教育路1-3号,,,
信宜江东房地产有限公司,2#,日立电梯（中国）有限公司,乘客电梯,31104409002017120062,,,,,LCA-825-CO105,曳引驱动,,,,,,2017-11-2,信宜市教育路1-3号,,,
信宜江东房地产有限公司,1#,日立电梯（中国）有限公司,乘客电梯,31104409002017120063,,,,,LCA-825-CO105,曳引驱动,,,,,,2017-11-2,信宜市教育路1-3号,,,
百富广场,K栋2#,日立电梯（中国）有限公司,乘客电梯,31104409002017120105,,,,,MCA-1050-CO120,曳引驱动,,,,,,2017-11-2,信宜市人民南路137号百富广场,,,
百富广场,K栋1#,日立电梯（中国）有限公司,乘客电梯,31104409002017120106,,,,,MCA-1150-CO120,曳引驱动,,,,,,2017-11-2,信宜市人民南路137号百富广场,,,
百富广场,J栋2#,日立电梯（中国）有限公司,乘客电梯,31104409002017120107,,,,,MCA-1050-CO120,曳引驱动,,,,,,2017-11-2,信宜市人民南路137号百富广场,,,
百富广场,J栋1#,日立电梯（中国）有限公司,乘客电梯,31104409002017120108,,,,,MCA-1150-CO120,曳引驱动,,,,,,2017-11-2,信宜市人民南路137号百富广场,,,
百富广场,D栋2#,日立电梯（中国）有限公司,乘客电梯,31104409002017120109,,,,,MCA-1050-CO120,曳引驱动,,,,,,2017-11-2,信宜市人民南路137号百富广场,,,
百富广场,D栋1#,日立电梯（中国）有限公司,乘客电梯,31104409002017120110,,,,,MCA-1050-CO120,曳引驱动,,,,,,2017-11-2,信宜市人民南路137号百富广场,,,
百富广场,C栋2#,日立电梯（中国）有限公司,乘客电梯,31104409002017120111,,,,,MCA-1050-CO120,曳引驱动,,,,,,2017-10-2,信宜市人民南路137号百富广场,,,
百富广场,C栋1#,日立电梯（中国）有限公司,乘客电梯,31104409002017120112,,,,,MCA-1050-CO120,曳引驱动,,,,,,2017-10-2,信宜市人民南路137号百富广场,,,
百富广场,N栋2梯,日立电梯（中国）有限公司,乘客电梯,31104409002017110048,,,,,MCA-1050-CO120,曳引驱动,,,,,,2017-10-2,信宜市人民南路137号百富广场,,,
百富广场,N栋1梯,日立电梯（中国）有限公司,乘客电梯,31104409002017110047,,,,,MCA-1050-CO120,曳引驱动,,,,,,2017-10-2,信宜市人民南路137号百富广场,,,
亘德育龙湾,3栋A梯,广东菱王电梯有限公司,乘客电梯,31104409002011010038,,,,,LTK1000/1.6-VF,曳引驱动,,,,,,2017-10-2,信宜市教育路146号,,,
亘德育龙湾,5栋A梯,广东菱王电梯有限公司,乘客电梯,31104409002011010037,,,,,LTK1000/1.6-VF,曳引驱动,,,,,,2017-10-2,信宜市教育路146号,,,
亘德育龙湾,5栋B梯,广东菱王电梯有限公司,乘客电梯,31104409002011010036,,,,,LTK1000/1.6-VF,曳引驱动,,,,,,2017-10-2,信宜市教育路146号,,,
亘德育龙湾,4栋B梯,广东菱王电梯有限公司,乘客电梯,31104409002011010035,,,,,LTK1000/1.6-VF,曳引驱动,,,,,,2017-10-2,信宜市教育路146号,,,
亘德育龙湾,4栋A梯,广东菱王电梯有限公司,乘客电梯,31104409002011010034,,,,,LTK1000/1.6-VF,曳引驱动,,,,,,2017-10-2,信宜市教育路146号,,,
亘德育龙湾,3栋B梯,广东菱王电梯有限公司,乘客电梯,31104409002011010033,,,,,LTK1000/1.6-VF,曳引驱动,,,,,,2017-10-2,信宜市教育路146号,,,
亘德育龙湾,6栋B梯,广东菱王电梯有限公司,乘客电梯,31104409002011110008,,,,,LTK1000/1.6-VF,曳引驱动,,,,,,2017-10-2,信宜市教育路146号,,,
亘德育龙湾,7栋B梯,广东菱王电梯有限公司,乘客电梯,31104409002011110007,,,,,LTK1000/1.6-VF,曳引驱动,,,,,,2017-10-2,信宜市教育路146号,,,
亘德育龙湾,7栋A梯,广东菱王电梯有限公司,乘客电梯,31104409002011110006,,,,,LTK1000/1.6-VF,曳引驱动,,,,,,2017-10-2,信宜市教育路146号,,,
亘德育龙湾,6栋A梯,广东菱王电梯有限公司,乘客电梯,31104409002011110005,,,,,LTK1000/1.6-VF,曳引驱动,,,,,,2017-10-2,信宜市教育路146号,,,
亘德育龙湾,8栋A梯,广东菱王电梯有限公司,乘客电梯,31104409002012080023,,,,,LTK1000/1.6-VF,曳引驱动,,,,,,2017-10-2,信宜市教育路146号,,,
亘德育龙湾,8栋B梯,广东菱王电梯有限公司,乘客电梯,31104409002012080022,,,,,LTK1000/1.6-VF,曳引驱动,,,,,,2017-10-2,信宜市教育路146号,,,
亘德育龙湾,9栋B梯,广东菱王电梯有限公司,乘客电梯,31104409002012080021,,,,,LTK1000/1.6-VF,曳引驱动,,,,,,2017-10-2,信宜市教育路146号,,,
亘德育龙湾,9栋A梯,广东菱王电梯有限公司,乘客电梯,31104409002012080020,,,,,LTK1000/1.6-VF,曳引驱动,,,,,,2017-10-2,信宜市教育路146号,,,
亘德育龙湾,11栋B梯,广东菱王电梯有限公司,乘客电梯,31104409002013010012,,,,,LTK1000/1.6-VF,曳引驱动,,,,,,2017-10-2,信宜市教育路146号,,,
亘德育龙湾,10栋A梯,广东菱王电梯有限公司,乘客电梯,31104409002013010011,,,,,LTK1000/1.6-VF,曳引驱动,,,,,,2017-10-2,信宜市教育路146号,,,
亘德育龙湾,11栋A梯,广东菱王电梯有限公司,乘客电梯,31104409002013010010,,,,,LTK1000/1.6-VF,曳引驱动,,,,,,2017-10-2,信宜市教育路146号,,,
亘德育龙湾,10栋B梯,广东菱王电梯有限公司,乘客电梯,31104409002013010009,,,,,LTK1000/1.6-VF,曳引驱动,,,,,,2017-10-2,信宜市教育路146号,,,
亘德育龙湾,2栋,广东菱王电梯有限公司,乘客电梯,31104409002010090008,,,,,LTK1000/1.6-VF,曳引驱动,,,,,,2017-10-2,信宜市教育路146号,,,
亘德育龙湾,1栋,广东菱王电梯有限公司,乘客电梯,31104409002010090007,,,,,LTK1000/1.6-VF,曳引驱动,,,,,,2017-10-2,信宜市教育路146号,,,
信宜市金信房地产有限公司,L3#,江南嘉捷电梯股份有限公司,乘客电梯,31104409002017100052,,,,,S830,曳引驱动,,,,,,2017-9-1,信宜市新尚路维港ktv后背,,,
信宜市金信房地产有限公司,L2#,江南嘉捷电梯股份有限公司,乘客电梯,31104409002017100053,,,,,S830,曳引驱动,,,,,,2017-9-1,信宜市新尚路维港ktv后背,,,
信宜市金信房地产有限公司,L1#,江南嘉捷电梯股份有限公司,乘客电梯,31104409002017100051,,,,,S830,曳引驱动,,,,,,2017-9-1,信宜市新尚路维港ktv后背,,,
信宜市家装易科技发展有限公司,L1#,日立电梯（中国）有限公司,乘客电梯,31104409002018010112,,,,,HGE-825-CO90,曳引驱动,,,,,,2017-9-1,信宜市粤桂路大转盘旁边,,,
信宜市第三中学,L2#,康力电梯有限公司,乘客电梯,31104409002018030142,,,,,KLK1,曳引驱动,,,,,,2017-7-1,信宜市竹山路第三中学,,,
信宜市明雄房地产开发有限公司,L2#,佛山市三水三洋电梯有限公司,乘客电梯,31104409002017110082,,,,,SYTK,曳引驱动,,,,,,2017-6-1,信宜市迎宾大道北侨城一路与环城西路交叉口西北50米明伟家园,,,
信宜市明雄房地产开发有限公司,L1#,佛山市三水三洋电梯有限公司,乘客电梯,31104409002017110081,,,,,SYTK,曳引驱动,,,,,,2017-6-1,信宜市迎宾大道北侨城一路与环城西路交叉口西北50米明伟家园,,,
信宜市家苑物业有限公司,L1#,永大电梯设备（中国）有限公司,乘客电梯,31104409002018010038,,,,,e'IQ-P,曳引驱动,,,,,,2017-5-1,信宜市红旗路,,,
林莹强,L1#,佛山市三水三洋电梯有限公司,乘客电梯,31104409002017100021,,,,,SYTK,曳引驱动,,,,,,2018-3-1,信宜市食品街,,,
赖超凤,L1#,江南嘉捷电梯股份有限公司,乘客电梯,31104409002017040030,,,,,S830,曳引驱动,,,,,,2018-3-1,信宜市新里11路24号,,,
拱北润珠酒店,,佛山市三水三洋电梯有限公司,乘客电梯,31104404002006020011,,,,,TKJ1000/1.0-JXVF,曳引驱动,,,,,,2018-5-14,珠海市拱北润珠酒店,,,
海怡湾畔,1#（3栋）,苏州迅达电梯有限公司,乘客电梯,31104404002008090071,,,,,Schindler 300PIII,曳引驱动,,,,,,2017-6-1,唐家金唐路333号海怡湾畔,,,
海怡湾畔,2#（3栋）,苏州迅达电梯有限公司,乘客电梯,31104404002008090070,,,,,Schindler 300PIII,曳引驱动,,,,,,2017-6-1,唐家金唐路333号海怡湾畔,,,
海怡湾畔,3#（3栋）,苏州迅达电梯有限公司,乘客电梯,31104404002008090069,,,,,Schindler 300PIII,曳引驱动,,,,,,2017-6-1,唐家金唐路333号海怡湾畔,,,
海怡湾畔,T4栋1号梯,苏州迅达电梯有限公司,乘客电梯,31104404002008090068,,,,,Schindler 300PIII,曳引驱动,,,,,,2018-1-1,唐家金唐路333号海怡湾畔,,,
海怡湾畔,4栋2#,苏州迅达电梯有限公司,乘客电梯,31104404002008090067,,,,,Schindler 300PIII,曳引驱动,,,,,,2017-10-1,唐家金唐路333号海怡湾畔,,,
海怡湾畔,4栋3#,苏州迅达电梯有限公司,乘客电梯,31104404002008090066,,,,,Schindler 300PIII,曳引驱动,,,,,,2017-10-1,唐家金唐路333号海怡湾畔,,,
海怡湾畔,T2栋1#,苏州迅达电梯有限公司,乘客电梯,31104404002008110020,,,,,Schindler 300PIII,曳引驱动,,,,,,2017-10-1,唐家金唐路333号海怡湾畔,,,
海怡湾畔,T1栋FL3,苏州迅达电梯有限公司,乘客电梯,31104404002008110019,,,,,Schindler 300PIII,曳引驱动,,,,,,2017-10-1,唐家金唐路333号海怡湾畔,,,
海怡湾畔,T2栋2#,苏州迅达电梯有限公司,乘客电梯,31104404002008110018,,,,,Schindler 300PIII,曳引驱动,,,,,,2017-10-1,唐家金唐路333号海怡湾畔,,,
海怡湾畔,T1栋FL2,苏州迅达电梯有限公司,乘客电梯,31104404002008110017,,,,,Schindler 300PIII,曳引驱动,,,,,,2017-10-1,唐家金唐路333号海怡湾畔,,,
海怡湾畔,T1栋FL1,苏州迅达电梯有限公司,乘客电梯,31104404002008110016,,,,,Schindler 300PIII,曳引驱动,,,,,,2017-10-1,唐家金唐路333号海怡湾畔,,,
海怡湾畔,T2栋3#,苏州迅达电梯有限公司,乘客电梯,31104404002008110015,,,,,Schindler 300PIII,曳引驱动,,,,,,2017-10-1,唐家金唐路333号海怡湾畔,,,
海怡湾畔,海天阁11座,苏州迅达电梯有限公司,乘客电梯,30104404002003010017,,,,,PDW0900VF150C095/TX-1KS,曳引驱动,,,,,,2017-10-1,唐家金唐路333号海怡湾畔,,,
海怡湾畔,海天阁10座,苏州迅达电梯有限公司,乘客电梯,30104404002003010016,,,,,PDW0900VF150C095/TX-1KS,曳引驱动,,,,,,2017-10-1,唐家金唐路333号海怡湾畔,,,
海怡湾畔,海天阁9座,苏州迅达电梯有限公司,乘客电梯,30104404002003010010,,,,,PDW0900VF150C095/TX-1KS,曳引驱动,,,,,,2017-10-1,唐家金唐路333号海怡湾畔,,,
海怡湾畔,海天阁4座,苏州迅达电梯有限公司,乘客电梯,30104404002003010009,,,,,PDW0900VF150C095/TX-1KS,曳引驱动,,,,,,2017-10-1,唐家金唐路333号海怡湾畔,,,
海怡湾畔,海天阁8座,苏州迅达电梯有限公司,乘客电梯,30104404002003010003,,,,,PDW0900VF150C095/TX-1KS,曳引驱动,,,,,,2017-10-1,唐家金唐路333号海怡湾畔,,,
海怡湾畔,海天阁6座,苏州迅达电梯有限公司,乘客电梯,30104404002003010002,,,,,PDW0900VF150C095/TX-1KS,曳引驱动,,,,,,2017-10-1,唐家金唐路333号海怡湾畔,,,
海怡湾畔,海天阁3座,苏州迅达电梯有限公司,乘客电梯,30104404002003010001,,,,,PDW0900VF150C095/TX-1KS,曳引驱动,,,,,,2017-10-1,唐家金唐路333号海怡湾畔,,,
海怡湾畔,海天阁5座,苏州迅达电梯有限公司,乘客电梯,30104404002002120013,,,,,PDW0900VF150C095/TX-1KS,曳引驱动,,,,,,2017-10-1,唐家金唐路333号海怡湾畔,,,
海怡湾畔,海天阁7座,苏州迅达电梯有限公司,乘客电梯,30104404002002120012,,,,,PDW0900VF150C095/TX-1KS,曳引驱动,,,,,,2017-10-1,唐家金唐路333号海怡湾畔,,,
海怡湾畔,海天阁1座,苏州迅达电梯有限公司,乘客电梯,30104404002002120011,,,,,PDW0900VF150C095/TX-1KS,曳引驱动,,,,,,2017-10-1,唐家金唐路333号海怡湾畔,,,
海怡湾畔,海天阁2座,苏州迅达电梯有限公司,乘客电梯,30104404002002120010,,,,,PDW0900VF150C095/TX-1KS,曳引驱动,,,,,,2017-10-1,唐家金唐路333号海怡湾畔,,,
海怡湾畔,海韵园4座,苏州迅达电梯有限公司,乘客电梯,30104404002002110001,,,,,PDW0900VF150C095/TX-1KS,曳引驱动,,,,,,2017-6-1,唐家金唐路333号海怡湾畔,,,
海怡湾畔,3,苏州迅达电梯有限公司,乘客电梯,30104404002002030006,,,,,PDW0900VF150C095,曳引驱动,,,,,,2018-1-1,唐家金唐路333号海怡湾畔,,,
海怡湾畔,2,苏州迅达电梯有限公司,乘客电梯,30104404002002030005,,,,,PDW0900VF150C095,曳引驱动,,,,,,2018-1-1,唐家金唐路333号海怡湾畔,,,
海怡湾畔,1,苏州迅达电梯有限公司,乘客电梯,30104404002002030004,,,,,PDW0900VF150C095,曳引驱动,,,,,,2018-1-1,唐家金唐路333号海怡湾畔,,,
天威飞马,1#,上海三菱电梯有限公司,载货电梯,30134404002000080005,,,,,SG-VP,曳引驱动,,,,,,2017-9-8,南屏科技园屏北一路32号,,,
天威飞马,4#,上海三菱电梯有限公司,载货电梯,30134404002000080004,,,,,SG-VP,曳引驱动,,,,,,2017-9-8,南屏科技园屏北一路32号,,,
天威飞马,5#,上海三菱电梯有限公司,载货电梯,30134404002000080003,,,,,SG-VP,曳引驱动,,,,,,2017-9-8,南屏科技园屏北一路32号,,,
天威飞马,2#,上海三菱电梯有限公司,载货电梯,30134404002002040013,,,,,SG-VFA,曳引驱动,,,,,,2017-9-8,南屏科技园屏北一路32号,,,
天威飞马,3#,上海三菱电梯有限公司,载货电梯,30134404002002040008,,,,,SG-VFA,曳引驱动,,,,,,2017-9-8,南屏科技园屏北一路32号,,,
天威飞马,6#,上海三菱电梯有限公司,乘客电梯,30104404002002040001,,,,,GPS-II,曳引驱动,,,,,,2017-9-8,南屏科技园屏北一路32号,,,
壮志学校,,日立电梯（中国）有限公司,载货电梯,31104404002017010010,,,,,LCA-01350-C090,曳引驱动,,,,,,2018-4-3,南屏屏北一路32号,,,
丰之恒,4#,广州富菱达电梯有限公司,载货电梯,32104404002010010016,,,,,FVF-F2000-2S30,曳引驱动,,,,,,2018-5-10,三灶青湾工业区金湖路53号,,,
丰之恒,3#,广州富菱达电梯有限公司,载货电梯,32104404002010010015,,,,,FVF-F2000-2S30,曳引驱动,,,,,,2018-5-10,三灶青湾工业区金湖路53号,,,
丰之恒,2#,广州富菱达电梯有限公司,载货电梯,32104404002010010014,,,,,FVF-F2000-2S30,曳引驱动,,,,,,2018-5-10,三灶青湾工业区金湖路53号,,,
丰之恒,1#,广州富菱达电梯有限公司,乘客电梯,31104404002010010013,,,,,FVP-P13-C090,曳引驱动,,,,,,2018-5-10,三灶青湾工业区金湖路53号,,,
丰之恒,,江门市强力电梯厂,载货电梯,32104404002007070030,,,,,THJ2000/0.5-JXPC,曳引驱动,,,,,,2018-5-10,三灶青湾工业区金湖路53号,,,
格力大金,7#,上海三菱电梯有限公司,乘客电梯,31104404002010030024,,,,,ELENESSA,曳引驱动,,,,,,2018-1-9,斗门龙山三路8号,,,
格力大金,6#,上海三菱电梯有限公司,乘客电梯,31104404002010030023,,,,,LEHY－II,曳引驱动,,,,,,2018-1-9,斗门龙山三路8号,,,
格力大金,饭堂,日立电梯（中国）有限公司,载货电梯,32104404002010030014,,,,,LF-2000-2S30,曳引驱动,,,,,,2017-9-25,斗门龙山三路8号,,,
格力大金,1#,上海三菱电梯有限公司,载货电梯,32104404002010030013,,,,,HOPE-IIG,曳引驱动,,,,,,2018-1-9,斗门龙山三路8号,,,
格力大金,5#,上海三菱电梯有限公司,载货电梯,32104404002010030012,,,,,HOPE-IIG,曳引驱动,,,,,,2018-1-9,斗门龙山三路8号,,,
格力大金,4#,上海三菱电梯有限公司,载货电梯,32104404002010030011,,,,,HOPE-IIG,曳引驱动,,,,,,2018-1-9,斗门龙山三路8号,,,
格力大金,3#,上海三菱电梯有限公司,载货电梯,32104404002010030010,,,,,HOPE-IIG,曳引驱动,,,,,,2018-1-9,斗门龙山三路8号,,,
格力大金,2#,上海三菱电梯有限公司,载货电梯,32104404002010030009,,,,,HOPE-IIG,曳引驱动,,,,,,2018-1-9,斗门龙山三路8号,,,
李建章,,康力电梯股份有限公司,乘客电梯,519123,,,,,KLW,曳引驱动,,,,,,2017-3-1,南屏屏西,,,
天威飞马,8#,广州市海力格电梯有限公司,载货电梯,30134404002004040004,,,,,THJ3000/0.5-JX,曳引驱动,,,,,,2018-5-8,南屏科技园屏北一路32号,,,
财政局,,巨人通力电梯有限公司,乘客电梯,31104404002007060033,,,,,GP20K,曳引驱动,,,,,,2018-4-17,香洲人民东路522号,,,
赛得电子,1#,佛山市三水三洋电梯有限公司,乘客电梯,31104404002018010028,,,,,SYTK,曳引驱动,,,,,,2017-12-1,南屏屏工西路5号,,,
赛得电子,2#,佛山市三水三洋电梯有限公司,载货电梯,31104404002018010027,,,,,SYTH,曳引驱动,,,,,,2017-12-1,南屏屏工西路5号,,,
中航物业江门分公司1,,广州日立电梯有限公司,乘客电梯,30104407002004010002,,,,,VFMG-1000-C0105,曳引驱动,,,,,,2017-2-1,江门市建设三路全球通大厦主楼,,,
中航物业江门分公司1,,广州日立电梯有限公司,乘客电梯,30104407002004010001,,,,,VFMG-1000-C0105,曳引驱动,,,,,,2017-2-1,江门市建设三路全球通大厦主楼,,,
中航物业江门分公司1,,日立电梯（中国）有限公司,乘客电梯,31104407002011040001,,,,,HGP-1050-C090,曳引驱动,,,,,,2017-2-1,江门市建设三路全球通大厦主楼,,,
中航物业江门分公司1,,广州日立电梯有限公司,载货电梯,32104407002011040004,,,,,NF-1600-2S60,曳引驱动,,,,,,2017-2-1,江门市建设三路全球通大厦主楼,,,
全美酒店,,江南嘉捷电梯股份有限公司,乘客电梯,31304404002017080012,,,,,S820,曳引驱动,,,,,,2018-4-25,斗门区连兴一路,,,
谭亚养,,广东铃木电梯有限公司,乘客电梯,31304404002017120001,,,,,GSE/MRL,曳引驱动,,,,,,2017-11-1,珠海市金湾区三灶镇雨林路13号,,,
南通公司,,东莞市三洋电梯有限公司,乘客电梯,31104404002016010034,,,,,TKJ630/1.0-JXVVVF,曳引驱动,,,,,,2017-9-1,金湾区南水镇南通花园南通公司危房改造第一期工程,,,
南通公司,,东莞市三洋电梯有限公司,乘客电梯,31104404002016010033,,,,,TKJ630/1.0-JXVVVF,曳引驱动,,,,,,2017-9-1,金湾区南水镇南通花园南通公司危房改造第一期工程,,,
南通公司,,东莞市三洋电梯有限公司,乘客电梯,31104404002016010032,,,,,TKJ630/1.0-JXVVVF,曳引驱动,,,,,,2017-9-1,金湾区南水镇南通花园南通公司危房改造第一期工程,,,
南通公司,,东莞市三洋电梯有限公司,乘客电梯,31104404002016010031,,,,,TKJ630/1.0-JXVVVF,曳引驱动,,,,,,2017-9-1,金湾区南水镇南通花园南通公司危房改造第一期工程,,,
南通公司,,东莞市三洋电梯有限公司,乘客电梯,31104404002016010030,,,,,TKJ630/1.0-JXVVVF,曳引驱动,,,,,,2017-9-1,金湾区南水镇南通花园南通公司危房改造第一期工程,,,
南通公司,,东莞市三洋电梯有限公司,乘客电梯,31104404002016010029,,,,,TKJ630/1.0-JXVVVF,曳引驱动,,,,,,2017-9-1,金湾区南水镇南通花园南通公司危房改造第一期工程,,,
南通公司,,东莞市三洋电梯有限公司,乘客电梯,31104404002016010028,,,,,TKJ630/1.0-JXVVVF,曳引驱动,,,,,,2017-9-1,金湾区南水镇南通花园南通公司危房改造第一期工程,,,
南通公司,,东莞市三洋电梯有限公司,乘客电梯,31104404002016010027,,,,,TKJ630/1.0-JXVVVF,曳引驱动,,,,,,2017-9-1,金湾区南水镇南通花园南通公司危房改造第一期工程,,,
南通公司,,东莞市三洋电梯有限公司,乘客电梯,31104404002016010026,,,,,TKJ630/1.0-JXVVVF,曳引驱动,,,,,,2017-9-1,金湾区南水镇南通花园南通公司危房改造第一期工程,,,
南通公司,,东莞市三洋电梯有限公司,乘客电梯,31104404002016010025,,,,,TKJ630/1.0-JXVVVF,曳引驱动,,,,,,2017-9-1,金湾区南水镇南通花园南通公司危房改造第一期工程,,,
南通公司,,东莞市三洋电梯有限公司,乘客电梯,31104404002016010024,,,,,TKJ630/1.0-JXVVVF,曳引驱动,,,,,,2017-9-1,金湾区南水镇南通花园南通公司危房改造第一期工程,,,
南通公司,,东莞市三洋电梯有限公司,乘客电梯,31104404002016010023,,,,,TKJ630/1.0-JXVVVF,曳引驱动,,,,,,2017-9-1,金湾区南水镇南通花园南通公司危房改造第一期工程,,,
南通公司,,东莞市三洋电梯有限公司,乘客电梯,31104404002016010022,,,,,TKJ630/1.0-JXVVVF,曳引驱动,,,,,,2017-9-1,金湾区南水镇南通花园南通公司危房改造第一期工程,,,
南通公司,,东莞市三洋电梯有限公司,乘客电梯,31104404002016010021,,,,,TKJ630/1.0-JXVVVF,曳引驱动,,,,,,2017-9-1,金湾区南水镇南通花园南通公司危房改造第一期工程,,,
南通公司,,东莞市三洋电梯有限公司,乘客电梯,31104404002016010020,,,,,TKJ630/1.0-JXVVVF,曳引驱动,,,,,,2017-9-1,金湾区南水镇南通花园南通公司危房改造第一期工程,,,
南通公司,,东莞市三洋电梯有限公司,乘客电梯,31104404002016010019,,,,,TKJ630/1.0-JXVVVF,曳引驱动,,,,,,2017-9-16,金湾区南水镇南通花园南通公司危房改造第一期工程,,,
南通公司,,东莞市三洋电梯有限公司,乘客电梯,31104404002016010018,,,,,TKJ630/1.0-JXVVVF,曳引驱动,,,,,,2017-9-16,金湾区南水镇南通花园南通公司危房改造第一期工程,,,
南通公司,,东莞市三洋电梯有限公司,乘客电梯,31104404002016010017,,,,,TKJ630/1.0-JXVVVF,曳引驱动,,,,,,2017-9-1,金湾区南水镇南通花园南通公司危房改造第一期工程,,,
南通公司,,东莞市三洋电梯有限公司,乘客电梯,31104404002016010016,,,,,TKJ630/1.0-JXVVVF,曳引驱动,,,,,,2017-9-1,金湾区南水镇南通花园南通公司危房改造第一期工程,,,
南通公司,,东莞市三洋电梯有限公司,乘客电梯,31104404002016010015,,,,,TKJ630/1.0-JXVVVF,曳引驱动,,,,,,2017-9-1,金湾区南水镇南通花园南通公司危房改造第一期工程,,,
南通公司,,东莞市三洋电梯有限公司,乘客电梯,31104404002016010014,,,,,TKJ630/1.0-JXVVVF,曳引驱动,,,,,,2017-9-1,金湾区南水镇南通花园南通公司危房改造第一期工程,,,
南通公司,,东莞市三洋电梯有限公司,乘客电梯,31104404002016010013,,,,,TKJ630/1.0-JXVVVF,曳引驱动,,,,,,2017-9-1,金湾区南水镇南通花园南通公司危房改造第一期工程,,,
长城物业,1#,西德电梯,乘客电梯,31104404002017080168,,,,,KLKS/VF1050/1.6,曳引驱动,,,,,,2017-12-8,吉大白莲路138号,,,
珠海淼基物业管理,2#,日立电梯（中国）有限公司,乘客电梯,31104404002016030053,,,,,MCA-1050-CO105,曳引驱动,,,,,,2017-11-1,白藤二路御悦轩,,,
珠海淼基物业管理,1#,日立电梯（中国）有限公司,乘客电梯,31104404002016030052,,,,,MCA-1050-CO105,曳引驱动,,,,,,2017-11-1,白藤二路御悦轩,,,
长城物业,1#,西德电梯,乘客电梯,31104404002017000000,,,,,KLKS/VF1050/1.6,曳引驱动,,,,,,2017-5-1,吉大白莲路138号,,,
醋酸纤维,原料仓,珠江富士电梯,载货电梯,32104404002017060014,,,,,GSTK3000/0.5-JXW,曳引驱动,,,,,,2018-5-7,南水镇精细化工区,,,
醋酸纤维,综合仓,珠江富士电梯,载货电梯,32104404002017060013,,,,,GSTK3000/0.5-JXW,曳引驱动,,,,,,2018-5-7,南水镇精细化工区,,,
星晴公寓,1单元1#,东芝电梯（上海）有限公司,乘客电梯,31104404002007120194,,,,,ELCOSMO-V,曳引驱动,,,,,,2017-7-17,吉大建业三路10号星晴公寓,,,
星晴公寓,2单元2#,东芝电梯（上海）有限公司,乘客电梯,31104404002007120193,,,,,ELCOSMO-V,曳引驱动,,,,,,2017-7-17,吉大建业三路10号星晴公寓,,,
星晴公寓,1单元2#,东芝电梯（上海）有限公司,乘客电梯,31104404002007120192,,,,,ELCOSMO-V,曳引驱动,,,,,,2017-7-17,吉大建业三路10号星晴公寓,,,
星晴公寓,2单元1#,东芝电梯（上海）有限公司,乘客电梯,31104404002007120191,,,,,ELCOSMO-V,曳引驱动,,,,,,2017-9-1,吉大建业三路10号星晴公寓,,,
英搏尔,7#,珠江富士电梯（中国）有限公司,载货电梯,31104404002017080015,,,,,GSTH3000/0.5-JXW(VVVF),曳引驱动,,,,,,2017-7-17,创新海岸科技六路7号,,,
英搏尔,6#,珠江富士电梯（中国）有限公司,载货电梯,31104404002017080014,,,,,GSTH3000/0.5-JXW(VVVF),曳引驱动,,,,,,2017-7-17,创新海岸科技六路7号,,,
英搏尔,5#,珠江富士电梯（中国）有限公司,载货电梯,31104404002017080013,,,,,GSTH3000/0.5-JXW(VVVF),曳引驱动,,,,,,2017-7-17,创新海岸科技六路7号,,,
英搏尔,4#,珠江富士电梯（中国）有限公司,载货电梯,31104404002017080012,,,,,GSTH3000/0.5-JXW(VVVF),曳引驱动,,,,,,2017-7-17,创新海岸科技六路7号,,,
英搏尔,3#,珠江富士电梯（中国）有限公司,载货电梯,31104404002017080011,,,,,GSTH3000/0.5-JXW(VVVF),曳引驱动,,,,,,2017-7-17,创新海岸科技六路7号,,,
英搏尔,2#,珠江富士电梯（中国）有限公司,载货电梯,31104404002017080010,,,,,GSTH3000/0.5-JXW(VVVF),曳引驱动,,,,,,2017-7-17,创新海岸科技六路7号,,,
英搏尔,1#,珠江富士电梯（中国）有限公司,乘客电梯,31104404002017080177,,,,,GSTK1350/1.0-JXW(VVVF),曳引驱动,,,,,,2017-7-17,创新海岸科技六路7号,,,
日荣大厦,2#,广州日立电梯有限公司,乘客电梯,31104404002007120024,,,,,NPH-1000-C0105,曳引驱动,,,,,,2017-12-1,珠海市人民西路291号日荣大厦,,,
日荣大厦,1#,广州日立电梯有限公司,乘客电梯,31104404002007120023,,,,,NPH-1000-C0105,曳引驱动,,,,,,2017-12-1,珠海市人民西路291号日荣大厦,,,
格莱利,,起重机,其它,41704404002015040001,,,,,qzj,曳引驱动,,,,,,2017-4-1,斗门龙山工业区,,,
亚洲公寓,,三洋电梯（珠海）有限公司,乘客电梯,31104404002017040047,,,,,TKJ800/1.0-JXW,曳引驱动,,,,,,2018-5-16,横琴三塘村80号,,,
亚洲公寓,,三洋电梯（珠海）有限公司,乘客电梯,31104404002016100036,,,,,TKJ1000/1.0-JXW,曳引驱动,,,,,,2018-5-16,横琴三塘村80号,,,
润珠商贸,2#,西子西奥电梯有限公司,乘客电梯,31104404002017060064,,,,,TKJ1000/1.5-JXW,曳引驱动,,,,,,2018-5-31,金湾区金岛路与虹阳路交汇处,,,
润珠商贸,1#,西子西奥电梯有限公司,乘客电梯,31104404002017060063,,,,,TKJ1000/1.5-JXW,曳引驱动,,,,,,2018-5-31,金湾区金岛路与虹阳路交汇处,,,
城建市政,,起重机,其它,41104404002015070006,,,,,LDA3-10A3,曳引驱动,,,,,,2016-6-1,香洲区棕榈假日后方,,,
城建市政,,起重机,其它,41104404002015070005,,,,,LDA3-8.5A3,曳引驱动,,,,,,2016-6-1,香洲区棕榈假日后方,,,
城建市政,,起重机,其它,41104404002015070003,,,,,QD10-8.5A5,曳引驱动,,,,,,2016-6-1,香洲区棕榈假日后方,,,
吉宁山庄,3#,上海永大电梯设备有限公司,乘客电梯,31104404002006030003,,,,,NTVF-1000*13/13-C0105,曳引驱动,,,,,,2017-12-1,香洲区吉柠路8号,,,
吉宁山庄,2#,上海永大电梯设备有限公司,乘客电梯,31104404002006030002,,,,,NTVF-1000*13/13-C0105,曳引驱动,,,,,,2017-12-1,香洲区吉柠路8号,,,
吉宁山庄,1#,上海永大电梯设备有限公司,乘客电梯,31104404002006030001,,,,,NTVF-1000*13/13-C0105,曳引驱动,,,,,,2017-12-1,香洲区吉柠路8号,,,
协骏玩具,2#,三水市三升电梯有限公司,载货电梯,30134404002004070007,,,,,TLJ2000/0.5-JX,曳引驱动,,,,,,2017-12-1,唐家湾拱星路92号,,,
协骏玩具,1#,三水市三升电梯有限公司,载货电梯,30134404002004070006,,,,,TLJ1000/0.5-JX,曳引驱动,,,,,,2017-12-1,唐家湾拱星路92号,,,
协骏玩具,3#,广州市海力格电梯有限公司,载货电梯,32104404002007040008,,,,,TLJ2000/0.5-JX（HYIIVW),曳引驱动,,,,,,2017-12-1,唐家湾拱星路92号,,,
中航物业,3#,东芝电梯（沈阳）有限公司,乘客电梯,30104404002005090009,,,,,TOPS-VR,曳引驱动,,,,,,2017-9-1,香洲梅华东路276号,,,
中航物业,2#,东芝电梯（沈阳）有限公司,乘客电梯,30104404002005090008,,,,,TOPS-VR,曳引驱动,,,,,,2017-9-1,香洲梅华东路276号,,,
中航物业,1#,东芝电梯（沈阳）有限公司,乘客电梯,30104404002005090007,,,,,TOPS-VR,曳引驱动,,,,,,2017-9-1,香洲梅华东路276号,,,
中航物业,2#,巨人通力电梯有限公司,观光电梯,31104404002012010069,,,,,G0S20K,曳引驱动,,,,,,2018-4-1,香洲梅华东路276号,,,
中航物业,1#,巨人通力电梯有限公司,乘客电梯,31104404002012010068,,,,,G0S20K,曳引驱动,,,,,,2018-4-1,香洲梅华东路276号,,,
白玫瑰花园,2#,上海三菱电梯有限公司,乘客电梯,30104404001998010004,,,,,SP-VF,曳引驱动,,,,,,2018-3-1,香洲海虹路白玫瑰花园,,,
白玫瑰花园,1#,上海三菱电梯有限公司,乘客电梯,30104404001998010003,,,,,SP-VF,曳引驱动,,,,,,2018-3-1,香洲海虹路白玫瑰花园,,,
永春酒店,1#,广东奥菱电梯有限公司,乘客电梯,31304404002011030002,,,,,YOGALI-P,曳引驱动,,,,,,2018-3-1,珠海市横琴镇汽车总站旁永春酒店,,,
百货广场,1#,富士通电梯（深圳）有限公司,载货电梯,32104404002008060108,,,,,THJ2000/1.0-VVVF,曳引驱动,,,,,,2018-3-1,珠海市香洲区吉大景山路223号百货广场,,,
百货广场,3#,日立电梯（中国）有限公司,乘客电梯,31104404002014120001,,,,,MCA-825-C0105,曳引驱动,,,,,,2017-8-1,珠海市香洲区吉大景山路223号百货广场,,,
百货广场,2#,苏州迅达电梯有限公司,观光电梯,30104404002005080050,,,,,APP1000VF100C09/MBL,曳引驱动,,,,,,2018-3-1,珠海市香洲区吉大景山路223号百货广场,,,
百货广场,1#,苏州迅达电梯有限公司,观光电梯,30104404002005080049,,,,,APP1000VF100C09/MBL,曳引驱动,,,,,,2018-3-1,珠海市香洲区吉大景山路223号百货广场,,,
格莱利车人生活,1#,广东奥菱电梯有限公司,乘客电梯,30134404001996100003,,,,,OLHJ2000/0.5-JX,曳引驱动,,,,,,2018-1-1,香洲区敬业路117号,,,
金联精工,1#,中山市电梯厂,乘客电梯,30134404002000010009,,,,,TLJ2000/0.5-JXPC,曳引驱动,,,,,,2018-1-1,三灶金湾大道中段,,,
翠山庭院,5#,珠江富士电梯（中国）有限公司,乘客电梯,31104404002017020004,,,,,GSTK800/1.0-JXW(VVVF),曳引驱动,,,,,,2017-9-1,三灶镇,,,
翠山庭院,4#,珠江富士电梯（中国）有限公司,乘客电梯,31104404002017020003,,,,,GSTK800/1.0-JXW(VVVF),曳引驱动,,,,,,2017-9-1,三灶镇,,,
翠山庭院,3#,珠江富士电梯（中国）有限公司,乘客电梯,31104404002017020002,,,,,GSTK800/1.0-JXW(VVVF),曳引驱动,,,,,,2017-9-1,三灶镇,,,
翠山庭院,2#,珠江富士电梯（中国）有限公司,乘客电梯,31104404002017020006,,,,,GSTK800/1.0-JXW(VVVF),曳引驱动,,,,,,2017-9-1,三灶镇,,,
翠山庭院,1#,珠江富士电梯（中国）有限公司,乘客电梯,31104404002017020005,,,,,GSTK800/1.0-JXW(VVVF),曳引驱动,,,,,,2017-9-1,三灶镇,,,
中大五院,7#,永大电梯设备（中国）有限公司,乘客电梯,31104404002016120165,,,,,e' IQ-P,曳引驱动,,,,,,2017-11-1,梅华东路52号,,,
中大五院,8#,永大电梯设备（中国）有限公司,乘客电梯,31104404002016120164,,,,,e' IQ-P,曳引驱动,,,,,,2017-11-1,梅华东路52号,,,
中大五院,9#,永大电梯设备（中国）有限公司,乘客电梯,31104404002016120163,,,,,e' IQ-P,曳引驱动,,,,,,2017-11-1,梅华东路52号,,,
北师大,,广东亚太通力电梯有限公司,乘客电梯,31304404002017010010,,,,,TKJ(W)1000/1.0-VF,曳引驱动,,,,,,2017-12-1,唐家金凤路18号,,,
华冠电子,,佛山市华凯电梯厂,乘客电梯,30104404002004020006,,,,,TKJW630/1.0-JX(PC).VVVF,曳引驱动,,,,,,2018-4-1,金鼎华冠路1号,,,
华冠电子,4#,佛山市华凯电梯厂,乘客电梯,30134404002003120011,,,,,THJ3000/0.5-JX（PC）,曳引驱动,,,,,,2018-4-1,金鼎华冠路1号,,,
华冠电子,3#,佛山市华凯电梯厂,乘客电梯,30134404002003120010,,,,,THJ5000/0.25-JX（PC）,曳引驱动,,,,,,2018-4-1,金鼎华冠路1号,,,
华冠电子,2#,佛山市华凯电梯厂,乘客电梯,30134404002003120009,,,,,THJ3000/0.5-JX（PC）,曳引驱动,,,,,,2018-4-1,金鼎华冠路1号,,,
华冠电子,1#,佛山市华凯电梯厂,乘客电梯,30134404002003120008,,,,,THJ5000/0.25-JX（PC）,曳引驱动,,,,,,2018-4-1,金鼎华冠路1号,,,
百货广场,2#,日立电梯（中国）有限公司,乘客电梯,31104404002013090095,,,,,MCA-1050-C0106,曳引驱动,,,,,,2018-3-1,珠海市香洲区吉大景山路223号百货广场,,,
百货广场,1#,日立电梯（中国）有限公司,乘客电梯,31104404002013090094,,,,,MCA-1050-C0105,曳引驱动,,,,,,2018-3-1,珠海市香洲区吉大景山路223号百货广场,,,
景湾阁,,日本三菱电梯株式会社,乘客电梯,30104404001999060004,,,,,GPS-III,曳引驱动,,,,,,2018-5-14,拱北情侣南路303号,,,
景湾阁,1#,日本三菱电梯株式会社,乘客电梯,30104404001999060003,,,,,GPS-III,曳引驱动,,,,,,2018-5-14,拱北情侣南路303号,,,
警备区保障房,W1510323,迅达（中国）有限公司,乘客电梯,31104404002016040054,,,,,Schinfler 3300,曳引驱动,,,,,,2018-4-1,珠海唐家珠海警备区经济适用房工程,,,
警备区保障房,W1510321,迅达（中国）有限公司,乘客电梯,31104404002016040053,,,,,Schinfler 3300,曳引驱动,,,,,,2018-4-1,珠海唐家珠海警备区经济适用房工程,,,
警备区保障房,W1510322,迅达（中国）有限公司,乘客电梯,31104404002016040052,,,,,Schinfler 3300,曳引驱动,,,,,,2018-4-1,珠海唐家珠海警备区经济适用房工程,,,
警备区保障房,4栋1#,迅达（中国）有限公司,乘客电梯,31104404002016030106,,,,,Schinfler 3600,曳引驱动,,,,,,2017-10-1,珠海唐家珠海警备区经济适用房工程,,,
警备区保障房,4栋4#,迅达（中国）有限公司,乘客电梯,31104404002016030105,,,,,Schinfler 3600,曳引驱动,,,,,,2017-10-1,珠海唐家珠海警备区经济适用房工程,,,
警备区保障房,8栋4#,迅达（中国）有限公司,乘客电梯,31104404002016030104,,,,,Schinfler 3600,曳引驱动,,,,,,2017-10-1,珠海唐家珠海警备区经济适用房工程,,,
警备区保障房,8栋3#,迅达（中国）有限公司,乘客电梯,31104404002016030103,,,,,Schinfler 3600,曳引驱动,,,,,,2017-10-1,珠海唐家珠海警备区经济适用房工程,,,
警备区保障房,8栋2#,迅达（中国）有限公司,乘客电梯,31104404002016030102,,,,,Schinfler 3600,曳引驱动,,,,,,2017-10-1,珠海唐家珠海警备区经济适用房工程,,,
警备区保障房,8栋1#,迅达（中国）有限公司,乘客电梯,31104404002016030101,,,,,Schinfler 3600,曳引驱动,,,,,,2017-10-1,珠海唐家珠海警备区经济适用房工程,,,
警备区保障房,7栋2#,迅达（中国）有限公司,乘客电梯,31104404002016030100,,,,,Schinfler 3600,曳引驱动,,,,,,2017-10-1,珠海唐家珠海警备区经济适用房工程,,,
警备区保障房,7栋1#,迅达（中国）有限公司,乘客电梯,31104404002016030099,,,,,Schinfler 3600,曳引驱动,,,,,,2017-10-1,珠海唐家珠海警备区经济适用房工程,,,
警备区保障房,,迅达（中国）有限公司,乘客电梯,31104404002016030098,,,,,Schinfler 3600,曳引驱动,,,,,,2017-10-1,珠海唐家珠海警备区经济适用房工程,,,
警备区保障房,,迅达（中国）有限公司,乘客电梯,31104404002016030097,,,,,Schinfler 3600,曳引驱动,,,,,,2017-10-1,珠海唐家珠海警备区经济适用房工程,,,
警备区保障房,,迅达（中国）有限公司,乘客电梯,31104404002016030096,,,,,Schinfler 3600,曳引驱动,,,,,,2017-10-1,珠海唐家珠海警备区经济适用房工程,,,
警备区保障房,,迅达（中国）有限公司,乘客电梯,31104404002016030095,,,,,Schinfler 3600,曳引驱动,,,,,,2017-10-1,珠海唐家珠海警备区经济适用房工程,,,
警备区保障房,ZA350092,迅达（中国）有限公司,乘客电梯,31104404002016030094,,,,,Schinfler 3600,曳引驱动,,,,,,2017-10-1,珠海唐家珠海警备区经济适用房工程,,,
警备区保障房,ZA350096,迅达（中国）有限公司,乘客电梯,31104404002016030093,,,,,Schinfler 3600,曳引驱动,,,,,,2017-10-1,珠海唐家珠海警备区经济适用房工程,,,
警备区保障房,ZA350095,迅达（中国）有限公司,乘客电梯,31104404002016030092,,,,,Schinfler 3600,曳引驱动,,,,,,2017-10-1,珠海唐家珠海警备区经济适用房工程,,,
警备区保障房,ZA350094,迅达（中国）有限公司,乘客电梯,31104404002016030091,,,,,Schinfler 3600,曳引驱动,,,,,,2017-10-1,珠海唐家珠海警备区经济适用房工程,,,
警备区保障房,ZA350093,迅达（中国）有限公司,乘客电梯,31104404002016030090,,,,,Schinfler 3600,曳引驱动,,,,,,2017-10-1,珠海唐家珠海警备区经济适用房工程,,,
警备区保障房,ZA350091,迅达（中国）有限公司,乘客电梯,31104404002016030089,,,,,Schinfler 3600,曳引驱动,,,,,,2017-10-1,珠海唐家珠海警备区经济适用房工程,,,
警备区保障房,ZA350090,迅达（中国）有限公司,乘客电梯,31104404002016030088,,,,,Schinfler 3600,曳引驱动,,,,,,2017-10-1,珠海唐家珠海警备区经济适用房工程,,,
警备区保障房,ZA350089,迅达（中国）有限公司,乘客电梯,31104404002016030087,,,,,Schinfler 3600,曳引驱动,,,,,,2017-10-1,珠海唐家珠海警备区经济适用房工程,,,
警备区保障房,ZA350088,迅达（中国）有限公司,乘客电梯,31104404002016030086,,,,,Schinfler 3600,曳引驱动,,,,,,2017-10-1,珠海唐家珠海警备区经济适用房工程,,,
警备区保障房,ZA350086,迅达（中国）有限公司,乘客电梯,31104404002016030085,,,,,Schinfler 3600,曳引驱动,,,,,,2017-10-1,珠海唐家珠海警备区经济适用房工程,,,
警备区保障房,ZA350087,迅达（中国）有限公司,乘客电梯,31104404002016030084,,,,,Schinfler 3600,曳引驱动,,,,,,2017-10-1,珠海唐家珠海警备区经济适用房工程,,,
警备区保障房,ZA350085,迅达（中国）有限公司,乘客电梯,31104404002016030083,,,,,Schinfler 3600,曳引驱动,,,,,,2017-10-1,珠海唐家珠海警备区经济适用房工程,,,
信源物业,,快意电梯股份有限公司,乘客电梯,31504409002016010004,,,,,BuildingEye,曳引驱动,,,,,,2017-9-1,信宜市新里市场三楼东侧（东镇镇新堤路,,,
信源物业,,快意电梯股份有限公司,乘客电梯,31504409002016010003,,,,,BuildingEye,曳引驱动,,,,,,2017-9-1,信宜市新里市场三楼东侧（东镇镇新堤路,,,
华信酒店（斗门）,1#,日立电梯（中国）有限公司,乘客电梯,31104404002016100006,,,,,MCA-1050C060,曳引驱动,,,,,,2016-10-1,井岸镇中兴中路,,,
博胜游艇,,起重机,其它,41704404002014100010,,,,,qzj,曳引驱动,,,,,,2016-10-1,珠海市高栏港经济区平沙镇珠海大道8009号6#厂房,,,
博胜游艇,,起重机,其它,41704404002014100009,,,,,qzj,曳引驱动,,,,,,2016-10-1,珠海市高栏港经济区平沙镇珠海大道8009号6#厂房,,,
博胜游艇,,起重机,其它,41704404002014100008,,,,,qzj,曳引驱动,,,,,,2016-10-1,珠海市高栏港经济区平沙镇珠海大道8009号6#厂房,,,
博胜游艇,,起重机,其它,41704404002014100007,,,,,qzj,曳引驱动,,,,,,2016-10-1,珠海市高栏港经济区平沙镇珠海大道8009号6#厂房,,,
信宜市第一中学,1#,广东菱王电梯有限公司,乘客电梯,32104409002010110002,,,,,LTH1000/1.0-VF,曳引驱动,,,,,,2017-11-1,信宜市教育路8号,,,
福海酒店,2#,上海三菱电梯有限公司,乘客电梯,30104409002002050213,,,,,GPS-11,曳引驱动,,,,,,2017-10-1,信宜市新尚路36号,,,
福海酒店,1#,上海三菱电梯有限公司,乘客电梯,30104409002002050212,,,,,GPS-11,曳引驱动,,,,,,2017-10-1,信宜市新尚路36号,,,
福海酒店,3#员工梯,广东菱王电梯有限公司,乘客电梯,31104409002006000000,,,,,LTK1000/1.6-VF,曳引驱动,,,,,,2017-10-1,信宜市新尚路36号,,,
天鹅湖宾馆,1#,富士通电梯（深圳）有限公司,乘客电梯,31104409002013120022,,,,,FK1000/1.6,曳引驱动,,,,,,2017-9-1,信宜市新里六路第二单元,,,
宾客之家,1#,珠江富士电梯有限公司,乘客电梯,30104409002005100007,,,,,ZFT1000/1.0-JXW(VVVF),曳引驱动,,,,,,2018-3-1,信宜市新车站对面,,,
港城花园,3栋2单元,日立电梯（中国）有限公司,乘客电梯,31104404002015010051,,,,,MCA-1050-C0105,曳引驱动,,,,,,2017-11-1,珠海市高栏港南水镇铁炉北路133号港城花园,,,
港城花园,7栋1单元,日立电梯（中国）有限公司,乘客电梯,31104404002015010050,,,,,MCA-1050-C0105,曳引驱动,,,,,,2017-11-1,珠海市高栏港南水镇铁炉北路133号港城花园,,,
港城花园,2栋2单元,日立电梯（中国）有限公司,乘客电梯,31104404002015010037,,,,,MCA-1050-C0105,曳引驱动,,,,,,2017-11-1,珠海市高栏港南水镇铁炉北路133号港城花园,,,
港城花园,7栋2单元,日立电梯（中国）有限公司,乘客电梯,31104404002015010038,,,,,MCA-1050-C0105,曳引驱动,,,,,,2017-11-1,珠海市高栏港南水镇铁炉北路133号港城花园,,,
港城花园,4栋1单元,日立电梯（中国）有限公司,乘客电梯,31104404002015010039,,,,,MCA-1050-C0105,曳引驱动,,,,,,2017-11-1,珠海市高栏港南水镇铁炉北路133号港城花园,,,
港城花园,1栋2单元,日立电梯（中国）有限公司,乘客电梯,31104404002015010034,,,,,MCA-1050-C0105,曳引驱动,,,,,,2017-11-1,珠海市高栏港南水镇铁炉北路133号港城花园,,,
港城花园,5栋1单元,日立电梯（中国）有限公司,乘客电梯,31104404002015010048,,,,,MCA-1050-C0105,曳引驱动,,,,,,2017-11-1,珠海市高栏港南水镇铁炉北路133号港城花园,,,
港城花园,6栋2单元,日立电梯（中国）有限公司,乘客电梯,31104404002015010047,,,,,MCA-1050-C0105,曳引驱动,,,,,,2017-11-1,珠海市高栏港南水镇铁炉北路133号港城花园,,,
港城花园,1栋1单元,日立电梯（中国）有限公司,乘客电梯,31104404002015010035,,,,,MCA-1050-C0105,曳引驱动,,,,,,2017-11-1,珠海市高栏港南水镇铁炉北路133号港城花园,,,
港城花园,3栋1单元,日立电梯（中国）有限公司,乘客电梯,31104404002015010049,,,,,MCA-1050-C0105,曳引驱动,,,,,,2017-11-1,珠海市高栏港南水镇铁炉北路133号港城花园,,,
港城花园,2栋1单元,日立电梯（中国）有限公司,乘客电梯,31104404002015010036,,,,,MCA-1050-C0105,曳引驱动,,,,,,2017-11-1,珠海市高栏港南水镇铁炉北路133号港城花园,,,
港城花园,5栋2单元,日立电梯（中国）有限公司,乘客电梯,31104404002015010046,,,,,MCA-1050-C0105,曳引驱动,,,,,,2017-11-1,珠海市高栏港南水镇铁炉北路133号港城花园,,,
港城花园,6栋1单元,日立电梯（中国）有限公司,乘客电梯,31104404002015010045,,,,,MCA-1050-C0105,曳引驱动,,,,,,2017-11-1,珠海市高栏港南水镇铁炉北路133号港城花园,,,
港城花园,4栋2单元,日立电梯（中国）有限公司,乘客电梯,31104404002015010040,,,,,MCA-1050-C0105,曳引驱动,,,,,,2017-11-1,珠海市高栏港南水镇铁炉北路133号港城花园,,,
山水时尚酒店,2#,上海永大电梯有限公司,乘客电梯,31104420002012080065,,,,,IQ-1000*06/06-C0090,曳引驱动,,,,,,2017-7-1,石岐区中山二路,,,
山水时尚酒店,1#,上海永大电梯有限公司,乘客电梯,31104420002012080064,,,,,IQ-1000*07/07-C0090,曳引驱动,,,,,,2017-7-1,石岐区中山二路,,,
爱家心座,2#,三洋电梯（珠海）有限公司,乘客电梯,31104404002012020037,,,,,TKJ800/1.5-JXW,曳引驱动,,,,,,2018-5-21,平沙镇美平5号区,,,
爱家心座,3#,三洋电梯（珠海）有限公司,乘客电梯,31104404002012020036,,,,,TKJ800/1.5-JXW,曳引驱动,,,,,,2018-5-21,平沙镇美平5号区,,,
爱家心座,1#,三洋电梯（珠海）有限公司,乘客电梯,31104404002012020035,,,,,TKJ800/1.5-JXW,曳引驱动,,,,,,2018-5-21,平沙镇美平5号区,,,
格莱利摩擦,,升降机,其它,519125,,,,,SJG3.0-8.0,曳引驱动,,,,,,2016-2-1,龙山三路6号,,,
南街新苑,1#,快意电梯股份有限公司,乘客电梯,31104404002016070057,,,,,METIS,曳引驱动,,,,,,2017-8-1,金湾区三灶镇琴石路南侧,,,
南街新苑,2#,快意电梯股份有限公司,乘客电梯,31104404002016070056,,,,,METIS,曳引驱动,,,,,,2017-8-1,金湾区三灶镇琴石路南侧,,,
南街新苑,5#,快意电梯股份有限公司,乘客电梯,31104404002016070055,,,,,METIS,曳引驱动,,,,,,2017-8-1,金湾区三灶镇琴石路南侧,,,
南街新苑,4#,快意电梯股份有限公司,乘客电梯,31104404002016070054,,,,,METIS,曳引驱动,,,,,,2017-8-1,金湾区三灶镇琴石路南侧,,,
南街新苑,3#,快意电梯股份有限公司,乘客电梯,31104404002016070053,,,,,METIS,曳引驱动,,,,,,2017-8-1,金湾区三灶镇琴石路南侧,,,
李玲,,快意电梯股份有限公司,乘客电梯,31104404002014080014,,,,,METIS,曳引驱动,,,,,,2018-5-16,珠海市头门区龙山2路,,,
李栋俊,1#,快意电梯股份有限公司,乘客电梯,31304404002013080001,,,,,METIS,曳引驱动,,,,,,2018-5-16,珠海市斗门区龙山2路,,,
李全海,1#,快意电梯股份有限公司,乘客电梯,31104404002013080073,,,,,METIS,曳引驱动,,,,,,2018-5-16,珠海市斗门区龙山2路,,,
宝居物业,6#,快意电梯股份有限公司,乘客电梯,31104404002013080077,,,,,METIS,曳引驱动,,,,,,2017-8-1,珠海市斗门区井岸镇西浦市场,,,
宝居物业,5#,快意电梯股份有限公司,乘客电梯,31104404002013080076,,,,,METIS,曳引驱动,,,,,,2017-8-1,珠海市斗门区井岸镇西浦市场,,,
宝居物业,4#,快意电梯股份有限公司,乘客电梯,31104404002013080080,,,,,METIS,曳引驱动,,,,,,2017-8-1,珠海市斗门区井岸镇西浦市场,,,
宝居物业,3#,快意电梯股份有限公司,乘客电梯,31104404002013080079,,,,,METIS,曳引驱动,,,,,,2017-8-1,珠海市斗门区井岸镇西浦市场,,,
宝居物业,2#,快意电梯股份有限公司,乘客电梯,31104404002013080078,,,,,METIS,曳引驱动,,,,,,2017-8-1,珠海市斗门区井岸镇西浦市场,,,
宝居物业,1#,快意电梯股份有限公司,乘客电梯,31104404002013080075,,,,,METIS,曳引驱动,,,,,,2017-8-1,珠海市斗门区井岸镇西浦市场,,,
界涌市场,2#,上海现代电梯制造有限公司,载货电梯,31104404002016030019,,,,,STVF,曳引驱动,,,,,,2018-4-1,前山界涌市场,,,
界涌市场,1#,上海现代电梯制造有限公司,载货电梯,31104404002016030018,,,,,STVF,曳引驱动,,,,,,2018-1-17,前山界涌市场,,,
界涌市场,3#,上海现代电梯制造有限公司,载货电梯,32104404002016030016,,,,,STVF-F,曳引驱动,,,,,,2018-1-17,前山界涌市场,,,
中航物业,2#,广州广日电梯工业有限公司,乘客电梯,31304404002016050020,,,,,ESW1050-C01.5,曳引驱动,,,,,,2018-1-1,香洲梅华东路276号,,,
中航物业,1#,广州广日电梯工业有限公司,乘客电梯,31304404002016050019,,,,,ESW1050-C01.5,曳引驱动,,,,,,2018-1-1,香洲梅华东路276号,,,
富都大厦,4#,广州广日电梯工业有限公司,乘客电梯,30104404001997070004,,,,,GVF-11-C090,曳引驱动,,,,,,2017-9-1,拱北迎宾大道2230号,,,
富都大厦,3#,广州广日电梯工业有限公司,乘客电梯,30104404001997070003,,,,,GVF-11-C090,曳引驱动,,,,,,2017-9-1,拱北迎宾大道2230号,,,
富都大厦,1#,广州广日电梯工业有限公司,乘客电梯,30104404001997070002,,,,,GVF-11-C090,曳引驱动,,,,,,2017-9-1,拱北迎宾大道2230号,,,
富都大厦,2#,广州广日电梯工业有限公司,乘客电梯,30104404001997070001,,,,,GVF-11-C090,曳引驱动,,,,,,2017-9-1,拱北迎宾大道2230号,,,
松下马达,餐梯,哈尔滨顺达机电设备有限公司,乘客电梯,34004404002016050003,,,,,TWJ3-1VF,曳引驱动,,,,,,2018-3-1,南屏科技园屏东三路3号,,,
祥盛特种门,,日芝,乘客电梯,32104404002016040001,,,,,THJW2000/0.5-JX,曳引驱动,,,,,,2017-9-1,南屏科技园屏东四路3号,,,
中大五院,6#,永大电梯设备（中国）有限公司,乘客电梯,31104404002016050070,,,,,e' IQ-P,曳引驱动,,,,,,2018-4-2,梅华东路52号,,,
中大五院,5#,永大电梯设备（中国）有限公司,乘客电梯,31104404002016050075,,,,,e' IQ-P,曳引驱动,,,,,,2018-4-2,梅华东路52号,,,
中大五院,4#,永大电梯设备（中国）有限公司,乘客电梯,31104404002016050071,,,,,e' IQ-P,曳引驱动,,,,,,2018-4-2,梅华东路52号,,,
中大五院,1#,永大电梯设备（中国）有限公司,乘客电梯,31104404002016050074,,,,,e' IQ-P,曳引驱动,,,,,,2018-4-2,梅华东路52号,,,
中大五院,2#,永大电梯设备（中国）有限公司,乘客电梯,31104404002016050073,,,,,e' IQ-P,曳引驱动,,,,,,2018-4-2,梅华东路52号,,,
中大五院,3#,永大电梯设备（中国）有限公司,乘客电梯,31104404002016050072,,,,,e' IQ-P,曳引驱动,,,,,,2018-4-2,梅华东路52号,,,
来魅力酒店,1#,通力,其它,31304404002008070031,,,,,PW13/10-19,曳引驱动,,,,,,2017-12-14,拱北围基路32号,,,
来魅力酒店,4#,三洋电梯,其它,31304404002008070030,,,,,THJ1250/0.5-JX.PC,曳引驱动,,,,,,2017-12-1,拱北围基路32号,,,
来魅力酒店,2#,通力,其它,31304404002008070029,,,,,PW13/10-19,曳引驱动,,,,,,2017-12-14,拱北围基路32号,,,
来魅力酒店,3#,通力,其它,31504404002009060011,,,,,PW13/10-19,曳引驱动,,,,,,2017-12-1,拱北围基路32号,,,
来魅力酒店,4#,富士达,乘客电梯,31104404002008040087,,,,,EXCEL-SDVF-EX,曳引驱动,,,,,,2017-12-14,拱北围基路32号,,,
来魅力酒店,3#,富士达,乘客电梯,31104404002008040086,,,,,EXCEL-SDVF-EX,曳引驱动,,,,,,2017-12-14,拱北围基路32号,,,
来魅力酒店,大堂2#,富士达,乘客电梯,31104404002008040085,,,,,EXCEL-SDVF-EX,曳引驱动,,,,,,2017-12-14,拱北围基路32号,,,
来魅力酒店,大堂1#,富士达,乘客电梯,31104404002008040084,,,,,EXCEL-SDVF-EX,曳引驱动,,,,,,2017-12-14,拱北围基路32号,,,
思美亚,,广州市海力格电梯有限公司,乘客电梯,3210440400201411018,,,,,THJ3000/0.5JX（HYVF06）,曳引驱动,,,,,,2017-8-31,斗门区乾务镇富山工业园,,,
驻澳部队,,日立电梯,乘客电梯,519122,,,,,-,曳引驱动,,,,,,2016-3-16,南屏驻澳部队,,,
格力电工,,东莞市三洋电梯有限公司,载货电梯,32104404002011070015,,,,,THJ1000/0.5-WJXVF,曳引驱动,,,,,,2017-9-1,斗门区龙山工业区,,,
思美亚,,广州市海力格电梯有限公司,乘客电梯,32104404002014110019,,,,,THJ3000/0.5JX（HYVF07）,曳引驱动,,,,,,2017-8-31,斗门区乾务镇富山工业园,,,
思美亚,,广州市海力格电梯有限公司,乘客电梯,32104404002014110018,,,,,THJ3000/0.5JX（HYVF06）,曳引驱动,,,,,,2017-8-31,斗门区乾务镇富山工业园,,,
华业旺旅店,,广州市西奥电梯有限公司,乘客电梯,31304404002016010024,,,,,TKU630/1.0-JXW,曳引驱动,,,,,,2017-12-19,珠海市湾仔华业旺旅店,,,
井岸卫生院,1#,广州广日电梯工业有限公司,乘客电梯,30124404002001050001,,,,,GVB1600-2S1.0,曳引驱动,,,,,,2018-1-1,珠海市斗门区井岸镇卫生院,,,
捷达电力,,广东奥菱电梯有限公司,乘客电梯,31104404002016010095,,,,,OLKJ800/1.5-JX.VF,曳引驱动,,,,,,2016-12-17,斗门区白藤二、三路之间,,,
捷达电力,,广东奥菱电梯有限公司,乘客电梯,31104404002016010094,,,,,OLKJ800/1.5-JX.VF,曳引驱动,,,,,,2016-12-17,斗门区白藤二、三路之间,,,
银城大厦,,广日电梯,乘客电梯,31104404002016020028,,,,,G.Wiz,曳引驱动,,,,,,2017-12-1,吉大银城大厦,,,
宝江迎宾酒店,,东莞市飞鹏电梯,乘客电梯,31304404002007120101,,,,,JOYMORE603/110,曳引驱动,,,,,,2017-9-1,拱北联安路239号,,,
方正科技,,起重机,其它,4CD04404002013080005,,,,,qzj,曳引驱动,,,,,,2016-4-24,斗门富山工业区,,,
香洲玻璃钢般厂,,起重机,其它,40204404002005060001,,,,,qzj,曳引驱动,,,,,,2016-4-24,珠海市香洲区,,,
粮油储运,,起重机,其它,40304404001998080001,,,,,qzj,曳引驱动,,,,,,2016-4-24,前山南屏大桥西侧码头,,,
粮油储运,,起重机,其它,40304404001998080002,,,,,qzj,曳引驱动,,,,,,2016-4-24,前山南屏大桥西侧码头,,,
安奈摩擦,,起重机,其它,41704404002013040010,,,,,qzj,曳引驱动,,,,,,2016-4-24,珠海市斗门区斗门镇斗门大道108号二楼,,,
格莱利,,起重机,其它,41704404002013040011,,,,,qzj,曳引驱动,,,,,,2016-4-24,斗门龙山工业区,,,
福尼亚,,起重机,其它,41704404002013050008,,,,,qzj,曳引驱动,,,,,,2016-2-24,科技创新海岸科技1路18号,,,
嘉迪乐KTV,1#,快意电梯股份有限公司,乘客电梯,31104404002014010040,,,,,METIS,曳引驱动,,,,,,2017-12-1,珠海市香洲区南屏路口,,,
瀚林山庄,,快意电梯股份有限公司,乘客电梯,31104404002015090067,,,,,METIS,曳引驱动,,,,,,2018-6-12,三灶镇鱼林小学旁,,,
瀚林山庄,,快意电梯股份有限公司,乘客电梯,31104404002015090066,,,,,METIS,曳引驱动,,,,,,2018-6-12,三灶镇鱼林小学旁,,,
瀚林山庄,,快意电梯股份有限公司,乘客电梯,31104404002015090065,,,,,METIS,曳引驱动,,,,,,2018-6-12,三灶镇鱼林小学旁,,,
联业织染,,广东奥菱电梯有限公司,乘客电梯,32104404002015120007,,,,,OLHJ5000/0.5-JX,曳引驱动,,,,,,2017-9-1,斗门富山工业区,,,
联业织染,2#,广东奥菱电梯有限公司,乘客电梯,32104404002015120006,,,,,OLHJ3000/0.5-JX,曳引驱动,,,,,,2017-9-1,斗门富山工业区,,,
德丰大厦,2栋2#,广州广日,乘客电梯,30104404001994100017,,,,,YP-8-CO90,曳引驱动,,,,,,2017-12-1,九洲大道中德丰大厦,,,
德丰大厦,2栋1#,广州广日,乘客电梯,30104404001994100016,,,,,YP-8-CO90,曳引驱动,,,,,,2017-12-1,九洲大道中德丰大厦,,,
德丰大厦,1栋2#,广州广日,乘客电梯,30104404001994100015,,,,,YP-8-CO90,曳引驱动,,,,,,2017-12-1,九洲大道中德丰大厦,,,
德丰大厦,1栋1#,广州广日,乘客电梯,30104404001994100014,,,,,YP-8-CO90,曳引驱动,,,,,,2017-12-1,九洲大道中德丰大厦,,,
东来顺饭庄,,沈阳亿成电梯有限公司,乘客电梯,34004404002015100001,,,,,TW12,曳引驱动,,,,,,2018-5-14,珠海市九州大道富华里6栋东来顺,,,
熊才燕,1#,快意电梯股份有限公司,乘客电梯,31104404002012060012,,,,,METIS,曳引驱动,,,,,,2017-5-1,三灶鱼林工业区,,,
熊才燕,2#,快意电梯股份有限公司,乘客电梯,31104404002012060013,,,,,METIS,曳引驱动,,,,,,2017-5-1,三灶鱼林工业区,,,
松下马达,,三力达电梯,载货电梯,30134404002005050026,,,,,THJ30000/0.5-JXW,曳引驱动,,,,,,2018-3-1,南屏科技园屏东三路3号,,,
松下马达,,三力达电梯,载货电梯,32104404002007090050,,,,,THJ30000/0.5-JXPC,曳引驱动,,,,,,2018-3-1,南屏科技园屏东三路3号,,,
松下马达,,珠江富士,载货电梯,32104404002011090017,,,,,THJ30000/0.5-JXWVF,曳引驱动,,,,,,2017-9-1,南屏科技园屏东三路3号,,,
松下马达,,珠江富士,载货电梯,30134404002001120004,,,,,THJ30000/0.5-JXVF,曳引驱动,,,,,,2017-9-1,南屏科技园屏东三路3号,,,
松下马达,,三力达电梯,载货电梯,32104404002011010002,,,,,THJ30000/0.5-JXVF,曳引驱动,,,,,,2017-9-1,南屏科技园屏东三路3号,,,
松下马达,,珠江富士,载货电梯,30134404002004010007,,,,,THJ30000/0.5-JX（PC）,曳引驱动,,,,,,2017-9-1,南屏科技园屏东三路3号,,,
松下马达,,珠江富士,载货电梯,30134404002001120006,,,,,THJ30000/0.5-JXW,曳引驱动,,,,,,2017-9-1,南屏科技园屏东三路3号,,,
祥盛特种门,,富士通电梯（深圳）有限公司,载货电梯,30134404002001010004,,,,,FHA1000/0.5,曳引驱动,,,,,,2017-9-1,南屏科技园屏东四路3号,,,
华信酒店（斗门）,,广东奥菱电梯有限公司,乘客电梯,31104404002015080097,,,,,OLKJ1000/1.5-JX.VF,曳引驱动,,,,,,2017-6-1,井岸镇中兴中路,,,
华信酒店（斗门）,,广东奥菱电梯有限公司,乘客电梯,31104404002015080096,,,,,OLKJ1000/1.5-JX.VF,曳引驱动,,,,,,2017-6-1,井岸镇中兴中路,,,
莲花大厦,,广东奥菱电梯有限公司,乘客电梯,31104404002015090060,,,,,OLKJ1000/1.0-JX.VF,曳引驱动,,,,,,2017-8-1,拱北莲花路92号,,,
袁静,,深圳市深欧宝电梯有限公司,乘客电梯,32104404002015080030,,,,,SOBTH200/0.5,曳引驱动,,,,,,2018-5-17,吉大景乐路61号,,,
百分百,1#,广州电梯工业公司,载货电梯,30104404001995040002,,,,,MMR-PA10(1000)-CO-105-(25/25),曳引驱动,,,,,,2017-9-1,香洲凤凰南路1134号,,,
百分百,2#,广州电梯工业公司,载货电梯,30104404001995040001,,,,,MMR-PA10(1000)-CO-105-(25/25),曳引驱动,,,,,,2017-9-1,香洲凤凰南路1134号,,,
安实益物业,3#,广州市西奥电梯有限公司,载货电梯,32104404002014090009,,,,,THJ2000/0.5-JXP,曳引驱动,,,,,,2018-5-8,斗门区新青科技园工业园珠峰大道8号,,,
安实益物业,5#,广州市西奥电梯有限公司,载货电梯,32104404002015080012,,,,,THJ2000/0.5-JXP,曳引驱动,,,,,,2018-5-8,斗门区新青科技园工业园珠峰大道8号,,,
安实益物业,4#,广州市西奥电梯有限公司,载货电梯,32104404002015080011,,,,,THJ2000/0.5-JXP,曳引驱动,,,,,,2018-5-8,斗门区新青科技园工业园珠峰大道8号,,,
安实益物业,1#,广州西奥电梯有限公司,载货电梯,32104404002014060011,,,,,HTJ-3000/0.5-JXP,曳引驱动,,,,,,2018-5-8,斗门区新青科技园工业园珠峰大道8号,,,
安实益物业,2#,广州西奥电梯有限公司,载货电梯,32104404002014060010,,,,,HTJ-3000/0.5-JXP,曳引驱动,,,,,,2018-5-8,斗门区新青科技园工业园珠峰大道8号,,,
驻澳部队,,通力,乘客电梯,31304404002013040017,,,,,PW13/10-19,曳引驱动,,,,,,2017-9-1,南屏驻澳部队,,,
自然商务会所,1#,日立,乘客电梯,31104404002011010027,,,,,HGP-1000-C060,曳引驱动,,,,,,2018-3-1,拱北水湾路27号,,,
南通四建,S833,米高,其它,519120,,,,,TYJ400,曳引驱动,,,,,,2015-6-19,人民西路敦煌大厦17楼,,,
德虹酒店,,奥菱电梯,乘客电梯,31104404002015050002,,,,,OLKJ630/1.5-JX.VF,曳引驱动,,,,,,2018-1-24,斗门区井岸镇东风村二路,,,
协骏玩具,,中山迪宝尔,载货电梯,32104404002015050006,,,,,HTJ2000/0.5-JXVF,曳引驱动,,,,,,2018-3-1,唐家湾拱星路92号,,,
曼哈顿,01#,广东菱电,乘客电梯,31104404002012090074,,,,,NEXWAY-S,曳引驱动,,,,,,2017-8-1,金湾区红旗镇御都国际大酒店,,,
曼哈顿,4#,广东菱电,乘客电梯,31104404002012090073,,,,,NEXWAY-S,曳引驱动,,,,,,2017-8-1,金湾区红旗镇御都国际大酒店,,,
曼哈顿,3#,广东菱电,乘客电梯,31104404002012090072,,,,,NEXWAY-S,曳引驱动,,,,,,2017-8-1,金湾区红旗镇御都国际大酒店,,,
曼哈顿,02#,广东菱电,乘客电梯,31104404002012090071,,,,,NEXWAY-S,曳引驱动,,,,,,2017-8-1,金湾区红旗镇御都国际大酒店,,,
曼哈顿,6#,广东菱电,乘客电梯,31304404002012090007,,,,,ELENESSA,曳引驱动,,,,,,2017-9-1,金湾区红旗镇御都国际大酒店,,,
曼哈顿,05#,广东菱电,乘客电梯,31304404002012090006,,,,,ELENESSA,曳引驱动,,,,,,2017-9-1,金湾区红旗镇御都国际大酒店,,,
格莱利摩擦,A2,富士,载货电梯,32104404002015010012,,,,,THJ1000/1.5-JXW,曳引驱动,,,,,,2018-5-16,龙山三路6号,,,
格莱利摩擦,A1,富士,乘客电梯,32104404002015010011,,,,,THJ1000/1.5-JXW,曳引驱动,,,,,,2018-5-16,龙山三路6号,,,
格莱利摩擦,C2,富士,载货电梯,32104404002015010010,,,,,THJ3000/0.5-JXW,曳引驱动,,,,,,2018-5-16,龙山三路6号,,,
格莱利摩擦,C1,富士,载货电梯,32104404002015010009,,,,,THJ3000/0.5-JXW,曳引驱动,,,,,,2018-5-16,龙山三路6号,,,
格莱利摩擦,E1,富士,载货电梯,31104404002015010027,,,,,THJ3000/0.5-JXW,曳引驱动,,,,,,2018-5-16,龙山三路6号,,,
格莱利摩擦,1#,珠海三洋,载货电梯,32104404002013050002,,,,,THJ3000/0.5-JXW,曳引驱动,,,,,,2018-5-16,龙山三路6号,,,
格莱利摩擦,2#,珠海三洋,载货电梯,32104404002013050001,,,,,THJ3000/0.5-JXW,曳引驱动,,,,,,2018-5-16,龙山三路6号,,,
凤凰山1号,会所,天津奥的斯电梯有限公司,乘客电梯,31304404002008030033,,,,,GeN2CN-MRL,曳引驱动,,,,,,2017-12-1,情侣北路399号凤凰山一号,,,
吴子钦,1#,西子奥的斯电梯有限公司,乘客电梯,31104404002015030024,,,,,TKJ800/0.5-JXW,曳引驱动,,,,,,2017-9-1,斗门镇八甲乡久赤水坑新村,,,
文化产业园,,三洋电梯（珠海）有限公司,乘客电梯,31304404002013020009,,,,,TKJ1000/1.5-JXW,曳引驱动,,,,,,2017-12-1,珠海南屏南湾北路32号文化创意产业园,,,
文化产业园,,三洋电梯（珠海）有限公司,乘客电梯,31304404002013020008,,,,,TKJ1000/1.5-JXW,曳引驱动,,,,,,2017-12-1,珠海南屏南湾北路32号文化创意产业园,,,
文化产业园,,三洋电梯（珠海）有限公司,乘客电梯,31304404002013020007,,,,,TKJ1000/1.5-JXW,曳引驱动,,,,,,2017-12-1,珠海南屏南湾北路32号文化创意产业园,,,
文化产业园,,三洋电梯（珠海）有限公司,乘客电梯,31304404002013020006,,,,,TKJ1000/1.5-JXW,曳引驱动,,,,,,2017-12-1,珠海南屏南湾北路32号文化创意产业园,,,
文化产业园,,三洋电梯（珠海）有限公司,乘客电梯,31304404002013020005,,,,,TKJ1000/1.5-JXW,曳引驱动,,,,,,2017-12-1,珠海南屏南湾北路32号文化创意产业园,,,
免税商场,L4,广东菱电升降机有限公司,载货电梯,30134404001991010003,,,,,GDK-K-1350/0.8-JX,曳引驱动,,,,,,2017-9-1,吉大景山路220号免税商场,,,
免税商场,L3,日本富士电梯株式会社,载货电梯,30134404001991010004,,,,,FUJI,曳引驱动,,,,,,2017-9-1,吉大景山路220号免税商场,,,
免税商场,L2,广东菱电升降机有限公司,载货电梯,30134404001991010001,,,,,GDK-K-1350/0.8-JX,曳引驱动,,,,,,2017-9-1,吉大景山路220号免税商场,,,
免税商场,L1,日本三菱电梯株式会社,乘客电梯,30104404002001080002,,,,,EP-YP,曳引驱动,,,,,,2017-9-1,吉大景山路220号免税商场,,,
免税商场,L5,广州日立电梯有限公司,观光电梯,30104404002004020001,,,,,NPX-01000-C090,曳引驱动,,,,,,2017-9-1,吉大景山路220号免税商场,,,
弘基华庭,1栋4单元,日立,乘客电梯,31104404002008010082,,,,,0,曳引驱动,,,,,,2017-9-1,平沙美平一街,,,
弘基华庭,1栋3单元,日立,乘客电梯,31104404002008010081,,,,,0,曳引驱动,,,,,,2017-9-1,平沙美平一街,,,
弘基华庭,1栋2单元,日立,乘客电梯,31104404002008010080,,,,,0,曳引驱动,,,,,,2017-9-1,平沙美平一街,,,
弘基华庭,1栋1单元,日立,乘客电梯,31104404002008010079,,,,,0,曳引驱动,,,,,,2017-9-1,平沙美平一街,,,
柔乐,2#,菱王电梯,载货电梯,32104404002011030009,,,,,LTH2000kg0.5VF,曳引驱动,,,,,,2018-1-1,南屏,,,
柔乐,1#,菱王电梯,载货电梯,32104404002011030008,,,,,LTH2000kg0.5VF,曳引驱动,,,,,,2018-1-1,南屏,,,
富祥湾酒店,1#,西子奥的斯电梯有限公司,乘客电梯,31304404002011120001,,,,,GeN2,曳引驱动,,,,,,2018-5-3,横琴岛富祥湾,,,
人防工程,,亚富机电,乘客电梯,519000-3,,,,,0,曳引驱动,,,,,,2014-12-1,珠海,,,
港珠房产,10栋－2#,亚富机电,乘客电梯,519000-1,,,,,0,曳引驱动,,,,,,2014-12-1,珠海,,,
凤凰山1号,83栋7#,上海三菱电梯,乘客电梯,31104404002010110012,,,,,LEHY-II,曳引驱动,,,,,,2017-9-1,情侣北路399号凤凰山一号,,,
远光软件园,1#,东莞飞鹏,乘客电梯,30104404002004120028,,,,,TKJ1000/1.1-JXW（VVVF）,曳引驱动,,,,,,2017-9-1,珠海市港湾大道科技一路3号远光软件园,,,
博皇家居,L2汽车梯,佛山三水三洋,载货电梯,32404404002010120001,,,,,SYQ3000/0.5-JXVF,曳引驱动,,,,,,2017-12-1,上冲博皇家居,,,
泰合发展公司,1#,上海三菱电梯有限公司,乘客电梯,30104404002000050007,,,,,GPS-CR,曳引驱动,,,,,,2017-9-1,香洲吉祥街吉祥苑,,,
S楼,1#,上海阿尔法电梯,乘客电梯,31304404002013050007,,,,,ALP-IIM,曳引驱动,,,,,,2017-9-1,香洲区吉大九洲大道东1115号,,,
苏建成,,上海三胜康恩得,乘客电梯,31304404002012050006,,,,,SCKT400/0.1-JXWF-WJF,曳引驱动,,,,,,2017-12-1,香宁一街5号,,,
博皇家居,L1,通力电梯,乘客电梯,31304404002010110006,,,,,PW13/10-19,曳引驱动,,,,,,2017-12-1,上冲博皇家居,,,
思创电气,,三水三洋,载货电梯,32104404002013040014,,,,,SYTH3000/0.5-JX,曳引驱动,,,,,,2018-2-1,创新海岸科技六路,,,
裕信汽车销售,1#,中山市电梯厂,乘客电梯,31104404002013050024,,,,,TKJ800/1.0-JXW,曳引驱动,,,,,,2017-8-1,珠海市香洲区前山科技工业园明华三路2号,,,
通冠二手车,1#,三水三洋,乘客电梯,31104404002011110078,,,,,SYTK1000/1.0-JXVF,曳引驱动,,,,,,2017-9-1,梅华西路1089号,,,
青岛啤酒,2#,三水三洋,载货电梯,30134404002003060004,,,,,TLJ2000/0.5-JX,曳引驱动,,,,,,2017-9-1,富山工业区,,,
青岛啤酒,1#,三水三洋,载货电梯,30134404002003060003,,,,,TLJ2000/0.5-JX,曳引驱动,,,,,,2017-9-1,富山工业区,,,
溢多利,,珠海三洋,载货电梯,32104404002011110001,,,,,THJ3000/0.5-JXW,曳引驱动,,,,,,2017-9-1,南屏科技工业园屏北一路8号,,,
普乐美,3#,广州海力格,载货电梯,32104404002006110037,,,,,THJ2000/0.5-JX（HYIIV）,曳引驱动,,,,,,2017-9-1,平沙镇德祥路220号,,,
珠海市第二中学,,港日,乘客电梯,31304404002014120013,,,,,TKJ800/1-WJ,曳引驱动,,,,,,2017-9-1,香洲人民东路,,,
恒美花园,1#,江南嘉捷,乘客电梯,31304404002009010090,,,,,M1000W15S-C0,曳引驱动,,,,,,2018-5-8,斗门区恒美花园1#商业综合楼,,,
珠光大厦,1#,昆山京都,乘客电梯,31104404002014070059,,,,,TKJ1000/1.5-JX,曳引驱动,,,,,,2017-2-1,吉大景山乐路55号,,,
沙石土,1#,广州广日电梯,乘客电梯,31104404002013040031,,,,,OLKJ1050/1.5-JX.VF(旧：G.Wiz1050-C01.5,曳引驱动,,,,,,2017-9-1,梅华东路302号,,,
御林翠苑,1栋3单元,日立,乘客电梯,31104404002012010060,,,,,日立,曳引驱动,,,,,,2017-9-1,斗门区珠峰大道1711号御林翠苑,,,
御林翠苑,1栋2单元,日立,乘客电梯,31104404002012010059,,,,,日立,曳引驱动,,,,,,2017-9-1,斗门区珠峰大道1711号御林翠苑,,,
御林翠苑,3栋2单元,日立,乘客电梯,31104404002012010058,,,,,日立,曳引驱动,,,,,,2017-9-1,斗门区珠峰大道1711号御林翠苑,,,
御林翠苑,2栋1单元,日立,乘客电梯,31104404002012010057,,,,,日立,曳引驱动,,,,,,2017-9-1,斗门区珠峰大道1711号御林翠苑,,,
御林翠苑,2栋2单元,日立,乘客电梯,31104404002012010056,,,,,日立,曳引驱动,,,,,,2017-9-1,斗门区珠峰大道1711号御林翠苑,,,
御林翠苑,1栋1单元,日立,乘客电梯,31104404002012010055,,,,,日立,曳引驱动,,,,,,2017-9-1,斗门区珠峰大道1711号御林翠苑,,,
御林翠苑,5栋1单元2#,日立,乘客电梯,31104404002012010054,,,,,日立,曳引驱动,,,,,,2017-9-1,斗门区珠峰大道1711号御林翠苑,,,
御林翠苑,5栋1单元1#,日立,乘客电梯,31104404002012010053,,,,,日立,曳引驱动,,,,,,2017-9-1,斗门区珠峰大道1711号御林翠苑,,,
御林翠苑,5栋2单元2#,日立,乘客电梯,31104404002012010052,,,,,日立,曳引驱动,,,,,,2017-9-1,斗门区珠峰大道1711号御林翠苑,,,
御林翠苑,5栋2单元1#,日立,乘客电梯,31104404002012010051,,,,,日立,曳引驱动,,,,,,2017-9-1,斗门区珠峰大道1711号御林翠苑,,,
御林翠苑,4栋1单元,日立,乘客电梯,31104404002012010050,,,,,日立,曳引驱动,,,,,,2017-9-1,斗门区珠峰大道1711号御林翠苑,,,
御林翠苑,4栋2单元,日立,乘客电梯,31104404002012010049,,,,,日立,曳引驱动,,,,,,2017-9-1,斗门区珠峰大道1711号御林翠苑,,,
御林翠苑,3栋1单元,日立,乘客电梯,31104404002012010048,,,,,日立,曳引驱动,,,,,,2017-9-1,斗门区珠峰大道1711号御林翠苑,,,
凤凰山1号,83栋8#,上海三菱,乘客电梯,31104404002010110013,,,,,LEHY-II,曳引驱动,,,,,,2017-9-1,情侣北路399号凤凰山一号,,,
公积金中心,1#,广州利达,乘客电梯,30104404001999050004,,,,,TKJ1000/1.0-JXPC,曳引驱动,,,,,,2018-5-4,香洲海滨北路8号,,,
九龙医院,2#,日本日立,乘客电梯,30104404001993020004,,,,,YP-VF,曳引驱动,,,,,,2017-9-1,吉大九洲大道中1004号,,,
九龙医院,1#,日本日立,乘客电梯,30104404001993020003,,,,,YP-VF,曳引驱动,,,,,,2017-9-1,吉大九洲大道中1004号,,,
翠香社区,1#,广州市电梯工业公司,乘客电梯,30104404001996010009,,,,,YP-15-C090,曳引驱动,,,,,,2018-5-17,香洲兴华路31号,,,
凤凰山1号,76栋1#,奥的斯,乘客电梯,31304404002009050087,,,,,GeN2-CN-MRL,曳引驱动,,,,,,2017-12-1,情侣北路399号凤凰山一号,,,
凤凰山1号,80栋1单元,上海三菱,乘客电梯,31104404002010090003,,,,,LEHY-II,曳引驱动,,,,,,2017-12-1,情侣北路399号凤凰山一号,,,
公积金中心,2单元4#,广州利达,乘客电梯,30104404001999020012,,,,,TKJ800/1.0-JXPC,曳引驱动,,,,,,2018-5-4,香洲海滨北路8号,,,
何玉琼,1#,长沙西奥,乘客电梯,31104404002014040097,,,,,HE-800/1.5-VF,曳引驱动,,,,,,2018-4-28,金湾区红旗镇小林东成路西,,,
凤凰山1号,82栋客梯,上海三菱,乘客电梯,31104404002010110011,,,,,LEHY-II,曳引驱动,,,,,,2017-9-1,情侣北路399号凤凰山一号,,,
凤凰山1号,78栋3#,奥的斯,乘客电梯,31104404002009050090,,,,,OTIS-SKY,曳引驱动,,,,,,2017-12-1,情侣北路399号凤凰山一号,,,
七天酒店,1#,三水三洋电梯,乘客电梯,30104404001990110001,,,,,NPH-1000-C0105,曳引驱动,,,,,,2017-3-1,香洲凤凰北路1056号,,,
夏宫国际花园,1#,上海三菱,乘客电梯,30104404001999040003,,,,,GPS-CR,曳引驱动,,,,,,2017-4-1,吉大情侣南路589号,,,
公积金中心,3单元,广州利达,乘客电梯,30104404001999020013,,,,,TKJ800/1.0-JXPC,曳引驱动,,,,,,2018-5-4,香洲海滨北路8号,,,
凤凰山1号,83栋客梯（观光）,上海三菱,乘客电梯,31304404002010110005,,,,,ELENESSA,曳引驱动,,,,,,2017-9-1,情侣北路399号凤凰山一号,,,
夏宫国际花园,3#,上海三菱,乘客电梯,30104404001999040001,,,,,GPS-CR,曳引驱动,,,,,,2017-4-1,吉大情侣南路589号,,,
公积金中心,2#,广州利达,乘客电梯,30104404001999050005,,,,,TKJ1000/1.0-JXPC,曳引驱动,,,,,,2018-5-4,香洲海滨北路8号,,,
凤凰山1号,81栋货梯,上海三菱,乘客电梯,31104404002010110010,,,,,LEHY-II,曳引驱动,,,,,,2017-9-1,情侣北路399号凤凰山一号,,,
太平洋保险,1#,广州日立电梯,乘客电梯,31104404002006050013,,,,,NPH-1000-C0105,曳引驱动,,,,,,2018-4-25,吉大九洲大道中1081号,,,
远光软件园,2#,东莞飞鹏,乘客电梯,30104404002004120027,,,,,TKJ1000/1.0-JXW（VVVF）,曳引驱动,,,,,,2017-9-1,珠海市港湾大道科技一路3号远光软件园,,,
凤凰山1号,76栋2#,奥的斯,乘客电梯,31304404002010050001,,,,,GeN2-CN-MRL,曳引驱动,,,,,,2017-12-1,情侣北路399号凤凰山一号,,,
满天星酒店,1#,沈阳北方电梯,乘客电梯,30104404001998120006,,,,,TKJ1600/1.0-JX,曳引驱动,,,,,,2018-5-4,九洲大道中建业五路2号,,,
公积金中心,1单元3#,广州利达,乘客电梯,30104404001999020011,,,,,TKJ800/1.0-JXPC,曳引驱动,,,,,,2018-5-4,香洲海滨北路8号,,,
夏宫国际花园,2#,上海三菱,乘客电梯,30104404001999040002,,,,,GPS-CR,曳引驱动,,,,,,2017-4-1,吉大情侣南路589号,,,
凤凰山1号,81栋客梯,上海三菱,乘客电梯,31104404002010110009,,,,,LEHY-II,曳引驱动,,,,,,2017-9-1,情侣北路399号凤凰山一号,,,
凤凰山1号,78栋1#,奥的斯,乘客电梯,31104404002009050088,,,,,OTIS-SKY,曳引驱动,,,,,,2017-12-1,情侣北路399号凤凰山一号,,,
沙石土,1#,广州广日电梯,乘客电梯,30104404001995010002,,,,,YP-15-C060,曳引驱动,,,,,,2017-9-1,梅华东路302号,,,
凤凰山1号,78栋2#,奥的斯,乘客电梯,31104404002009050089,,,,,OTIS-SKY,曳引驱动,,,,,,2017-12-1,情侣北路399号凤凰山一号,,,
凤凰山1号,会所,奥的斯,乘客电梯,31104404002008030033,,,,,GeN2-CN-MRL,曳引驱动,,,,,,2017-12-1,情侣北路399号凤凰山一号,,,
亿盛制衣,1#,中国迅达电梯,载货电梯,30134404001991050006,,,,,H20-DPM,曳引驱动,,,,,,2018-3-1,兴华路113号,,,
珠影广场,2#,富士通电梯（深圳),载货电梯,32104404002012060010,,,,,FHA1000/0.5,曳引驱动,,,,,,2017-12-1,香洲凤凰南路1132号,,,
凤凰山1号,82栋货梯,上海三菱,乘客电梯,31104404002010110014,,,,,LEHY-II,曳引驱动,,,,,,2017-9-1,情侣北路399号凤凰山一号,,,
凤凰山1号,80栋2单元,上海三菱,乘客电梯,31104404002010090002,,,,,LEHY-II,曳引驱动,,,,,,2017-12-1,情侣北路399号凤凰山一号,,,
海伦堡85栋别墅,,亚富机电,其它,519085,,,,,0,曳引驱动,,,,,,2015-3-9,珠海市,,,
明才模具,2#,日立电梯,载货电梯,32104404002010090003,,,,,NF-1600-2S30,曳引驱动,,,,,,2018-4-1,珠海市金湾区平沙工业区连湾片德祥路,,,
明才模具,1#,日立电梯,载货电梯,32104404002010090002,,,,,NF-1600-2S30,曳引驱动,,,,,,2018-4-1,珠海市金湾区平沙工业区连湾片德祥路,,,
东方KTV,2#,怡达快速,乘客电梯,31304404002014120014,,,,,EKW30,曳引驱动,,,,,,2018-5-16,珠海市斗门区珠峰大道1288号,,,
东方KTV,1#,怡达快速,乘客电梯,31304404002014120015,,,,,EKW30,曳引驱动,,,,,,2018-5-16,珠海市斗门区珠峰大道1288号,,,
广联工业区,1#,威德利,载货电梯,32104404002011070013,,,,,WH2005,曳引驱动,,,,,,2017-9-1,南屏广生村,,,
广联工业区,4栋,广州海力格,载货电梯,32104404002010080001,,,,,THJ2000/0.5-JX,曳引驱动,,,,,,2017-9-1,南屏广生村,,,
凯豪酒店,1#,广州广日电梯,乘客电梯,31104404002012050006,,,,,MAX1150-CO1.5,曳引驱动,,,,,,2018-3-1,金湾区三灶金海大道西18号,,,
黄志,1#,凯斯博,乘客电梯,31304404002011060001,,,,,KA-MRL800X150EIC,曳引驱动,,,,,,2017-9-1,南屏镇广生村6号街,,,
神州利腾置业,1#,港奥电梯,乘客电梯,31104404002013090002,,,,,HE-800-1.5-VF,曳引驱动,,,,,,2018-3-1,前山翠微西路668号,,,
思美亚,1#,广州海力格,载货电梯,32104404002011080001,,,,,THJ3000/0.5JX（HYVF05）,曳引驱动,,,,,,2017-8-1,斗门区乾务镇富山工业园,,,
永通酒店,2#,上海三菱,乘客电梯,31304404002008070088,,,,,ELENESSA,曳引驱动,,,,,,2018-5-14,拱北友谊路20号,,,
永通酒店,1#,上海三菱,乘客电梯,31304404002008070087,,,,,ELENESSA,曳引驱动,,,,,,2018-5-14,拱北友谊路20号,,,
黄山公寓,1#,广东联合通用,乘客电梯,31104404002013100152,,,,,UGP1000-C01.5,曳引驱动,,,,,,2018-4-1,南屏广生新村六街五号二栋,,,
腾源名苑,5栋,日立电梯,乘客电梯,31104404002010070009,,,,,HGP-825-CO90,曳引驱动,,,,,,2018-5-16,斗门区白蕉金坑东路38号,,,
腾源名苑,4栋,日立电梯,乘客电梯,31104404002010070008,,,,,HGP-825-CO90,曳引驱动,,,,,,2018-5-16,斗门区白蕉金坑东路38号,,,
腾源名苑,3栋2单元,日立电梯,乘客电梯,31104404002010070007,,,,,HGP-825-CO90,曳引驱动,,,,,,2018-5-16,斗门区白蕉金坑东路38号,,,
腾源名苑,6栋,日立电梯,乘客电梯,31104404002010070006,,,,,HGP-825-CO90,曳引驱动,,,,,,2018-5-16,斗门区白蕉金坑东路38号,,,
腾源名苑,7栋,日立电梯,乘客电梯,31104404002010070005,,,,,HGP-825-CO90,曳引驱动,,,,,,2018-5-16,斗门区白蕉金坑东路38号,,,
腾源名苑,3栋1单元,日立电梯,乘客电梯,31104404002010070004,,,,,HGP-825-CO90,曳引驱动,,,,,,2018-5-16,斗门区白蕉金坑东路38号,,,
新鸿苑,2栋2单元,广州日立,乘客电梯,31104404002006090035,,,,,GVF-II,曳引驱动,,,,,,2018-3-1,夏湾港三路266号,,,
新鸿苑,2栋1单元,广州日立,乘客电梯,31104404002006090034,,,,,GVF-II,曳引驱动,,,,,,2018-3-1,夏湾港三路266号,,,
新鸿苑,1栋1单元,广州日立,乘客电梯,31104404002006090033,,,,,GVF-II,曳引驱动,,,,,,2018-3-1,夏湾港三路266号,,,
新鸿苑,1栋2单元,广州日立,乘客电梯,31104404002006090032,,,,,GVF-II,曳引驱动,,,,,,2018-3-1,夏湾港三路266号,,,
海蒂诗,1#,HITACHI,载货电梯,32104404002005120011,,,,,NF-2000-2S30,曳引驱动,,,,,,2017-12-1,南屏科技园屏工西路一号,,,
永晟家居城,3#,苏州台菱电梯,载货电梯,30134404002004070014,,,,,THJ2000-0.5m/s,曳引驱动,,,,,,2018-3-1,前山鞍山路18号,,,
永晟家居城,2#,苏州台菱电梯,载货电梯,30134404002004070013,,,,,THJ2000-0.5m/s,曳引驱动,,,,,,2018-3-1,前山鞍山路18号,,,
永晟家居城,1#,苏州台菱电梯,载货电梯,30134404002004070012,,,,,THJ2000-0.5m/s,曳引驱动,,,,,,2018-3-1,前山鞍山路18号,,,
文化产业园,3#,快速电梯,乘客电梯,31304404002012070052,,,,,SUPEX MRL,曳引驱动,,,,,,2018-5-8,珠海南屏南湾北路32号文化创意产业园,,,
文化产业园,2#,快速电梯,乘客电梯,31304404002012070051,,,,,SUPEX MRL,曳引驱动,,,,,,2018-5-8,珠海南屏南湾北路32号文化创意产业园,,,
文化产业园,1#,快速电梯,乘客电梯,31304404002012070050,,,,,SUPEX MRL,曳引驱动,,,,,,2018-5-8,珠海南屏南湾北路32号文化创意产业园,,,
通晶塑胶,东梯,中山市电梯厂,载货电梯,30114404002002010002,,,,,TLJ2000/0.5－JXPC,曳引驱动,,,,,,2018-4-1,南屏科技园屏东3路11号,,,
通晶塑胶,1#,中山市电梯厂,载货电梯,30114404002002010001,,,,,TLJ2000/0.5－JXPC,曳引驱动,,,,,,2018-4-1,南屏科技园屏东3路11号,,,
交通酒店,1#,广州广日,乘客电梯,31104404002013010100,,,,,0,曳引驱动,,,,,,2017-12-1,拱北交通酒店大厦,,,
拱北华信酒店,1#,广东升达,乘客电梯,31104404002011110048,,,,,SDK1000/1.5-JXVF,曳引驱动,,,,,,2018-3-1,珠海市拱北侨光路77号,,,
拱北华信酒店,2#,南通蒙哥马利,乘客电梯,31104404002010070024,,,,,THJ3000/0.5-JXW（VVVF）,曳引驱动,,,,,,2018-3-1,珠海市拱北侨光路77号,,,
新华莲酒店,1#,南通蒙哥马利电梯,乘客电梯,31104404002009040060,,,,,TKJ1000/1.5-JXW（VVVF）,曳引驱动,,,,,,2018-3-1,拱北侨光路77号,,,
大沿海出版,2#,东莞市飞鹏电梯,乘客电梯,30104404002000120030,,,,,TZJ1000/1.0-JXW,曳引驱动,,,,,,2018-2-1,香洲健民路147号,,,
大沿海出版,1#,东莞市飞鹏电梯,乘客电梯,30104404002000120025,,,,,TZJ1000/1.0-JXW,曳引驱动,,,,,,2018-2-1,香洲健民路147号,,,
天大药业,2#,东莞市飞鹏电梯,载货电梯,30134404001998120002,,,,,TKY1000/0.4-JXW,曳引驱动,,,,,,2018-1-18,前山鞍莲路82号,,,
天大药业,1#,东莞市飞鹏电梯,载货电梯,30134404001998120001,,,,,TKY1000/0.4-JXW,曳引驱动,,,,,,2018-1-18,前山鞍莲路82号,,,
天大药业,3#,东莞市飞鹏电梯,载货电梯,30104404001998120008,,,,,TKY1000/0.4-JXW,曳引驱动,,,,,,2018-1-18,前山鞍莲路82号,,,
夏湾华羽民富,3#,苏州江南快速电梯,乘客电梯,31104404002008040120,,,,,P1000G15W-CO,曳引驱动,,,,,,2017-8-1,拱北粤海中路2067号,,,
夏湾华羽民富,2#,苏州江南快速电梯,乘客电梯,31104404002008040119,,,,,P1000G15W-CO,曳引驱动,,,,,,2017-8-1,拱北粤海中路2067号,,,
夏湾华羽民富,1#,苏州江南快速电梯,乘客电梯,31104404002008040118,,,,,P1000G15W-CO,曳引驱动,,,,,,2017-8-1,拱北粤海中路2067号,,,
春天酒店,1#,苏州江南快速电梯,乘客电梯,31104404002008040117,,,,,P1000G15W-CO,曳引驱动,,,,,,2017-8-1,拱北莲花路256号,,,
第二人民医院,1#,上海三菱,乘客电梯,31704404002011050004,,,,,HOPE-ⅡB,曳引驱动,,,,,,2018-3-1,拱北粤华路208号,,,
第二人民医院,4#,上海三菱,乘客电梯,31704404002011050003,,,,,HOPE-ⅡB,曳引驱动,,,,,,2018-3-1,拱北粤华路208号,,,
第二人民医院,3#,上海三菱,乘客电梯,31704404002011050002,,,,,HOPE-B,曳引驱动,,,,,,2018-3-1,拱北粤华路208号,,,
第二人民医院,2#,上海三菱,乘客电梯,31704404002011050001,,,,,HOPE-ⅡB,曳引驱动,,,,,,2018-3-1,拱北粤华路208号,,,
莲花路门诊部,1#,四川快速电梯,乘客电梯,31704404002009100039,,,,,MRGL-B,曳引驱动,,,,,,2018-3-1,拱北莲花路第二人民医院门诊部,,,
第二人民医院,外科楼1#,杭州西子奥,载货电梯,31704404002006120052,,,,,XO-B,曳引驱动,,,,,,2017-9-1,拱北粤华路208号,,,
第二人民医院,外科楼3#,杭州西子奥,乘客电梯,31704404002006120051,,,,,XO-B,曳引驱动,,,,,,2017-9-1,拱北粤华路208号,,,
第二人民医院,外科楼2#,广州南亚,乘客电梯,31704404002006120049,,,,,XO-B,曳引驱动,,,,,,2017-9-1,拱北粤华路208号,,,
第二人民医院,5#,上海三菱,乘客电梯,31104404002011050058,,,,,LEHY-Ⅱ,曳引驱动,,,,,,2018-3-1,拱北粤华路208号,,,
第二人民医院,7#,上海三菱,乘客电梯,31104404002011050057,,,,,LEHY-Ⅱ,曳引驱动,,,,,,2018-3-1,拱北粤华路208号,,,
第二人民医院,6#,上海三菱,乘客电梯,31104404002011050056,,,,,LEHY-Ⅱ,曳引驱动,,,,,,2018-3-1,拱北粤华路208号,,,
第二人民医院,外科楼消防梯,杭州西子奥,乘客电梯,31104404002006120054,,,,,OH5100,曳引驱动,,,,,,2017-9-1,拱北粤华路208号,,,
第二人民医院,外科楼污物梯,杭州西子奥,乘客电梯,31104404002006120050,,,,,OH5100,曳引驱动,,,,,,2017-9-1,拱北粤华路208号,,,
第二人民医院,体检楼,广州南亚,载货电梯,30134404002003060001,,,,,THJ1500/0.5-JXVVVF,曳引驱动,,,,,,2017-9-1,拱北粤华路208号,,,
第二人民医院,门诊楼3#,广州南亚,乘客电梯,30124404002003060003,,,,,TBJ1600/1.0-VVVF,曳引驱动,,,,,,2017-9-1,拱北粤华路208号,,,
第二人民医院,门诊楼2#,广州南亚,乘客电梯,30124404002003060002,,,,,TBJ1600/1.0-VVVF,曳引驱动,,,,,,2017-9-1,拱北粤华路208号,,,
第二人民医院,门诊楼1#,广州南亚,乘客电梯,30124404002003060001,,,,,TBJ1600/1.0-VVVF,曳引驱动,,,,,,2017-9-1,拱北粤华路208号,,,
中远关西涂料,2#,上海房屋设备,载货电梯,32504404002008120046,,,,,TTja3000/0.5-JXW(VF),曳引驱动,,,,,,2017-7-1,高栏港精细化工区,,,
中远关西涂料,1#,上海房屋设备,载货电梯,32504404002007050028,,,,,TTja3000/0.5-JXW(VF),曳引驱动,,,,,,2017-7-1,高栏港精细化工区,,,
越亚封装,1#,台州富士,乘客电梯,31104404002012110047,,,,,TKJ800/1.0-JXW(VVVF),曳引驱动,,,,,,2018-3-1,乾务镇富山工业园,,,
恒美花园,2#,江南嘉捷,乘客电梯,31104404002012070076,,,,,P1600W17S-CO,曳引驱动,,,,,,2018-5-4,斗门区恒美花园1#商业综合楼,,,
妇幼,1#,江南嘉捷,乘客电梯,31104404002012070077,,,,,P1600W17S-CO,曳引驱动,,,,,,2018-5-4,斗门区恒美花园1#商业综合楼,,,
盛客购物广场,3#,苏州东奥,乘客电梯,31304404002013120001,,,,,DWK30,曳引驱动,,,,,,2018-6-19,新青科技工业园,,,
实验学校,1#,东莞市富士电梯,载货电梯,31104404002008060097,,,,,TKJ1000/1.0-JXW,曳引驱动,,,,,,2017-6-1,井岸镇港霞路551号,,,
容川饲料,1#,广州海力格,载货电梯,32104404002010080004,,,,,THJ2000/0.5-JX,曳引驱动,,,,,,2017-8-1,斗门小濠冲风门坳,,,
正川塑胶,1#,康力电梯股份,载货电梯,32104404002011100006,,,,,KLH/VP-1600/0.5,曳引驱动,,,,,,2017-9-1,金湾区红旗镇虹辉路口,,,
正川塑胶,2#,康力电梯股份,载货电梯,32104404002011100005,,,,,KLH/VP-1600/0.5,曳引驱动,,,,,,2017-9-1,金湾区红旗镇虹辉路口,,,
亿邦制药,1#,苏州东奥电梯,载货电梯,32104404002012060011,,,,,THP,曳引驱动,,,,,,2018-1-16,珠海市金湾区金海岸大道东9号,,,
春泽嘉苑,5#,上海三菱,乘客电梯,31104404002010090012,,,,,LEHY-II,曳引驱动,,,,,,2018-3-1,夏湾粤华路480号,,,
春泽嘉苑,4#,上海三菱,乘客电梯,31104404002010090011,,,,,LEHY-II,曳引驱动,,,,,,2018-3-1,夏湾粤华路480号,,,
春泽嘉苑,2#,上海三菱,乘客电梯,31104404002010090010,,,,,LEHY-II,曳引驱动,,,,,,2018-3-1,夏湾粤华路480号,,,
春泽嘉苑,3#,上海三菱,乘客电梯,31104404002010090009,,,,,LEHY-II,曳引驱动,,,,,,2018-3-1,夏湾粤华路480号,,,
春泽嘉苑,1#,上海三菱,乘客电梯,31104404002010090008,,,,,LEHY-II,曳引驱动,,,,,,2018-3-1,夏湾粤华路480号,,,
蓝钻100,1#,广州日立,乘客电梯,31104404002006110167,,,,,XPH-1350-C090,曳引驱动,,,,,,2018-3-1,前山鞍山路2号蓝钻100,,,
荣延锦苑,1#,广州伊士顿,乘客电梯,31104404002006050118,,,,,AEP（W）2300.800.160,曳引驱动,,,,,,2017-9-25,前山岱山路189号荣延锦苑,,,
荣延锦苑,2#,广州伊士顿,乘客电梯,31104404002006050117,,,,,AEP（W）2300.800.160,曳引驱动,,,,,,2017-9-25,前山岱山路189号荣延锦苑,,,
横琴银鑫花园,4栋2#,上海三菱,乘客电梯,30104404002003070039,,,,,GPS-CR,曳引驱动,,,,,,2018-5-16,横琴天河街银鑫花园,,,
横琴银鑫花园,4栋1#,上海三菱,乘客电梯,30104404002003070038,,,,,GPS-CR,曳引驱动,,,,,,2018-5-16,横琴天河街银鑫花园,,,
横琴银鑫花园,3栋1单元,上海三菱,乘客电梯,30104404002003070037,,,,,GPS-CR,曳引驱动,,,,,,2018-5-16,横琴天河街银鑫花园,,,
横琴银鑫花园,1#,上海三菱,乘客电梯,30104404002003070036,,,,,GPS-CR,曳引驱动,,,,,,2018-5-16,横琴天河街银鑫花园,,,
利嘉阁,4栋16#,四川快速电梯有限公司,乘客电梯,31104404002012040031,,,,,MRGL-P,曳引驱动,,,,,,2018-3-1,香洲人民西路鸿鹄路133号,,,
利嘉阁,4栋15#,四川快速电梯有限公司,乘客电梯,31104404002012040030,,,,,MRGL-P,曳引驱动,,,,,,2018-3-1,香洲人民西路鸿鹄路133号,,,
利嘉阁,4栋14#,四川快速电梯有限公司,乘客电梯,31104404002012040029,,,,,MRGL-P,曳引驱动,,,,,,2018-3-1,香洲人民西路鸿鹄路133号,,,
利嘉阁,4栋13#,四川快速电梯有限公司,乘客电梯,31104404002012040028,,,,,MRGL-P,曳引驱动,,,,,,2018-3-1,香洲人民西路鸿鹄路133号,,,
利嘉阁,3栋12#,四川快速电梯有限公司,乘客电梯,31104404002012040027,,,,,MRGL-P,曳引驱动,,,,,,2018-3-1,香洲人民西路鸿鹄路133号,,,
利嘉阁,3栋11#,四川快速电梯有限公司,乘客电梯,31104404002012040026,,,,,MRGL-P,曳引驱动,,,,,,2018-3-1,香洲人民西路鸿鹄路133号,,,
利嘉阁,3栋10#,四川快速电梯有限公司,乘客电梯,31104404002012040025,,,,,MRGL-P,曳引驱动,,,,,,2018-3-1,香洲人民西路鸿鹄路133号,,,
利嘉阁,3栋9#,四川快速电梯有限公司,乘客电梯,31104404002012040024,,,,,MRGL-P,曳引驱动,,,,,,2018-3-1,香洲人民西路鸿鹄路133号,,,
利嘉阁,2栋8#,四川快速电梯有限公司,乘客电梯,31104404002012040023,,,,,MRGL-P,曳引驱动,,,,,,2018-3-1,香洲人民西路鸿鹄路133号,,,
利嘉阁,2栋7#,四川快速电梯有限公司,乘客电梯,31104404002012040022,,,,,MRGL-P,曳引驱动,,,,,,2018-3-1,香洲人民西路鸿鹄路133号,,,
利嘉阁,2栋6#,四川快速电梯有限公司,乘客电梯,31104404002012040021,,,,,MRGL-P,曳引驱动,,,,,,2018-3-1,香洲人民西路鸿鹄路133号,,,
利嘉阁,2栋5#,四川快速电梯有限公司,乘客电梯,31104404002012040020,,,,,MRGL-P,曳引驱动,,,,,,2018-3-1,香洲人民西路鸿鹄路133号,,,
利嘉阁,1栋4#,四川快速电梯有限公司,乘客电梯,31104404002012040019,,,,,MRGL-P,曳引驱动,,,,,,2018-3-1,香洲人民西路鸿鹄路133号,,,
利嘉阁,1栋3#,四川快速电梯有限公司,乘客电梯,31104404002012040018,,,,,MRGL-P,曳引驱动,,,,,,2018-3-1,香洲人民西路鸿鹄路133号,,,
利嘉阁,1栋2#,四川快速电梯有限公司,乘客电梯,31104404002012040017,,,,,MRGL-P,曳引驱动,,,,,,2018-3-1,香洲人民西路鸿鹄路133号,,,
利嘉阁,1栋1#,四川快速电梯有限公司,乘客电梯,31104404002012040016,,,,,MRGL-P,曳引驱动,,,,,,2018-3-1,香洲人民西路鸿鹄路133号,,,
卡通基地,5#,佛山高菱机械,载货电梯,30134404002005050028,,,,,THJ2000/0.5-JXVF,曳引驱动,,,,,,2018-2-1,南屏科技园屏东二路1号,,,
卡通基地,7#,佛山高菱机械,载货电梯,30134404002004040014,,,,,THJ1000/0.5-JXWF-3(4),曳引驱动,,,,,,2018-2-1,南屏科技园屏东二路1号,,,
卡通基地,3#,佛山高菱机械,载货电梯,30134404002004040013,,,,,THJ2000/0.5-JXVF,曳引驱动,,,,,,2018-2-1,南屏科技园屏东二路1号,,,
卡通基地,4#,上海房屋设备特种电梯,载货电梯,30134404002002100001,,,,,THJ5000/0.25-JXW,曳引驱动,,,,,,2018-2-1,南屏科技园屏东二路1号,,,
卡通基地,8#,佛山高菱机械,载货电梯,30134404002002060004,,,,,THJ2000/0.5-JXVF,曳引驱动,,,,,,2018-2-1,南屏科技园屏东二路1号,,,
卡通基地,6#,佛山高菱机械,乘客电梯,30104404002003010006,,,,,TKJ800/1.0-JXWMF,曳引驱动,,,,,,2018-2-1,南屏科技园屏东二路1号,,,
凌达压缩机,A2#,东莞市三洋电梯,载货电梯,32104404002006110164,,,,,THJ2000/0.5-JX.PC,曳引驱动,,,,,,2018-6-26,珠海市斗门龙山工业区,,,
凌达压缩机,B3#,东莞市三洋电梯,载货电梯,32104404002008060090,,,,,0,曳引驱动,,,,,,2018-6-26,珠海市斗门龙山工业区,,,
凌达压缩机,B2#,东莞市三洋电梯,载货电梯,32104404002008060091,,,,,0,曳引驱动,,,,,,2018-6-26,珠海市斗门龙山工业区,,,
凌达压缩机,B1#,东莞市三洋电梯,载货电梯,32104404002008060092,,,,,0,曳引驱动,,,,,,2018-6-26,珠海市斗门龙山工业区,,,
凌达压缩机,B4#,东莞市三洋电梯,载货电梯,32104404002008060093,,,,,0,曳引驱动,,,,,,2018-6-26,珠海市斗门龙山工业区,,,
凌达压缩机,B5#,东莞市三洋电梯,载货电梯,32104404002008060094,,,,,0,曳引驱动,,,,,,2018-6-26,珠海市斗门龙山工业区,,,
凌达压缩机,B6#,东莞市三洋电梯,载货电梯,32104404002008060095,,,,,0,曳引驱动,,,,,,2018-6-26,珠海市斗门龙山工业区,,,
凌达压缩机,生活区宿舍,日立电梯(中国）,乘客电梯,31104404002009040014,,,,,GVF-Ⅱ800-CO90,曳引驱动,,,,,,2018-6-26,珠海市斗门龙山工业区,,,
凌达压缩机,1#,日立电梯(中国）,乘客电梯,31104404002010040011,,,,,HGP-1050-CO90,曳引驱动,,,,,,2018-6-26,珠海市斗门龙山工业区,,,
凌达压缩机,2#,日立电梯(中国）,乘客电梯,31104404002010040012,,,,,HGP-1050-CO90,曳引驱动,,,,,,2018-6-26,珠海市斗门龙山工业区,,,
凌达压缩机,6#,日立电梯(中国）,乘客电梯,31104404002012080025,,,,,HGP-1150-C0105,曳引驱动,,,,,,2018-6-26,珠海市斗门龙山工业区,,,
凌达压缩机,7#,日立电梯(中国）,乘客电梯,31104404002012080026,,,,,HGP-1150-C0105,曳引驱动,,,,,,2018-6-26,珠海市斗门龙山工业区,,,
凌达压缩机,8#,日立电梯(中国）,乘客电梯,31104404002012080027,,,,,HGP-1150-C0105,曳引驱动,,,,,,2018-6-26,珠海市斗门龙山工业区,,,
凌达压缩机,3#,日立电梯(中国）,乘客电梯,31104404002012080028,,,,,HGP-1150-C0105,曳引驱动,,,,,,2018-6-26,珠海市斗门龙山工业区,,,
凌达压缩机,4#,日立电梯(中国）,乘客电梯,31104404002012080029,,,,,HGP-1150-C0105,曳引驱动,,,,,,2018-6-26,珠海市斗门龙山工业区,,,
凌达压缩机,1#,日立电梯(中国）,乘客电梯,31104404002012080030,,,,,HGP-1150-C0105,曳引驱动,,,,,,2018-6-26,珠海市斗门龙山工业区,,,
凌达压缩机,5#,日立电梯(中国）,乘客电梯,31104404002012080031,,,,,HGP-1150-C0105,曳引驱动,,,,,,2018-6-26,珠海市斗门龙山工业区,,,
凌达压缩机,2#,日立电梯(中国）,乘客电梯,31104404002012080032,,,,,HGP-1150-C0105,曳引驱动,,,,,,2018-6-26,珠海市斗门龙山工业区,,,
凌达压缩机,3号梯,上海三菱,乘客电梯,32104404002011120013,,,,,HOPE-IIG,曳引驱动,,,,,,2018-6-26,珠海市斗门龙山工业区,,,
凌达压缩机,A1#饭堂,东莞三洋,载货电梯,32104404002006110165,,,,,THJ1000/0.5-JX.PC,曳引驱动,,,,,,2018-6-26,珠海市斗门龙山工业区,,,
凌达压缩机,2号梯,上海三菱,载货电梯,32104404002011120012,,,,,HOPE-IIG,曳引驱动,,,,,,2018-6-26,珠海市斗门龙山工业区,,,
凌达压缩机,4号梯,上海三菱,载货电梯,32104404002011120014,,,,,HOPE-IIG,曳引驱动,,,,,,2018-6-26,珠海市斗门龙山工业区,,,
凌达压缩机,1号梯,上海三菱,载货电梯,32104404002011120015,,,,,HOPE-IIG,曳引驱动,,,,,,2018-6-26,珠海市斗门龙山工业区,,,
方正科技,1#,佛山市三水三洋电梯有限公司,乘客电梯,31104404002008050011,,,,,FOVF,曳引驱动,,,,,,2017-5-1,斗门富山工业区,,,
方正科技,3#,日立电梯,乘客电梯,31504404002012080001,,,,,HGP-0825-C060,曳引驱动,,,,,,2018-5-8,斗门富山工业区,,,
方正科技,动力仓库西梯,西子奥的斯,载货电梯,32104404002008040011,,,,,OH5100,曳引驱动,,,,,,2018-1-1,斗门富山工业区,,,
方正科技,厂房西梯,西子奥的斯,载货电梯,32104404002008040012,,,,,FOVF,曳引驱动,,,,,,2018-1-1,斗门富山工业区,,,
方正科技,动力仓库东梯,西子奥的斯,载货电梯,32104404002008040013,,,,,FOVF,曳引驱动,,,,,,2018-1-1,斗门富山工业区,,,
方正科技,厂房东2#,西子奥的斯,载货电梯,32104404002008040014,,,,,FOVF,曳引驱动,,,,,,2018-1-1,斗门富山工业区,,,
方正科技,厂房东1#,西子奥的斯,载货电梯,32104404002008040015,,,,,FOVF,曳引驱动,,,,,,2018-1-1,斗门富山工业区,,,
方正科技,研发楼西梯,西子奥的斯,乘客电梯,31104404002008040016,,,,,OH5100,曳引驱动,,,,,,2018-1-1,斗门富山工业区,,,
方正科技,研发楼东梯,西子奥的斯,乘客电梯,31104404002008040017,,,,,OH5100,曳引驱动,,,,,,2018-1-1,斗门富山工业区,,,
方正科技,1#,日立电梯,载货电梯,32104404002012080002,,,,,NF-3000-2S30,曳引驱动,,,,,,2018-5-8,斗门富山工业区,,,
方正科技,2#,日立电梯,载货电梯,32104404002012080003,,,,,NF-3000-2S30,曳引驱动,,,,,,2018-5-8,斗门富山工业区,,,
方正科技,1,日立电梯,载货电梯,32104404002012090013,,,,,NF-3000-2S30,曳引驱动,,,,,,2018-5-8,斗门富山工业区,,,
蔚蓝东岸,3栋2#,东芝电梯,乘客电梯,31104404002007120163,,,,,ELCOSMO-V,曳引驱动,,,,,,2017-12-1,前山轻轨站,,,
蔚蓝东岸,2栋2#,东芝电梯,乘客电梯,31104404002007120162,,,,,ELCOSMO-V,曳引驱动,,,,,,2017-12-1,前山轻轨站,,,
蔚蓝东岸,1栋1#,东芝电梯,乘客电梯,31104404002007120161,,,,,ELCOSMO-V,曳引驱动,,,,,,2017-12-1,前山轻轨站,,,
蔚蓝东岸,3栋1#,东芝电梯,乘客电梯,31104404002007120160,,,,,ELCOSMO-V,曳引驱动,,,,,,2017-12-1,前山轻轨站,,,
蔚蓝东岸,2栋1#,东芝电梯,乘客电梯,31104404002007120159,,,,,ELCOSMO-V,曳引驱动,,,,,,2017-12-1,前山轻轨站,,,
蔚蓝东岸,1栋2#,东芝电梯,乘客电梯,31104404002007120158,,,,,ELCOSMO-V,曳引驱动,,,,,,2017-12-1,前山轻轨站,,,
蔚蓝东岸,4栋5单元2#,日立电梯,乘客电梯,31104404002009120025,,,,,HGP,曳引驱动,,,,,,2018-1-1,前山轻轨站,,,
蔚蓝东岸,4栋5单元1#,日立电梯,乘客电梯,31104404002009120024,,,,,HGP,曳引驱动,,,,,,2018-1-1,前山轻轨站,,,
蔚蓝东岸,4栋4单元2#,日立电梯,乘客电梯,31104404002009120023,,,,,HGP,曳引驱动,,,,,,2018-1-1,前山轻轨站,,,
蔚蓝东岸,4栋1单元,日立电梯,乘客电梯,31104404002009120022,,,,,HGP,曳引驱动,,,,,,2018-1-1,前山轻轨站,,,
蔚蓝东岸,4栋4单元1#,日立电梯,乘客电梯,31104404002009120021,,,,,HGP,曳引驱动,,,,,,2018-1-1,前山轻轨站,,,
蔚蓝东岸,4栋2单元1#,日立电梯,乘客电梯,31104404002009120020,,,,,HGP,曳引驱动,,,,,,2018-1-1,前山轻轨站,,,
蔚蓝东岸,4栋2单元2#,日立电梯,乘客电梯,31104404002009120019,,,,,HGP,曳引驱动,,,,,,2018-1-1,前山轻轨站,,,
蔚蓝东岸,4栋3单元1#,日立电梯,乘客电梯,31104404002009120018,,,,,HGP,曳引驱动,,,,,,2018-1-1,前山轻轨站,,,
蔚蓝东岸,4栋3单元2#,日立电梯,乘客电梯,31104404002009120017,,,,,HGP,曳引驱动,,,,,,2018-1-1,前山轻轨站,,,
